Always equal to ACS Summary File identification,State Postal Abbreviation,Summary Level,Geographic Component,State (FIPS Code),County of current residence,Census Tract,Block Group,Geographic Identifier,Area Name,Tribal Tract,Tribal Block Group,FIPS,Area (Land),Area (Water),Place (State FIPS + Place FIPS),Qualified Area Name,Median Value,Median Household Income (In 2022 Inflation Adjusted Dollars),Total Population,Housing Units,Area Total:,Area Total: Area (Land),Area Total: Area (Water),Median Gross Rent,Occupied Housing Units,Occupied Housing Units: Built 2020 or Later,Occupied Housing Units: Built 2010 to 2019,Occupied Housing Units: Built 2000 to 2009,Occupied Housing Units: Built 1990 to 1999,Occupied Housing Units: Built 1980 to 1989,Occupied Housing Units: Built 1970 to 1979,Occupied Housing Units: Built 1960 to 1969,Occupied Housing Units: Built 1950 to 1959,Occupied Housing Units: Built 1940 to 1949,Occupied Housing Units: Built 1939 or Earlier,Median Year Structure Built,Occupied Housing Units:,Occupied Housing Units: Owner Occupied,Occupied Housing Units: Renter Occupied,Vacant Housing Units:,Vacant Housing Units: For Rent,Vacant Housing Units: For Sale Only,Vacant Housing Units: Other Vacant
Geo_FILEID,Geo_STUSAB,Geo_SUMLEV,Geo_GEOCOMP,Geo_STATE,Geo_COUNTY,Geo_TRACT,Geo_BLKGRP,Geo_GEO_ID,Geo_NAME,Geo_BTTR,Geo_BTBG,Geo__geoid_,Geo_AREALAND,Geo_AREAWATER,Geo_PLACESE,Geo_qname,SE_A10036_001,SE_A14006_001,SE_A00001_001,SE_A10001_001,SE_A00003_001,SE_A00003_002,SE_A00003_003,SE_A18009_001,SE_A10055_001,SE_A10055_002,SE_A10055_003,SE_A10055_004,SE_A10055_005,SE_A10055_006,SE_A10055_007,SE_A10055_008,SE_A10055_009,SE_A10055_010,SE_A10055_011,SE_A10057_001,SE_A10060_001,SE_A10060_002,SE_A10060_003,SE_A10047_001,SE_A10047_002,SE_A10047_003,SE_A10047_004
ACSSF,HI,150,0,15,3,107,1,1500000US150030001071,"Block Group 1, Census Tract 1.07, Honolulu County, Hawaii",,,1.50E+11,2306747,0,15,"Block Group 1, Census Tract 1.07, Honolulu County, Hawaii",860300,131850,1624,505,0.89064002,0.89064002,0,2944,505,0,8,15,20,34,380,46,2,0,0,1975,505,413,92,0,0,0,0
ACSSF,HI,150,0,15,3,107,2,1500000US150030001072,"Block Group 2, Census Tract 1.07, Honolulu County, Hawaii",,,1.50E+11,478598,236436,15,"Block Group 2, Census Tract 1.07, Honolulu County, Hawaii",1399100,164539,1181,448,0.276076168,0.184787735,0.091288455,3444,431,0,0,0,8,115,220,82,6,0,0,1976,431,366,65,17,0,0,17
ACSSF,HI,150,0,15,3,108,1,1500000US150030001081,"Block Group 1, Census Tract 1.08, Honolulu County, Hawaii",,,1.50E+11,474000,131188,15,"Block Group 1, Census Tract 1.08, Honolulu County, Hawaii",954800,165609,1086,527,0.233664408,0.183012426,0.050651971,3501,441,0,0,25,160,190,66,0,0,0,0,1988,441,360,81,86,0,27,59
ACSSF,HI,150,0,15,3,108,2,1500000US150030001082,"Block Group 2, Census Tract 1.08, Honolulu County, Hawaii",,,1.50E+11,143378,66676,15,"Block Group 2, Census Tract 1.08, Honolulu County, Hawaii",916200,103688,885,305,0.081102304,0.055358559,0.025743749,3501,305,0,0,0,27,15,83,158,8,14,0,1968,305,223,82,0,0,0,0
ACSSF,HI,150,0,15,3,108,3,1500000US150030001083,"Block Group 3, Census Tract 1.08, Honolulu County, Hawaii",,,1.50E+11,319236,240514,15,"Block Group 3, Census Tract 1.08, Honolulu County, Hawaii",989900,163155,1309,560,0.21612069,0.123257712,0.092862979,3053,510,0,0,0,5,29,180,158,138,0,0,1967,510,395,115,50,0,0,50
ACSSF,HI,150,0,15,3,110,1,1500000US150030001101,"Block Group 1, Census Tract 1.10, Honolulu County, Hawaii",,,1.50E+11,390323,0,15,"Block Group 1, Census Tract 1.10, Honolulu County, Hawaii",1090500,135556,1494,512,0.150704563,0.150704563,0,3371,496,0,0,0,11,53,345,65,22,0,0,1975,496,453,43,16,16,0,0
ACSSF,HI,150,0,15,3,110,2,1500000US150030001102,"Block Group 2, Census Tract 1.10, Honolulu County, Hawaii",,,1.50E+11,2232096,1030241,15,"Block Group 2, Census Tract 1.10, Honolulu County, Hawaii",1403200,155139,949,309,1.259595394,0.861817122,0.397778302,3500,309,0,9,89,2,108,101,0,0,0,0,1985,309,234,75,0,0,0,0
ACSSF,HI,150,0,15,3,110,3,1500000US150030001103,"Block Group 3, Census Tract 1.10, Honolulu County, Hawaii",,,1.50E+11,3140645,0,15,"Block Group 3, Census Tract 1.10, Honolulu County, Hawaii",1042800,119875,1331,439,1.212609887,1.212609887,0,,430,0,0,0,56,169,194,11,0,0,0,1981,430,376,54,9,0,0,9
ACSSF,HI,150,0,15,3,110,4,1500000US150030001104,"Block Group 4, Census Tract 1.10, Honolulu County, Hawaii",,,1.50E+11,890664,0,15,"Block Group 4, Census Tract 1.10, Honolulu County, Hawaii",1298600,166378,516,230,0.343887299,0.343887299,0,,199,0,0,56,20,46,77,0,0,0,0,1982,199,176,23,31,0,0,31
ACSSF,HI,150,0,15,3,114,1,1500000US150030001141,"Block Group 1, Census Tract 1.14, Honolulu County, Hawaii",,,1.50E+11,398940,0,15,"Block Group 1, Census Tract 1.14, Honolulu County, Hawaii",2000001,,550,214,0.154031605,0.154031605,0,99,214,0,23,6,0,0,11,110,48,6,10,1964,214,188,26,0,0,0,0
ACSSF,HI,150,0,15,3,114,2,1500000US150030001142,"Block Group 2, Census Tract 1.14, Honolulu County, Hawaii",,,1.50E+11,827073,705184,15,"Block Group 2, Census Tract 1.14, Honolulu County, Hawaii",2000001,217426,925,411,0.591607749,0.319334686,0.272273064,3501,323,0,3,8,13,5,170,100,8,12,4,1972,323,255,68,88,7,0,81
ACSSF,HI,150,0,15,3,115,1,1500000US150030001151,"Block Group 1, Census Tract 1.15, Honolulu County, Hawaii",,,1.50E+11,2736463,0,15,"Block Group 1, Census Tract 1.15, Honolulu County, Hawaii",826300,102168,1339,816,1.056554317,1.056554317,0,3501,621,0,0,74,152,48,268,79,0,0,0,1988,621,355,266,195,83,0,112
ACSSF,HI,150,0,15,3,115,2,1500000US150030001152,"Block Group 2, Census Tract 1.15, Honolulu County, Hawaii",,,1.50E+11,224402,0,15,"Block Group 2, Census Tract 1.15, Honolulu County, Hawaii",1046900,130375,536,197,0.086642101,0.086642101,0,,197,0,0,0,0,23,0,163,11,0,0,1965,197,197,0,0,0,0,0
ACSSF,HI,150,0,15,3,115,3,1500000US150030001153,"Block Group 3, Census Tract 1.15, Honolulu County, Hawaii",,,1.50E+11,121060,0,15,"Block Group 3, Census Tract 1.15, Honolulu County, Hawaii",646600,211950,375,125,0.04674153,0.04674153,0,,125,0,0,0,0,32,49,44,0,0,0,1974,125,125,0,0,0,0,0
ACSSF,HI,150,0,15,3,116,1,1500000US150030001161,"Block Group 1, Census Tract 1.16, Honolulu County, Hawaii",,,1.50E+11,1207840,0,15,"Block Group 1, Census Tract 1.16, Honolulu County, Hawaii",665300,99464,2405,1161,0.466349661,0.466349661,0,2602,1133,0,6,12,21,94,978,22,0,0,0,1976,1133,840,293,28,15,0,13
ACSSF,HI,150,0,15,3,117,1,1500000US150030001171,"Block Group 1, Census Tract 1.17, Honolulu County, Hawaii",,,1.50E+11,868691,0,15,"Block Group 1, Census Tract 1.17, Honolulu County, Hawaii",947000,118833,1544,722,0.335403472,0.335403472,0,2641,516,0,126,249,19,34,84,0,4,0,0,2006,516,360,156,206,99,0,107
ACSSF,HI,150,0,15,3,118,1,1500000US150030001181,"Block Group 1, Census Tract 1.18, Honolulu County, Hawaii",,,1.50E+11,2742007,0,15,"Block Group 1, Census Tract 1.18, Honolulu County, Hawaii",906300,170000,1875,666,1.058694839,1.058694839,0,2417,666,0,13,135,282,118,113,5,0,0,0,1993,666,607,59,0,0,0,0
ACSSF,HI,150,0,15,3,119,1,1500000US150030001191,"Block Group 1, Census Tract 1.19, Honolulu County, Hawaii",,,1.50E+11,252880,0,15,"Block Group 1, Census Tract 1.19, Honolulu County, Hawaii",922200,166667,1013,320,0.097637519,0.097637519,0,,320,0,3,0,0,6,199,112,0,0,0,1972,320,293,27,0,0,0,0
ACSSF,HI,150,0,15,3,119,2,1500000US150030001192,"Block Group 2, Census Tract 1.19, Honolulu County, Hawaii",,,1.50E+11,193694,0,15,"Block Group 2, Census Tract 1.19, Honolulu County, Hawaii",1068500,187636,1190,346,0.074785672,0.074785672,0,,346,0,0,0,110,17,66,153,0,0,0,1973,346,326,20,0,0,0,0
ACSSF,HI,150,0,15,3,119,3,1500000US150030001193,"Block Group 3, Census Tract 1.19, Honolulu County, Hawaii",,,1.50E+11,207323,78646,15,"Block Group 3, Census Tract 1.19, Honolulu County, Hawaii",1135400,200457,489,165,0.110413253,0.080047861,0.030365393,,165,0,0,6,0,24,95,26,14,0,0,1974,165,152,13,0,0,0,0
ACSSF,HI,150,0,15,3,120,1,1500000US150030001201,"Block Group 1, Census Tract 1.20, Honolulu County, Hawaii",,,1.50E+11,196818,0,15,"Block Group 1, Census Tract 1.20, Honolulu County, Hawaii",1117600,163571,739,278,0.075991862,0.075991862,0,3277,278,0,0,0,0,31,193,54,0,0,0,1974,278,192,86,0,0,0,0
ACSSF,HI,150,0,15,3,120,2,1500000US150030001202,"Block Group 2, Census Tract 1.20, Honolulu County, Hawaii",,,1.50E+11,549870,0,15,"Block Group 2, Census Tract 1.20, Honolulu County, Hawaii",1787800,189583,683,209,0.212306008,0.212306008,0,,173,0,0,9,81,83,0,0,0,0,0,1993,173,169,4,36,0,0,36
ACSSF,HI,150,0,15,3,120,3,1500000US150030001203,"Block Group 3, Census Tract 1.20, Honolulu County, Hawaii",,,1.50E+11,1473494,0,15,"Block Group 3, Census Tract 1.20, Honolulu County, Hawaii",1093800,148646,939,377,0.568919241,0.568919241,0,3375,339,0,0,3,62,81,148,43,2,0,0,1978,339,311,28,38,0,0,38
ACSSF,HI,150,0,15,3,121,1,1500000US150030001211,"Block Group 1, Census Tract 1.21, Honolulu County, Hawaii",,,1.50E+11,208980,47872,15,"Block Group 1, Census Tract 1.21, Honolulu County, Hawaii",854500,148571,1788,821,0.099171117,0.080687635,0.018483484,3501,720,0,16,348,35,0,267,54,0,0,0,2001,720,581,139,101,0,0,101
ACSSF,HI,150,0,15,3,121,2,1500000US150030001212,"Block Group 2, Census Tract 1.21, Honolulu County, Hawaii",,,1.50E+11,269891,286472,15,"Block Group 2, Census Tract 1.21, Honolulu County, Hawaii",1281800,146065,600,255,0.214812964,0.104205504,0.11060746,,255,0,19,7,0,0,21,194,14,0,0,1966,255,239,16,0,0,0,0
ACSSF,HI,150,0,15,3,122,1,1500000US150030001221,"Block Group 1, Census Tract 1.22, Honolulu County, Hawaii",,,1.50E+11,293192,0,15,"Block Group 1, Census Tract 1.22, Honolulu County, Hawaii",1129500,202102,1157,403,0.113202065,0.113202065,0,,387,0,0,0,0,0,48,317,0,22,0,1965,387,372,15,16,16,0,0
ACSSF,HI,150,0,15,3,122,2,1500000US150030001222,"Block Group 2, Census Tract 1.22, Honolulu County, Hawaii",,,1.50E+11,221367,0,15,"Block Group 2, Census Tract 1.22, Honolulu County, Hawaii",1018600,120729,934,269,0.085470282,0.085470282,0,,269,0,0,0,0,12,22,202,33,0,0,1965,269,224,45,0,0,0,0
ACSSF,HI,150,0,15,3,122,3,1500000US150030001223,"Block Group 3, Census Tract 1.22, Honolulu County, Hawaii",,,1.50E+11,666519,0,15,"Block Group 3, Census Tract 1.22, Honolulu County, Hawaii",1049000,131700,988,330,0.257344425,0.257344425,0,,330,0,0,0,0,0,133,161,36,0,0,1968,330,330,0,0,0,0,0
ACSSF,HI,150,0,15,3,200,1,1500000US150030002001,"Block Group 1, Census Tract 2, Honolulu County, Hawaii",,,1.50E+11,381393,666763,15,"Block Group 1, Census Tract 2, Honolulu County, Hawaii",1192900,208636,659,355,0.404695302,0.147256672,0.25743863,1473,240,0,10,0,11,42,40,48,34,55,0,1971,240,174,66,115,0,28,87
ACSSF,HI,150,0,15,3,200,2,1500000US150030002002,"Block Group 2, Census Tract 2, Honolulu County, Hawaii",,,1.50E+11,3642939,0,15,"Block Group 2, Census Tract 2, Honolulu County, Hawaii",1315200,180729,1017,280,1.406546712,1.406546712,0,,251,0,52,12,26,44,26,62,29,0,0,1983,251,214,37,29,0,0,29
ACSSF,HI,150,0,15,3,200,3,1500000US150030002003,"Block Group 3, Census Tract 2, Honolulu County, Hawaii",,,1.50E+11,694045,0,15,"Block Group 3, Census Tract 2, Honolulu County, Hawaii",1202600,157734,1687,543,0.267972291,0.267972291,0,,497,0,11,19,10,1,38,263,155,0,0,1963,497,485,12,46,0,0,46
ACSSF,HI,150,0,15,3,200,4,1500000US150030002004,"Block Group 4, Census Tract 2, Honolulu County, Hawaii",,,1.50E+11,3384150,0,15,"Block Group 4, Census Tract 2, Honolulu County, Hawaii",1041700,157865,713,341,1.306627631,1.306627631,0,,279,0,0,38,54,54,41,47,25,11,9,1974,279,269,10,62,0,0,62
ACSSF,HI,150,0,15,3,200,5,1500000US150030002005,"Block Group 5, Census Tract 2, Honolulu County, Hawaii",,,1.50E+11,1715053,0,15,"Block Group 5, Census Tract 2, Honolulu County, Hawaii",983700,131726,1027,355,0.662185669,0.662185669,0,3278,355,0,0,21,0,175,98,36,25,0,0,1981,355,268,87,0,0,0,0
ACSSF,HI,150,0,15,3,200,6,1500000US150030002006,"Block Group 6, Census Tract 2, Honolulu County, Hawaii",,,1.50E+11,222462,0,15,"Block Group 6, Census Tract 2, Honolulu County, Hawaii",1118100,74556,434,200,0.085893065,0.085893065,0,2164,200,9,0,0,10,94,34,22,9,8,14,1981,200,125,75,0,0,0,0
ACSSF,HI,150,0,15,3,301,1,1500000US150030003011,"Block Group 1, Census Tract 3.01, Honolulu County, Hawaii",,,1.50E+11,5481660,0,15,"Block Group 1, Census Tract 3.01, Honolulu County, Hawaii",1138400,183068,1935,697,2.116480827,2.116480827,0,3350,669,0,0,0,4,19,82,190,304,60,10,1958,669,595,74,28,0,0,28
ACSSF,HI,150,0,15,3,301,2,1500000US150030003012,"Block Group 2, Census Tract 3.01, Honolulu County, Hawaii",,,1.50E+11,3087285,0,15,"Block Group 2, Census Tract 3.01, Honolulu County, Hawaii",2000001,188472,1398,734,1.192007422,1.192007422,0,2197,533,0,7,104,172,130,32,29,47,12,0,1990,533,466,67,201,0,46,155
ACSSF,HI,150,0,15,3,302,1,1500000US150030003021,"Block Group 1, Census Tract 3.02, Honolulu County, Hawaii",,,1.50E+11,1003542,0,15,"Block Group 1, Census Tract 3.02, Honolulu County, Hawaii",1118400,147500,1423,555,0.387469739,0.387469739,0,3120,512,0,0,0,12,14,19,93,348,15,11,1957,512,401,111,43,0,10,33
ACSSF,HI,150,0,15,3,302,2,1500000US150030003022,"Block Group 2, Census Tract 3.02, Honolulu County, Hawaii",,,1.50E+11,824965,546862,15,"Block Group 2, Census Tract 3.02, Honolulu County, Hawaii",1518800,162583,1395,461,0.529665411,0.318520784,0.211144611,1875,461,0,30,27,26,8,2,20,210,111,27,1954,461,366,95,0,0,0,0
ACSSF,HI,150,0,15,3,401,1,1500000US150030004011,"Block Group 1, Census Tract 4.01, Honolulu County, Hawaii",,,1.50E+11,536224,0,15,"Block Group 1, Census Tract 4.01, Honolulu County, Hawaii",939500,69167,666,288,0.207037255,0.207037255,0,3501,238,0,7,17,23,8,0,74,109,0,0,1961,238,188,50,50,0,0,50
ACSSF,HI,150,0,15,3,401,2,1500000US150030004012,"Block Group 2, Census Tract 4.01, Honolulu County, Hawaii",,,1.50E+11,5640846,0,15,"Block Group 2, Census Tract 4.01, Honolulu County, Hawaii",1424700,151667,2060,786,2.177942991,2.177942991,0,1667,786,0,9,0,29,40,279,292,130,7,0,1969,786,732,54,0,0,0,0
ACSSF,HI,150,0,15,3,402,1,1500000US150030004021,"Block Group 1, Census Tract 4.02, Honolulu County, Hawaii",,,1.50E+11,307020,0,15,"Block Group 1, Census Tract 4.02, Honolulu County, Hawaii",1734400,250001,829,307,0.118541092,0.118541092,0,,307,0,0,0,9,6,161,122,9,0,0,1971,307,264,43,0,0,0,0
ACSSF,HI,150,0,15,3,402,2,1500000US150030004022,"Block Group 2, Census Tract 4.02, Honolulu County, Hawaii",,,1.50E+11,1513366,0,15,"Block Group 2, Census Tract 4.02, Honolulu County, Hawaii",1820300,167865,2596,827,0.584313929,0.584313929,0,3501,799,0,0,107,169,120,203,181,14,5,0,1981,799,671,128,28,0,0,28
ACSSF,HI,150,0,15,3,402,3,1500000US150030004023,"Block Group 3, Census Tract 4.02, Honolulu County, Hawaii",,,1.50E+11,1186893,0,15,"Block Group 3, Census Tract 4.02, Honolulu County, Hawaii",1223700,183750,487,241,0.458261967,0.458261967,0,,211,0,0,23,2,50,73,45,9,9,0,1976,211,202,9,30,0,30,0
ACSSF,HI,150,0,15,3,500,1,1500000US150030005001,"Block Group 1, Census Tract 5, Honolulu County, Hawaii",,,1.50E+11,483122,74632,15,"Block Group 1, Census Tract 5, Honolulu County, Hawaii",2000001,102778,704,304,0.215350032,0.186534449,0.028815577,,232,0,8,0,38,38,54,8,49,20,17,1972,232,207,25,72,0,0,72
ACSSF,HI,150,0,15,3,500,2,1500000US150030005002,"Block Group 2, Census Tract 5, Honolulu County, Hawaii",,,1.50E+11,298604,0,15,"Block Group 2, Census Tract 5, Honolulu County, Hawaii",2000001,224315,760,279,0.115291655,0.115291655,0,3501,268,0,0,6,4,0,88,70,88,12,0,1966,268,171,97,11,11,0,0
ACSSF,HI,150,0,15,3,500,3,1500000US150030005003,"Block Group 3, Census Tract 5, Honolulu County, Hawaii",,,1.50E+11,545815,330880,15,"Block Group 3, Census Tract 5, Honolulu County, Hawaii",2000001,,613,367,0.338493854,0.210740358,0.127753481,,297,0,11,9,64,10,20,33,113,0,37,1961,297,260,37,70,0,27,43
ACSSF,HI,150,0,15,3,500,4,1500000US150030005004,"Block Group 4, Census Tract 5, Honolulu County, Hawaii",,,1.50E+11,594762,134511,15,"Block Group 4, Census Tract 5, Honolulu County, Hawaii",2000001,170893,708,362,0.281573892,0.229638904,0.051934991,,312,0,10,35,32,80,0,28,116,0,11,1981,312,246,66,50,0,0,50
ACSSF,HI,150,0,15,3,500,5,1500000US150030005005,"Block Group 5, Census Tract 5, Honolulu County, Hawaii",,,1.50E+11,957850,490297,15,"Block Group 5, Census Tract 5, Honolulu County, Hawaii",,115250,721,420,0.559132695,0.369827956,0.189304739,,272,10,0,24,8,10,8,163,18,31,0,1966,272,204,68,148,32,0,116
ACSSF,HI,150,0,15,3,600,1,1500000US150030006001,"Block Group 1, Census Tract 6, Honolulu County, Hawaii",,,1.50E+11,2125987,0,15,"Block Group 1, Census Tract 6, Honolulu County, Hawaii",,,0,23,0.820848227,0.820848227,0,,0,0,0,0,0,0,0,0,0,0,0,,0,0,0,23,0,0,23
ACSSF,HI,150,0,15,3,600,2,1500000US150030006002,"Block Group 2, Census Tract 6, Honolulu County, Hawaii",,,1.50E+11,963864,862832,15,"Block Group 2, Census Tract 6, Honolulu County, Hawaii",2000001,175236,1169,554,0.705291271,0.372149974,0.333141297,,447,0,12,24,10,12,47,76,166,4,96,1959,447,429,18,107,8,23,76
ACSSF,HI,150,0,15,3,700,1,1500000US150030007001,"Block Group 1, Census Tract 7, Honolulu County, Hawaii",,,1.50E+11,383521,0,15,"Block Group 1, Census Tract 7, Honolulu County, Hawaii",1173300,,860,297,0.148078293,0.148078293,0,3501,297,0,0,41,7,0,21,56,172,0,0,1959,297,221,76,0,0,0,0
ACSSF,HI,150,0,15,3,700,2,1500000US150030007002,"Block Group 2, Census Tract 7, Honolulu County, Hawaii",,,1.50E+11,216806,0,15,"Block Group 2, Census Tract 7, Honolulu County, Hawaii",1195100,112159,545,200,0.08370927,0.08370927,0,3060,200,0,12,24,7,0,7,0,93,34,23,1955,200,150,50,0,0,0,0
ACSSF,HI,150,0,15,3,700,3,1500000US150030007003,"Block Group 3, Census Tract 7, Honolulu County, Hawaii",,,1.50E+11,222467,0,15,"Block Group 3, Census Tract 7, Honolulu County, Hawaii",1008500,101250,917,299,0.085894994,0.085894994,0,2355,276,0,26,5,10,125,0,9,44,35,22,1983,276,193,83,23,0,0,23
ACSSF,HI,150,0,15,3,700,4,1500000US150030007004,"Block Group 4, Census Tract 7, Honolulu County, Hawaii",,,1.50E+11,151269,0,15,"Block Group 4, Census Tract 7, Honolulu County, Hawaii",1517900,127708,975,299,0.058405291,0.058405291,0,1750,287,28,8,6,0,61,0,22,140,10,12,1959,287,208,79,12,12,0,0
ACSSF,HI,150,0,15,3,800,1,1500000US150030008001,"Block Group 1, Census Tract 8, Honolulu County, Hawaii",,,1.50E+11,291191,0,15,"Block Group 1, Census Tract 8, Honolulu County, Hawaii",1205200,79500,1425,565,0.112429477,0.112429477,0,1603,524,0,0,35,26,92,19,59,58,128,107,1951,524,269,255,41,0,0,41
ACSSF,HI,150,0,15,3,800,2,1500000US150030008002,"Block Group 2, Census Tract 8, Honolulu County, Hawaii",,,1.50E+11,310691,0,15,"Block Group 2, Census Tract 8, Honolulu County, Hawaii",1180900,127813,1096,431,0.119958468,0.119958468,0,2938,405,0,21,10,6,20,57,48,54,76,113,1950,405,301,104,26,0,0,26
ACSSF,HI,150,0,15,3,800,3,1500000US150030008003,"Block Group 3, Census Tract 8, Honolulu County, Hawaii",,,1.50E+11,516985,0,15,"Block Group 3, Census Tract 8, Honolulu County, Hawaii",1178800,124125,1358,385,0.199609026,0.199609026,0,1424,385,0,15,8,32,102,105,0,50,9,64,1977,385,237,148,0,0,0,0
ACSSF,HI,150,0,15,3,901,1,1500000US150030009011,"Block Group 1, Census Tract 9.01, Honolulu County, Hawaii",,,1.50E+11,662272,0,15,"Block Group 1, Census Tract 9.01, Honolulu County, Hawaii",1158500,117969,933,446,0.255704671,0.255704671,0,2648,373,0,0,0,0,12,72,274,15,0,0,1966,373,267,106,73,0,0,73
ACSSF,HI,150,0,15,3,901,2,1500000US150030009012,"Block Group 2, Census Tract 9.01, Honolulu County, Hawaii",,,1.50E+11,175861,0,15,"Block Group 2, Census Tract 9.01, Honolulu County, Hawaii",645600,105224,1426,804,0.067900315,0.067900315,0,2396,631,0,0,176,16,27,115,269,28,0,0,1972,631,333,298,173,0,0,173
ACSSF,HI,150,0,15,3,903,1,1500000US150030009031,"Block Group 1, Census Tract 9.03, Honolulu County, Hawaii",,,1.50E+11,255525,0,15,"Block Group 1, Census Tract 9.03, Honolulu County, Hawaii",1218800,107366,1093,413,0.098658755,0.098658755,0,1669,403,0,17,2,72,10,53,51,74,43,81,1960,403,260,143,10,0,0,10
ACSSF,HI,150,0,15,3,903,2,1500000US150030009032,"Block Group 2, Census Tract 9.03, Honolulu County, Hawaii",,,1.50E+11,360224,0,15,"Block Group 2, Census Tract 9.03, Honolulu County, Hawaii",1202200,159141,1526,599,0.139083266,0.139083266,0,3063,509,0,0,51,11,43,40,108,104,24,128,1957,509,346,163,90,10,0,80
ACSSF,HI,150,0,15,3,904,1,1500000US150030009041,"Block Group 1, Census Tract 9.04, Honolulu County, Hawaii",,,1.50E+11,648298,0,15,"Block Group 1, Census Tract 9.04, Honolulu County, Hawaii",1433000,165102,2446,801,0.250309259,0.250309259,0,2293,697,0,21,20,28,32,54,40,317,76,109,1954,697,567,130,104,18,0,86
ACSSF,HI,150,0,15,3,905,1,1500000US150030009051,"Block Group 1, Census Tract 9.05, Honolulu County, Hawaii",,,1.50E+11,483896,0,15,"Block Group 1, Census Tract 9.05, Honolulu County, Hawaii",1572200,221128,1335,421,0.186833292,0.186833292,0,1942,421,0,18,35,19,8,7,15,8,212,99,1945,421,364,57,0,0,0,0
ACSSF,HI,150,0,15,3,905,2,1500000US150030009052,"Block Group 2, Census Tract 9.05, Honolulu County, Hawaii",,,1.50E+11,360403,0,15,"Block Group 2, Census Tract 9.05, Honolulu County, Hawaii",1400500,135750,1106,369,0.139152378,0.139152378,0,2633,369,0,6,24,25,57,22,31,68,114,22,1957,369,308,61,0,0,0,0
ACSSF,HI,150,0,15,3,1000,1,1500000US150030010001,"Block Group 1, Census Tract 10, Honolulu County, Hawaii",,,1.50E+11,7495318,0,15,"Block Group 1, Census Tract 10, Honolulu County, Hawaii",937900,64313,1473,427,2.893958569,2.893958569,0,2172,427,0,86,15,22,15,9,62,159,59,0,1960,427,279,148,0,0,0,0
ACSSF,HI,150,0,15,3,1000,2,1500000US150030010002,"Block Group 2, Census Tract 10, Honolulu County, Hawaii",,,1.50E+11,914297,0,15,"Block Group 2, Census Tract 10, Honolulu County, Hawaii",827000,103083,1396,713,0.353012055,0.353012055,0,,654,0,20,27,37,18,46,224,116,159,7,1961,654,580,74,59,0,0,59
ACSSF,HI,150,0,15,3,1101,1,1500000US150030011011,"Block Group 1, Census Tract 11.01, Honolulu County, Hawaii",,,1.50E+11,160304,0,15,"Block Group 1, Census Tract 11.01, Honolulu County, Hawaii",907800,149655,639,238,0.061893724,0.061893724,0,2302,238,0,0,29,5,0,8,83,67,46,0,1961,238,169,69,0,0,0,0
ACSSF,HI,150,0,15,3,1101,2,1500000US150030011012,"Block Group 2, Census Tract 11.01, Honolulu County, Hawaii",,,1.50E+11,158705,0,15,"Block Group 2, Census Tract 11.01, Honolulu County, Hawaii",921100,41786,1168,329,0.061276346,0.061276346,0,1103,312,0,17,0,28,5,63,155,26,0,18,1968,312,36,276,17,14,0,3
ACSSF,HI,150,0,15,3,1102,1,1500000US150030011021,"Block Group 1, Census Tract 11.02, Honolulu County, Hawaii",,,1.50E+11,274628,0,15,"Block Group 1, Census Tract 11.02, Honolulu County, Hawaii",829200,,879,333,0.106034465,0.106034465,0,,333,0,0,7,12,0,62,56,170,26,0,1958,333,231,102,0,0,0,0
ACSSF,HI,150,0,15,3,1102,2,1500000US150030011022,"Block Group 2, Census Tract 11.02, Honolulu County, Hawaii",,,1.50E+11,233406,0,15,"Block Group 2, Census Tract 11.02, Honolulu County, Hawaii",929400,97554,1136,343,0.090118565,0.090118565,0,896,343,0,30,23,8,8,12,72,111,79,0,1958,343,176,167,0,0,0,0
ACSSF,HI,150,0,15,3,1201,1,1500000US150030012011,"Block Group 1, Census Tract 12.01, Honolulu County, Hawaii",,,1.50E+11,214272,0,15,"Block Group 1, Census Tract 12.01, Honolulu County, Hawaii",1094600,100208,1379,526,0.082730882,0.082730882,0,1691,489,0,0,17,63,0,131,194,28,0,56,1967,489,134,355,37,0,0,37
ACSSF,HI,150,0,15,3,1201,2,1500000US150030012012,"Block Group 2, Census Tract 12.01, Honolulu County, Hawaii",,,1.50E+11,318998,0,15,"Block Group 2, Census Tract 12.01, Honolulu County, Hawaii",1097700,125579,1818,577,0.123165824,0.123165824,0,1978,567,0,25,54,21,17,111,108,58,83,90,1965,567,308,259,10,0,0,10
ACSSF,HI,150,0,15,3,1202,1,1500000US150030012021,"Block Group 1, Census Tract 12.02, Honolulu County, Hawaii",,,1.50E+11,346472,0,15,"Block Group 1, Census Tract 12.02, Honolulu County, Hawaii",997100,124474,2058,758,0.133773595,0.133773595,0,2033,650,26,11,35,9,28,122,127,118,156,18,1961,650,423,227,108,0,34,74
ACSSF,HI,150,0,15,3,1202,2,1500000US150030012022,"Block Group 2, Census Tract 12.02, Honolulu County, Hawaii",,,1.50E+11,174255,0,15,"Block Group 2, Census Tract 12.02, Honolulu County, Hawaii",788600,105139,1099,299,0.067280233,0.067280233,0,1467,299,0,9,58,7,13,28,13,82,58,31,1957,299,213,86,0,0,0,0
ACSSF,HI,150,0,15,3,1300,1,1500000US150030013001,"Block Group 1, Census Tract 13, Honolulu County, Hawaii",,,1.50E+11,156299,0,15,"Block Group 1, Census Tract 13, Honolulu County, Hawaii",1007400,104138,970,332,0.060347386,0.060347386,0,1650,324,0,0,0,8,24,100,46,53,38,55,1964,324,212,112,8,0,0,8
ACSSF,HI,150,0,15,3,1300,2,1500000US150030013002,"Block Group 2, Census Tract 13, Honolulu County, Hawaii",,,1.50E+11,269600,0,15,"Block Group 2, Census Tract 13, Honolulu County, Hawaii",1205600,81528,1535,574,0.104093149,0.104093149,0,2417,460,0,0,37,7,0,77,33,91,136,79,1952,460,213,247,114,0,0,114
ACSSF,HI,150,0,15,3,1300,3,1500000US150030013003,"Block Group 3, Census Tract 13, Honolulu County, Hawaii",,,1.50E+11,216149,0,15,"Block Group 3, Census Tract 13, Honolulu County, Hawaii",937500,127833,898,375,0.0834556,0.0834556,0,1656,272,0,25,0,0,17,43,48,8,35,96,1955,272,132,140,103,0,0,103
ACSSF,HI,150,0,15,3,1300,4,1500000US150030013004,"Block Group 4, Census Tract 13, Honolulu County, Hawaii",,,1.50E+11,286033,0,15,"Block Group 4, Census Tract 13, Honolulu County, Hawaii",475700,,822,383,0.110437967,0.110437967,0,1194,310,28,0,21,36,14,26,66,24,79,16,1966,310,150,160,73,21,0,52
ACSSF,HI,150,0,15,3,1400,1,1500000US150030014001,"Block Group 1, Census Tract 14, Honolulu County, Hawaii",,,1.50E+11,190953,0,15,"Block Group 1, Census Tract 14, Honolulu County, Hawaii",1146600,167857,862,320,0.073727369,0.073727369,0,2600,320,0,16,8,6,29,113,40,49,48,11,1971,320,286,34,0,0,0,0
ACSSF,HI,150,0,15,3,1400,2,1500000US150030014002,"Block Group 2, Census Tract 14, Honolulu County, Hawaii",,,1.50E+11,313723,0,15,"Block Group 2, Census Tract 14, Honolulu County, Hawaii",994400,105893,1755,647,0.121129133,0.121129133,0,2701,622,0,31,29,59,83,77,50,155,77,61,1963,622,367,255,25,0,0,25
ACSSF,HI,150,0,15,3,1501,1,1500000US150030015011,"Block Group 1, Census Tract 15.01, Honolulu County, Hawaii",,,1.50E+11,222817,0,15,"Block Group 1, Census Tract 15.01, Honolulu County, Hawaii",1073500,,1836,693,0.086030126,0.086030126,0,1720,650,0,72,183,48,36,83,56,86,38,48,1983,650,226,424,43,0,0,43
ACSSF,HI,150,0,15,3,1502,1,1500000US150030015021,"Block Group 1, Census Tract 15.02, Honolulu County, Hawaii",,,1.50E+11,138387,0,15,"Block Group 1, Census Tract 15.02, Honolulu County, Hawaii",945500,126208,1114,443,0.053431522,0.053431522,0,2151,389,0,10,59,39,75,21,8,57,75,45,1959,389,245,144,54,46,0,8
ACSSF,HI,150,0,15,3,1502,2,1500000US150030015022,"Block Group 2, Census Tract 15.02, Honolulu County, Hawaii",,,1.50E+11,200018,0,15,"Block Group 2, Census Tract 15.02, Honolulu County, Hawaii",1118600,135417,1254,446,0.077227384,0.077227384,0,2100,430,0,5,31,17,0,110,37,81,55,94,1959,430,298,132,16,16,0,0
ACSSF,HI,150,0,15,3,1601,1,1500000US150030016011,"Block Group 1, Census Tract 16.01, Honolulu County, Hawaii",,,1.50E+11,179463,0,15,"Block Group 1, Census Tract 16.01, Honolulu County, Hawaii",1219400,92763,1244,530,0.069291055,0.069291055,0,1844,514,0,20,5,10,17,116,138,44,96,68,1964,514,127,387,16,7,0,9
ACSSF,HI,150,0,15,3,1601,2,1500000US150030016012,"Block Group 2, Census Tract 16.01, Honolulu County, Hawaii",,,1.50E+11,134620,0,15,"Block Group 2, Census Tract 16.01, Honolulu County, Hawaii",781900,93493,685,253,0.051977076,0.051977076,0,2141,193,0,23,7,11,6,47,66,0,0,33,1967,193,130,63,60,0,0,60
ACSSF,HI,150,0,15,3,1602,1,1500000US150030016021,"Block Group 1, Census Tract 16.02, Honolulu County, Hawaii",,,1.50E+11,148386,0,15,"Block Group 1, Census Tract 16.02, Honolulu County, Hawaii",1016900,45893,768,317,0.057292156,0.057292156,0,3220,277,0,14,5,0,54,23,76,14,39,52,1965,277,196,81,40,33,0,7
ACSSF,HI,150,0,15,3,1602,2,1500000US150030016022,"Block Group 2, Census Tract 16.02, Honolulu County, Hawaii",,,1.50E+11,156555,0,15,"Block Group 2, Census Tract 16.02, Honolulu County, Hawaii",1177800,168636,853,280,0.060446225,0.060446225,0,,222,0,19,22,33,0,27,34,26,53,8,1965,222,140,82,58,0,0,58
ACSSF,HI,150,0,15,3,1700,1,1500000US150030017001,"Block Group 1, Census Tract 17, Honolulu County, Hawaii",,,1.50E+11,423560,0,15,"Block Group 1, Census Tract 17, Honolulu County, Hawaii",701600,104605,1423,726,0.163537443,0.163537443,0,2220,634,0,2,6,0,8,164,276,103,14,61,1965,634,461,173,92,64,19,9
ACSSF,HI,150,0,15,3,1700,2,1500000US150030017002,"Block Group 2, Census Tract 17, Honolulu County, Hawaii",,,1.50E+11,955648,1263788,15,"Block Group 2, Census Tract 17, Honolulu County, Hawaii",1779800,128125,703,920,0.856929064,0.368977785,0.487951308,3500,446,0,14,0,18,21,28,115,156,21,73,1960,446,309,137,474,18,8,448
ACSSF,HI,150,0,15,3,1801,1,1500000US150030018011,"Block Group 1, Census Tract 18.01, Honolulu County, Hawaii",,,1.50E+11,97094,0,15,"Block Group 1, Census Tract 18.01, Honolulu County, Hawaii",687500,51071,469,761,0.037488203,0.037488203,0,1339,316,0,0,0,11,18,194,93,0,0,0,1971,316,97,219,445,129,0,316
ACSSF,HI,150,0,15,3,1801,2,1500000US150030018012,"Block Group 2, Census Tract 18.01, Honolulu County, Hawaii",,,1.50E+11,71665,0,15,"Block Group 2, Census Tract 18.01, Honolulu County, Hawaii",475000,97847,470,603,0.027670013,0.027670013,0,1800,251,0,0,6,7,6,96,114,10,7,5,1970,251,51,200,352,68,0,284
ACSSF,HI,150,0,15,3,1803,1,1500000US150030018031,"Block Group 1, Census Tract 18.03, Honolulu County, Hawaii",,,1.50E+11,27491,0,15,"Block Group 1, Census Tract 18.03, Honolulu County, Hawaii",460900,54257,765,740,0.010614335,0.010614335,0,1497,506,0,0,0,10,37,204,195,31,29,0,1972,506,174,332,234,195,39,0
ACSSF,HI,150,0,15,3,1803,2,1500000US150030018032,"Block Group 2, Census Tract 18.03, Honolulu County, Hawaii",,,1.50E+11,15358,0,15,"Block Group 2, Census Tract 18.03, Honolulu County, Hawaii",,,183,184,0.005929757,0.005929757,0,1347,132,0,0,0,0,9,92,31,0,0,0,1974,132,69,63,52,25,0,27
ACSSF,HI,150,0,15,3,1803,3,1500000US150030018033,"Block Group 3, Census Tract 18.03, Honolulu County, Hawaii",,,1.50E+11,36799,22289,15,"Block Group 3, Census Tract 18.03, Honolulu County, Hawaii",494200,71471,1011,832,0.022814006,0.014208174,0.008605831,1554,582,22,10,50,24,11,212,182,71,0,0,1972,582,145,437,250,72,0,178
ACSSF,HI,150,0,15,3,1803,4,1500000US150030018034,"Block Group 4, Census Tract 18.03, Honolulu County, Hawaii",,,1.50E+11,27567,0,15,"Block Group 4, Census Tract 18.03, Honolulu County, Hawaii",444700,74323,668,561,0.010643679,0.010643679,0,1844,408,0,0,0,0,147,147,114,0,0,0,1976,408,103,305,153,0,32,121
ACSSF,HI,150,0,15,3,1804,1,1500000US150030018041,"Block Group 1, Census Tract 18.04, Honolulu County, Hawaii",,,1.50E+11,49443,0,15,"Block Group 1, Census Tract 18.04, Honolulu County, Hawaii",457400,73472,623,616,0.019090049,0.019090049,0,1822,421,0,0,0,13,238,122,21,0,0,27,1982,421,260,161,195,45,0,150
ACSSF,HI,150,0,15,3,1804,2,1500000US150030018042,"Block Group 2, Census Tract 18.04, Honolulu County, Hawaii",,,1.50E+11,96601,0,15,"Block Group 2, Census Tract 18.04, Honolulu County, Hawaii",442900,70440,909,695,0.037297856,0.037297856,0,1888,517,0,0,0,13,28,254,211,0,0,11,1971,517,319,198,178,50,25,103
ACSSF,HI,150,0,15,3,1901,1,1500000US150030019011,"Block Group 1, Census Tract 19.01, Honolulu County, Hawaii",,,1.50E+11,1015482,725870,15,"Block Group 1, Census Tract 19.01, Honolulu County, Hawaii",540900,102083,482,2020,0.672339797,0.3920798,0.280259997,1789,283,0,2,0,0,0,79,196,6,0,0,1968,283,188,95,1737,474,0,1263
ACSSF,HI,150,0,15,3,1905,1,1500000US150030019051,"Block Group 1, Census Tract 19.05, Honolulu County, Hawaii",,,1.50E+11,23215,2825,15,"Block Group 1, Census Tract 19.05, Honolulu County, Hawaii",,188982,508,293,0.0100541,0.008963362,0.001090739,2401,255,0,0,129,0,0,30,0,89,7,0,1974,255,180,75,38,38,0,0
ACSSF,HI,150,0,15,3,1905,2,1500000US150030019052,"Block Group 2, Census Tract 19.05, Honolulu County, Hawaii",,,1.50E+11,31797,3285,15,"Block Group 2, Census Tract 19.05, Honolulu County, Hawaii",615400,54565,855,759,0.013545237,0.012276891,0.001268346,2141,590,0,0,0,10,0,265,241,27,47,0,1967,590,138,452,169,0,0,169
ACSSF,HI,150,0,15,3,1906,1,1500000US150030019061,"Block Group 1, Census Tract 19.06, Honolulu County, Hawaii",,,1.50E+11,30330,0,15,"Block Group 1, Census Tract 19.06, Honolulu County, Hawaii",446700,45701,675,684,0.011710479,0.011710479,0,1420,507,0,0,16,14,29,289,118,16,13,12,1973,507,150,357,177,0,0,177
ACSSF,HI,150,0,15,3,1906,2,1500000US150030019062,"Block Group 2, Census Tract 19.06, Honolulu County, Hawaii",,,1.50E+11,24121,0,15,"Block Group 2, Census Tract 19.06, Honolulu County, Hawaii",721200,83000,1101,599,0.009313171,0.009313171,0,2733,472,0,96,38,14,20,218,59,27,0,0,1978,472,280,192,127,0,15,112
ACSSF,HI,150,0,15,3,1906,3,1500000US150030019063,"Block Group 3, Census Tract 19.06, Honolulu County, Hawaii",,,1.50E+11,32900,5646,15,"Block Group 3, Census Tract 19.06, Honolulu County, Hawaii",602600,97436,1302,916,0.014882694,0.012702761,0.002179933,2286,758,0,0,4,25,31,504,130,64,0,0,1974,758,491,267,158,50,0,108
ACSSF,HI,150,0,15,3,1907,1,1500000US150030019071,"Block Group 1, Census Tract 19.07, Honolulu County, Hawaii",,,1.50E+11,29977,0,15,"Block Group 1, Census Tract 19.07, Honolulu County, Hawaii",621900,78740,1460,1148,0.011574185,0.011574185,0,2369,772,0,137,63,123,156,266,0,27,0,0,1983,772,323,449,376,121,0,255
ACSSF,HI,150,0,15,3,1907,2,1500000US150030019072,"Block Group 2, Census Tract 19.07, Honolulu County, Hawaii",,,1.50E+11,17576,0,15,"Block Group 2, Census Tract 19.07, Honolulu County, Hawaii",,156645,273,159,0.006786132,0.006786132,0,,159,0,0,0,0,0,121,38,0,0,0,1973,159,122,37,0,0,0,0
ACSSF,HI,150,0,15,3,1907,3,1500000US150030019073,"Block Group 3, Census Tract 19.07, Honolulu County, Hawaii",,,1.50E+11,17891,0,15,"Block Group 3, Census Tract 19.07, Honolulu County, Hawaii",585900,67118,871,719,0.006907754,0.006907754,0,1915,614,0,12,0,0,0,290,232,80,0,0,1971,614,251,363,105,0,0,105
ACSSF,HI,150,0,15,3,2003,1,1500000US150030020031,"Block Group 1, Census Tract 20.03, Honolulu County, Hawaii",,,1.50E+11,92416,0,15,"Block Group 1, Census Tract 20.03, Honolulu County, Hawaii",429400,63034,904,1008,0.035682019,0.035682019,0,1928,631,0,0,0,12,61,425,110,23,0,0,1973,631,278,353,377,40,0,337
ACSSF,HI,150,0,15,3,2003,2,1500000US150030020032,"Block Group 2, Census Tract 20.03, Honolulu County, Hawaii",,,1.50E+11,51532,0,15,"Block Group 2, Census Tract 20.03, Honolulu County, Hawaii",374700,29407,701,1036,0.019896617,0.019896617,0,1767,571,0,0,12,78,11,303,155,12,0,0,1973,571,178,393,465,89,14,362
ACSSF,HI,150,0,15,3,2004,1,1500000US150030020041,"Block Group 1, Census Tract 20.04, Honolulu County, Hawaii",,,1.50E+11,19819,0,15,"Block Group 1, Census Tract 20.04, Honolulu County, Hawaii",539700,74286,489,491,0.007652159,0.007652159,0,2053,314,0,0,0,0,14,161,113,26,0,0,1973,314,142,172,177,20,0,157
ACSSF,HI,150,0,15,3,2004,2,1500000US150030020042,"Block Group 2, Census Tract 20.04, Honolulu County, Hawaii",,,1.50E+11,109728,26306,15,"Block Group 2, Census Tract 20.04, Honolulu County, Hawaii",450000,61395,687,487,0.052523024,0.042366218,0.010156804,1677,436,0,0,0,0,17,80,192,141,6,0,1964,436,96,340,51,37,0,14
ACSSF,HI,150,0,15,3,2005,1,1500000US150030020051,"Block Group 1, Census Tract 20.05, Honolulu County, Hawaii",,,1.50E+11,51762,7244,15,"Block Group 1, Census Tract 20.05, Honolulu County, Hawaii",602800,68428,847,773,0.022782344,0.019985421,0.002796924,1804,599,0,0,0,0,22,331,192,11,34,9,1971,599,197,402,174,38,25,111
ACSSF,HI,150,0,15,3,2005,2,1500000US150030020052,"Block Group 2, Census Tract 20.05, Honolulu County, Hawaii",,,1.50E+11,51419,11788,15,"Block Group 2, Census Tract 20.05, Honolulu County, Hawaii",729200,67321,812,1233,0.02440436,0.019852988,0.004551372,1298,544,0,150,0,186,30,74,75,6,0,23,1979,544,152,392,689,250,0,439
ACSSF,HI,150,0,15,3,2006,1,1500000US150030020061,"Block Group 1, Census Tract 20.06, Honolulu County, Hawaii",,,1.50E+11,64747,4448,15,"Block Group 1, Census Tract 20.06, Honolulu County, Hawaii",415200,52813,840,672,0.02671634,0.024998957,0.001717382,1861,442,0,50,32,17,72,81,116,74,0,0,1977,442,200,242,230,25,0,205
ACSSF,HI,150,0,15,3,2006,2,1500000US150030020062,"Block Group 2, Census Tract 20.06, Honolulu County, Hawaii",,,1.50E+11,82876,8577,15,"Block Group 2, Census Tract 20.06, Honolulu County, Hawaii",459300,63155,1248,1104,0.035310201,0.031998605,0.003311598,2009,754,0,11,23,17,73,434,131,59,2,4,1973,754,252,502,350,66,0,284
ACSSF,HI,150,0,15,3,2101,1,1500000US150030021011,"Block Group 1, Census Tract 21.01, Honolulu County, Hawaii",,,1.50E+11,662512,51662,15,"Block Group 1, Census Tract 21.01, Honolulu County, Hawaii",,49224,361,238,0.27574414,0.255797327,0.01994681,1542,178,0,0,9,16,17,48,67,9,6,6,1968,178,31,147,60,51,0,9
ACSSF,HI,150,0,15,3,2101,2,1500000US150030021012,"Block Group 2, Census Tract 21.01, Honolulu County, Hawaii",,,1.50E+11,19162,0,15,"Block Group 2, Census Tract 21.01, Honolulu County, Hawaii",578300,,742,327,0.00739849,0.00739849,0,1313,261,0,0,0,6,85,114,56,0,0,0,1976,261,147,114,66,0,0,66
ACSSF,HI,150,0,15,3,2101,3,1500000US150030021013,"Block Group 3, Census Tract 21.01, Honolulu County, Hawaii",,,1.50E+11,38862,0,15,"Block Group 3, Census Tract 21.01, Honolulu County, Hawaii",425700,60954,692,477,0.015004703,0.015004703,0,1394,441,0,0,0,0,69,171,50,142,9,0,1972,441,159,282,36,0,27,9
ACSSF,HI,150,0,15,3,2102,1,1500000US150030021021,"Block Group 1, Census Tract 21.02, Honolulu County, Hawaii",,,1.50E+11,176050,7188,15,"Block Group 1, Census Tract 21.02, Honolulu County, Hawaii",,71837,289,227,0.07074859,0.067973286,0.002775302,1412,181,0,6,16,0,0,34,107,18,0,0,1965,181,28,153,46,0,0,46
ACSSF,HI,150,0,15,3,2102,2,1500000US150030021022,"Block Group 2, Census Tract 21.02, Honolulu County, Hawaii",,,1.50E+11,218994,92,15,"Block Group 2, Census Tract 21.02, Honolulu County, Hawaii",409300,61094,1193,658,0.084589578,0.084554061,3.55E-05,1617,623,0,19,0,24,54,238,105,155,28,0,1972,623,258,365,35,0,0,35
ACSSF,HI,150,0,15,3,2203,1,1500000US150030022031,"Block Group 1, Census Tract 22.03, Honolulu County, Hawaii",,,1.50E+11,168580,35864,15,"Block Group 1, Census Tract 22.03, Honolulu County, Hawaii",619700,84200,1573,997,0.078936271,0.065089107,0.013847169,2167,784,0,0,4,0,18,590,136,17,19,0,1974,784,456,328,213,42,39,132
ACSSF,HI,150,0,15,3,2204,1,1500000US150030022041,"Block Group 1, Census Tract 22.04, Honolulu County, Hawaii",,,1.50E+11,53213,0,15,"Block Group 1, Census Tract 22.04, Honolulu County, Hawaii",500000,81357,1263,738,0.020545656,0.020545656,0,1627,690,0,0,9,40,57,376,66,115,27,0,1973,690,248,442,48,48,0,0
ACSSF,HI,150,0,15,3,2205,1,1500000US150030022051,"Block Group 1, Census Tract 22.05, Honolulu County, Hawaii",,,1.50E+11,184155,5552,15,"Block Group 1, Census Tract 22.05, Honolulu County, Hawaii",626200,86276,1879,1111,0.073246285,0.071102649,0.002143639,1787,892,0,0,0,66,133,388,237,56,12,0,1974,892,403,489,219,59,0,160
ACSSF,HI,150,0,15,3,2206,1,1500000US150030022061,"Block Group 1, Census Tract 22.06, Honolulu County, Hawaii",,,1.50E+11,40874,0,15,"Block Group 1, Census Tract 22.06, Honolulu County, Hawaii",501700,72609,1388,628,0.01578154,0.01578154,0,1427,628,0,0,0,212,94,94,148,27,53,0,1979,628,147,481,0,0,0,0
ACSSF,HI,150,0,15,3,2206,2,1500000US150030022062,"Block Group 2, Census Tract 22.06, Honolulu County, Hawaii",,,1.50E+11,60228,3335,15,"Block Group 2, Census Tract 22.06, Honolulu County, Hawaii",586500,42990,845,419,0.024541812,0.023254162,0.001287651,1217,350,0,0,0,25,75,30,130,60,13,17,1967,350,56,294,69,23,0,46
ACSSF,HI,150,0,15,3,2301,1,1500000US150030023011,"Block Group 1, Census Tract 23.01, Honolulu County, Hawaii",,,1.50E+11,89410,164,15,"Block Group 1, Census Tract 23.01, Honolulu County, Hawaii",485000,41900,929,495,0.034584716,0.034521397,6.33E-05,1841,406,0,30,44,0,26,194,84,12,0,16,1973,406,106,300,89,44,0,45
ACSSF,HI,150,0,15,3,2301,2,1500000US150030023012,"Block Group 2, Census Tract 23.01, Honolulu County, Hawaii",,,1.50E+11,44595,0,15,"Block Group 2, Census Tract 23.01, Honolulu County, Hawaii",392600,80515,1396,634,0.017218227,0.017218227,0,1640,605,0,0,0,62,38,245,186,0,0,74,1971,605,294,311,29,0,0,29
ACSSF,HI,150,0,15,3,2301,3,1500000US150030023013,"Block Group 3, Census Tract 23.01, Honolulu County, Hawaii",,,1.50E+11,81137,0,15,"Block Group 3, Census Tract 23.01, Honolulu County, Hawaii",437600,53323,1309,831,0.031327173,0.031327173,0,1432,743,0,0,0,0,18,504,139,50,0,32,1973,743,320,423,88,10,0,78
ACSSF,HI,150,0,15,3,2302,1,1500000US150030023021,"Block Group 1, Census Tract 23.02, Honolulu County, Hawaii",,,1.50E+11,69660,0,15,"Block Group 1, Census Tract 23.02, Honolulu County, Hawaii",435800,63600,1116,680,0.026895877,0.026895877,0,1269,604,0,6,7,0,45,260,157,92,37,0,1969,604,251,353,76,0,0,76
ACSSF,HI,150,0,15,3,2302,2,1500000US150030023022,"Block Group 2, Census Tract 23.02, Honolulu County, Hawaii",,,1.50E+11,80649,0,15,"Block Group 2, Census Tract 23.02, Honolulu County, Hawaii",353600,,595,407,0.031138754,0.031138754,0,1244,324,0,0,8,0,47,155,70,20,18,6,1974,324,75,249,83,0,0,83
ACSSF,HI,150,0,15,3,2401,1,1500000US150030024011,"Block Group 1, Census Tract 24.01, Honolulu County, Hawaii",,,1.50E+11,55283,0,15,"Block Group 1, Census Tract 24.01, Honolulu County, Hawaii",,62578,890,373,0.021344887,0.021344887,0,1321,317,0,0,16,47,74,39,33,71,13,24,1967,317,8,309,56,56,0,0
ACSSF,HI,150,0,15,3,2401,2,1500000US150030024012,"Block Group 2, Census Tract 24.01, Honolulu County, Hawaii",,,1.50E+11,45510,0,15,"Block Group 2, Census Tract 24.01, Honolulu County, Hawaii",691300,99028,874,452,0.017571511,0.017571511,0,1891,349,0,0,16,32,100,86,73,26,16,0,1975,349,75,274,103,33,0,70
ACSSF,HI,150,0,15,3,2401,3,1500000US150030024013,"Block Group 3, Census Tract 24.01, Honolulu County, Hawaii",,,1.50E+11,33986,0,15,"Block Group 3, Census Tract 24.01, Honolulu County, Hawaii",,65536,586,397,0.013122069,0.013122069,0,1242,370,0,0,0,53,104,36,67,83,27,0,1969,370,144,226,27,0,0,27
ACSSF,HI,150,0,15,3,2401,4,1500000US150030024014,"Block Group 4, Census Tract 24.01, Honolulu County, Hawaii",,,1.50E+11,34453,0,15,"Block Group 4, Census Tract 24.01, Honolulu County, Hawaii",532400,,841,271,0.013302378,0.013302378,0,1866,222,0,12,0,0,0,35,137,29,9,0,1965,222,47,175,49,49,0,0
ACSSF,HI,150,0,15,3,2403,1,1500000US150030024031,"Block Group 1, Census Tract 24.03, Honolulu County, Hawaii",,,1.50E+11,55809,0,15,"Block Group 1, Census Tract 24.03, Honolulu County, Hawaii",407300,49196,718,349,0.021547977,0.021547977,0,1591,304,0,0,0,0,4,130,90,57,8,15,1966,304,109,195,45,9,0,36
ACSSF,HI,150,0,15,3,2403,2,1500000US150030024032,"Block Group 2, Census Tract 24.03, Honolulu County, Hawaii",,,1.50E+11,45876,0,15,"Block Group 2, Census Tract 24.03, Honolulu County, Hawaii",408300,68750,888,499,0.017712824,0.017712824,0,1740,461,0,0,0,61,128,185,54,22,8,3,1978,461,55,406,38,0,0,38
ACSSF,HI,150,0,15,3,2404,1,1500000US150030024041,"Block Group 1, Census Tract 24.04, Honolulu County, Hawaii",,,1.50E+11,73135,0,15,"Block Group 1, Census Tract 24.04, Honolulu County, Hawaii",,43594,568,351,0.028237583,0.028237583,0,1236,299,0,0,0,10,39,57,59,112,14,8,1967,299,51,248,52,0,0,52
ACSSF,HI,150,0,15,3,2404,2,1500000US150030024042,"Block Group 2, Census Tract 24.04, Honolulu County, Hawaii",,,1.50E+11,83596,0,15,"Block Group 2, Census Tract 24.04, Honolulu County, Hawaii",477600,78975,903,458,0.032276597,0.032276597,0,1561,409,0,1,0,24,63,137,86,86,0,12,1972,409,190,219,49,0,0,49
ACSSF,HI,150,0,15,3,2500,1,1500000US150030025001,"Block Group 1, Census Tract 25, Honolulu County, Hawaii",,,1.50E+11,239625,1942,15,"Block Group 1, Census Tract 25, Honolulu County, Hawaii",294800,71029,2199,1403,0.093269542,0.09251973,0.00074981,1672,1104,0,0,19,38,110,446,274,53,126,38,1970,1104,379,725,299,128,0,171
ACSSF,HI,150,0,15,3,2500,2,1500000US150030025002,"Block Group 2, Census Tract 25, Honolulu County, Hawaii",,,1.50E+11,115349,3355,15,"Block Group 2, Census Tract 25, Honolulu County, Hawaii",809700,70227,927,483,0.045831874,0.044536501,0.001295373,1386,448,0,0,0,90,121,72,94,29,42,0,1977,448,113,335,35,0,0,35
ACSSF,HI,150,0,15,3,2500,3,1500000US150030025003,"Block Group 3, Census Tract 25, Honolulu County, Hawaii",,,1.50E+11,69211,0,15,"Block Group 3, Census Tract 25, Honolulu County, Hawaii",,,477,353,0.026722517,0.026722517,0,1083,311,0,20,0,11,98,65,32,85,0,0,1973,311,69,242,42,0,0,42
ACSSF,HI,150,0,15,3,2600,1,1500000US150030026001,"Block Group 1, Census Tract 26, Honolulu County, Hawaii",,,1.50E+11,127825,0,15,"Block Group 1, Census Tract 26, Honolulu County, Hawaii",424100,54655,1149,661,0.04935351,0.04935351,0,1830,604,0,14,15,63,102,275,82,53,0,0,1976,604,281,323,57,0,30,27
ACSSF,HI,150,0,15,3,2600,2,1500000US150030026002,"Block Group 2, Census Tract 26, Honolulu County, Hawaii",,,1.50E+11,214661,0,15,"Block Group 2, Census Tract 26, Honolulu County, Hawaii",589300,63203,721,424,0.082881078,0.082881078,0,1531,367,0,16,36,0,38,131,111,0,30,5,1974,367,158,209,57,36,0,21
ACSSF,HI,150,0,15,3,2600,3,1500000US150030026003,"Block Group 3, Census Tract 26, Honolulu County, Hawaii",,,1.50E+11,189871,0,15,"Block Group 3, Census Tract 26, Honolulu County, Hawaii",926100,46250,744,381,0.073309608,0.073309608,0,1554,381,0,0,58,26,46,33,123,32,15,48,1968,381,66,315,0,0,0,0
ACSSF,HI,150,0,15,3,2600,4,1500000US150030026004,"Block Group 4, Census Tract 26, Honolulu County, Hawaii",,,1.50E+11,131619,0,15,"Block Group 4, Census Tract 26, Honolulu County, Hawaii",412500,54583,1367,550,0.050818384,0.050818384,0,1456,513,0,89,14,38,18,110,114,56,74,0,1970,513,35,478,37,28,0,9
ACSSF,HI,150,0,15,3,2701,1,1500000US150030027011,"Block Group 1, Census Tract 27.01, Honolulu County, Hawaii",,,1.50E+11,834919,0,15,"Block Group 1, Census Tract 27.01, Honolulu County, Hawaii",1750000,213750,953,166,0.322364032,0.322364032,0,1424,150,0,0,0,26,18,0,10,21,2,73,1952,150,94,56,16,0,0,16
ACSSF,HI,150,0,15,3,2701,2,1500000US150030027012,"Block Group 2, Census Tract 27.01, Honolulu County, Hawaii",,,1.50E+11,250064,0,15,"Block Group 2, Census Tract 27.01, Honolulu County, Hawaii",911900,78059,874,444,0.096550256,0.096550256,0,1703,409,0,126,10,28,25,57,56,84,20,3,1976,409,93,316,35,12,0,23
ACSSF,HI,150,0,15,3,2701,3,1500000US150030027013,"Block Group 3, Census Tract 27.01, Honolulu County, Hawaii",,,1.50E+11,411262,0,15,"Block Group 3, Census Tract 27.01, Honolulu County, Hawaii",,,1885,214,0.158789158,0.158789158,0,1747,166,0,0,8,0,27,107,11,13,0,0,1976,166,0,166,48,25,0,23
ACSSF,HI,150,0,15,3,2702,1,1500000US150030027021,"Block Group 1, Census Tract 27.02, Honolulu County, Hawaii",,,1.50E+11,215926,0,15,"Block Group 1, Census Tract 27.02, Honolulu County, Hawaii",1586500,109868,1005,387,0.083369501,0.083369501,0,1722,326,0,0,0,66,11,106,27,32,0,84,1968,326,238,88,61,61,0,0
ACSSF,HI,150,0,15,3,2702,2,1500000US150030027022,"Block Group 2, Census Tract 27.02, Honolulu County, Hawaii",,,1.50E+11,583644,0,15,"Block Group 2, Census Tract 27.02, Honolulu County, Hawaii",1203900,77174,1003,428,0.225346223,0.225346223,0,2355,428,0,0,13,4,13,69,33,72,76,148,1949,428,329,99,0,0,0,0
ACSSF,HI,150,0,15,3,2702,3,1500000US150030027023,"Block Group 3, Census Tract 27.02, Honolulu County, Hawaii",,,1.50E+11,88769,0,15,"Block Group 3, Census Tract 27.02, Honolulu County, Hawaii",474300,87188,1791,914,0.034273904,0.034273904,0,1900,841,0,24,0,15,15,361,311,103,12,0,1969,841,258,583,73,40,0,33
ACSSF,HI,150,0,15,3,2702,4,1500000US150030027024,"Block Group 4, Census Tract 27.02, Honolulu County, Hawaii",,,1.50E+11,143897,0,15,"Block Group 4, Census Tract 27.02, Honolulu County, Hawaii",720300,110357,1230,527,0.055558946,0.055558946,0,1705,480,0,0,0,0,37,184,103,0,18,138,1967,480,329,151,47,0,0,47
ACSSF,HI,150,0,15,3,2801,1,1500000US150030028011,"Block Group 1, Census Tract 28.01, Honolulu County, Hawaii",,,1.50E+11,673469,0,15,"Block Group 1, Census Tract 28.01, Honolulu County, Hawaii",1030400,114167,1757,645,0.260027856,0.260027856,0,3124,620,0,32,7,16,255,52,126,91,20,21,1980,620,455,165,25,0,0,25
ACSSF,HI,150,0,15,3,2802,1,1500000US150030028021,"Block Group 1, Census Tract 28.02, Honolulu County, Hawaii",,,1.50E+11,1301993,0,15,"Block Group 1, Census Tract 28.02, Honolulu County, Hawaii",1104800,115278,686,300,0.502702355,0.502702355,0,3139,294,0,23,7,5,13,32,0,61,115,38,1950,294,222,72,6,6,0,0
ACSSF,HI,150,0,15,3,2802,2,1500000US150030028022,"Block Group 2, Census Tract 28.02, Honolulu County, Hawaii",,,1.50E+11,329448,0,15,"Block Group 2, Census Tract 28.02, Honolulu County, Hawaii",1105500,89167,1772,693,0.127200589,0.127200589,0,1988,650,0,0,25,0,28,64,94,258,110,71,1955,650,414,236,43,28,15,0
ACSSF,HI,150,0,15,3,2900,1,1500000US150030029001,"Block Group 1, Census Tract 29, Honolulu County, Hawaii",,,1.50E+11,1175443,0,15,"Block Group 1, Census Tract 29, Honolulu County, Hawaii",1349200,111270,2502,943,0.45384109,0.45384109,0,1768,924,6,18,120,253,61,127,156,154,18,11,1979,924,509,415,19,0,0,19
ACSSF,HI,150,0,15,3,3000,1,1500000US150030030001,"Block Group 1, Census Tract 30, Honolulu County, Hawaii",,,1.50E+11,374633,0,15,"Block Group 1, Census Tract 30, Honolulu County, Hawaii",1747600,204688,762,402,0.144646615,0.144646615,0,1818,356,0,14,98,0,8,0,31,72,14,119,1953,356,273,83,46,0,0,46
ACSSF,HI,150,0,15,3,3000,2,1500000US150030030002,"Block Group 2, Census Tract 30, Honolulu County, Hawaii",,,1.50E+11,306516,0,15,"Block Group 2, Census Tract 30, Honolulu County, Hawaii",1470100,132269,1147,373,0.118346497,0.118346497,0,2707,373,8,12,0,9,19,60,16,56,62,131,1949,373,259,114,0,0,0,0
ACSSF,HI,150,0,15,3,3000,3,1500000US150030030003,"Block Group 3, Census Tract 30, Honolulu County, Hawaii",,,1.50E+11,298847,0,15,"Block Group 3, Census Tract 30, Honolulu County, Hawaii",1353200,113611,1506,429,0.11538548,0.11538548,0,2348,418,0,0,0,61,49,35,15,81,90,87,1954,418,342,76,11,0,11,0
ACSSF,HI,150,0,15,3,3000,4,1500000US150030030004,"Block Group 4, Census Tract 30, Honolulu County, Hawaii",,,1.50E+11,532920,0,15,"Block Group 4, Census Tract 30, Honolulu County, Hawaii",1717700,159688,1243,495,0.205761567,0.205761567,0,1823,486,0,11,22,27,57,35,48,92,87,107,1955,486,336,150,9,0,0,9
ACSSF,HI,150,0,15,3,3102,1,1500000US150030031021,"Block Group 1, Census Tract 31.02, Honolulu County, Hawaii",,,1.50E+11,3400273,0,15,"Block Group 1, Census Tract 31.02, Honolulu County, Hawaii",1209800,122308,2309,1041,1.312852859,1.312852859,0,2679,880,13,18,9,30,45,30,270,170,112,183,1961,880,820,60,161,0,0,161
ACSSF,HI,150,0,15,3,3102,2,1500000US150030031022,"Block Group 2, Census Tract 31.02, Honolulu County, Hawaii",,,1.50E+11,494069,0,15,"Block Group 2, Census Tract 31.02, Honolulu County, Hawaii",1155400,118233,1019,423,0.190761119,0.190761119,0,,389,0,13,28,0,36,7,194,80,31,0,1964,389,301,88,34,0,0,34
ACSSF,HI,150,0,15,3,3103,1,1500000US150030031031,"Block Group 1, Census Tract 31.03, Honolulu County, Hawaii",,,1.50E+11,4509189,0,15,"Block Group 1, Census Tract 31.03, Honolulu County, Hawaii",1312500,149315,1673,565,1.741007686,1.741007686,0,1199,517,8,18,0,42,42,53,198,105,16,35,1965,517,413,104,48,0,12,36
ACSSF,HI,150,0,15,3,3104,1,1500000US150030031041,"Block Group 1, Census Tract 31.04, Honolulu County, Hawaii",,,1.50E+11,875154,0,15,"Block Group 1, Census Tract 31.04, Honolulu County, Hawaii",1399400,188315,2426,911,0.33789885,0.33789885,0,1938,859,0,52,47,6,71,82,85,264,109,143,1957,859,692,167,52,0,0,52
ACSSF,HI,150,0,15,3,3404,1,1500000US150030034041,"Block Group 1, Census Tract 34.04, Honolulu County, Hawaii",,,1.50E+11,98675,0,15,"Block Group 1, Census Tract 34.04, Honolulu County, Hawaii",466700,91917,1907,1173,0.038098633,0.038098633,0,1944,999,0,0,0,129,37,743,76,0,0,14,1975,999,705,294,174,39,43,92
ACSSF,HI,150,0,15,3,3404,2,1500000US150030034042,"Block Group 2, Census Tract 34.04, Honolulu County, Hawaii",,,1.50E+11,57265,0,15,"Block Group 2, Census Tract 34.04, Honolulu County, Hawaii",413000,64464,923,314,0.022110142,0.022110142,0,1220,314,0,0,0,12,8,128,114,30,0,22,1969,314,203,111,0,0,0,0
ACSSF,HI,150,0,15,3,3404,3,1500000US150030034043,"Block Group 3, Census Tract 34.04, Honolulu County, Hawaii",,,1.50E+11,24269,0,15,"Block Group 3, Census Tract 34.04, Honolulu County, Hawaii",392900,67198,296,157,0.009370314,0.009370314,0,,157,0,0,0,0,19,76,62,0,0,0,1972,157,129,28,0,0,0,0
ACSSF,HI,150,0,15,3,3404,4,1500000US150030034044,"Block Group 4, Census Tract 34.04, Honolulu County, Hawaii",,,1.50E+11,83040,0,15,"Block Group 4, Census Tract 34.04, Honolulu County, Hawaii",455200,79364,1833,770,0.032061923,0.032061923,0,1695,756,0,0,35,30,34,396,100,101,47,13,1973,756,227,529,14,0,0,14
ACSSF,HI,150,0,15,3,3408,1,1500000US150030034081,"Block Group 1, Census Tract 34.08, Honolulu County, Hawaii",,,1.50E+11,35666,0,15,"Block Group 1, Census Tract 34.08, Honolulu County, Hawaii",412300,65648,962,738,0.01377072,0.01377072,0,1426,618,0,0,0,20,70,402,114,0,12,0,1975,618,385,233,120,0,63,57
ACSSF,HI,150,0,15,3,3408,2,1500000US150030034082,"Block Group 2, Census Tract 34.08, Honolulu County, Hawaii",,,1.50E+11,55513,0,15,"Block Group 2, Census Tract 34.08, Honolulu County, Hawaii",365400,52969,1024,458,0.021433691,0.021433691,0,1225,458,0,36,0,65,59,124,66,0,0,108,1974,458,211,247,0,0,0,0
ACSSF,HI,150,0,15,3,3409,1,1500000US150030034091,"Block Group 1, Census Tract 34.09, Honolulu County, Hawaii",,,1.50E+11,38035,0,15,"Block Group 1, Census Tract 34.09, Honolulu County, Hawaii",399600,105517,1325,619,0.014685396,0.014685396,0,2289,619,0,0,0,0,119,263,209,28,0,0,1973,619,317,302,0,0,0,0
ACSSF,HI,150,0,15,3,3409,2,1500000US150030034092,"Block Group 2, Census Tract 34.09, Honolulu County, Hawaii",,,1.50E+11,42180,0,15,"Block Group 2, Census Tract 34.09, Honolulu County, Hawaii",383300,51658,557,517,0.01628579,0.01628579,0,1286,453,0,0,13,25,30,79,233,67,6,0,1968,453,97,356,64,64,0,0
ACSSF,HI,150,0,15,3,3410,1,1500000US150030034101,"Block Group 1, Census Tract 34.10, Honolulu County, Hawaii",,,1.50E+11,69504,0,15,"Block Group 1, Census Tract 34.10, Honolulu County, Hawaii",533900,65845,2342,867,0.026835646,0.026835646,0,1634,817,0,0,0,127,21,187,157,284,0,41,1966,817,239,578,50,15,0,35
ACSSF,HI,150,0,15,3,3411,1,1500000US150030034111,"Block Group 1, Census Tract 34.11, Honolulu County, Hawaii",,,1.50E+11,59451,0,15,"Block Group 1, Census Tract 34.11, Honolulu County, Hawaii",444400,96055,1507,833,0.02295416,0.02295416,0,1717,648,0,21,0,96,204,135,78,47,15,52,1976,648,423,225,185,0,46,139
ACSSF,HI,150,0,15,3,3412,1,1500000US150030034121,"Block Group 1, Census Tract 34.12, Honolulu County, Hawaii",,,1.50E+11,141286,0,15,"Block Group 1, Census Tract 34.12, Honolulu County, Hawaii",471400,107232,2030,915,0.05455083,0.05455083,0,1785,903,0,0,0,17,135,192,413,105,27,14,1968,903,499,404,12,0,12,0
ACSSF,HI,150,0,15,3,3413,1,1500000US150030034131,"Block Group 1, Census Tract 34.13, Honolulu County, Hawaii",,,1.50E+11,81178,0,15,"Block Group 1, Census Tract 34.13, Honolulu County, Hawaii",475600,52700,1374,817,0.031343002,0.031343002,0,1328,712,14,0,0,66,52,191,337,39,13,0,1970,712,133,579,105,64,0,41
ACSSF,HI,150,0,15,3,3413,2,1500000US150030034132,"Block Group 2, Census Tract 34.13, Honolulu County, Hawaii",,,1.50E+11,65215,0,15,"Block Group 2, Census Tract 34.13, Honolulu County, Hawaii",352300,31429,921,574,0.025179652,0.025179652,0,1413,552,0,0,28,0,73,210,212,18,0,11,1972,552,255,297,22,22,0,0
ACSSF,HI,150,0,15,3,3414,1,1500000US150030034141,"Block Group 1, Census Tract 34.14, Honolulu County, Hawaii",,,1.50E+11,39600,0,15,"Block Group 1, Census Tract 34.14, Honolulu County, Hawaii",471100,95952,675,300,0.015289647,0.015289647,0,1855,292,0,0,9,38,86,114,15,30,0,0,1979,292,96,196,8,8,0,0
ACSSF,HI,150,0,15,3,3414,2,1500000US150030034142,"Block Group 2, Census Tract 34.14, Honolulu County, Hawaii",,,1.50E+11,59789,0,15,"Block Group 2, Census Tract 34.14, Honolulu County, Hawaii",407300,55750,1605,827,0.023084663,0.023084663,0,1367,765,0,34,79,16,18,311,183,95,29,0,1972,765,115,650,62,0,0,62
ACSSF,HI,150,0,15,3,3414,3,1500000US150030034143,"Block Group 3, Census Tract 34.14, Honolulu County, Hawaii",,,1.50E+11,75471,0,15,"Block Group 3, Census Tract 34.14, Honolulu County, Hawaii",466300,58770,1415,874,0.029139517,0.029139517,0,1488,801,0,13,55,21,72,296,246,79,19,0,1971,801,265,536,73,39,21,13
ACSSF,HI,150,0,15,3,3414,4,1500000US150030034144,"Block Group 4, Census Tract 34.14, Honolulu County, Hawaii",,,1.50E+11,75889,0,15,"Block Group 4, Census Tract 34.14, Honolulu County, Hawaii",631100,101339,995,569,0.029300908,0.029300908,0,1809,551,0,17,0,4,95,186,209,19,0,21,1971,551,251,300,18,0,0,18
ACSSF,HI,150,0,15,3,3501,1,1500000US150030035011,"Block Group 1, Census Tract 35.01, Honolulu County, Hawaii",,,1.50E+11,87477,0,15,"Block Group 1, Census Tract 35.01, Honolulu County, Hawaii",388500,38472,716,414,0.033775061,0.033775061,0,1188,389,0,12,28,10,60,196,47,36,0,0,1975,389,147,242,25,25,0,0
ACSSF,HI,150,0,15,3,3501,2,1500000US150030035012,"Block Group 2, Census Tract 35.01, Honolulu County, Hawaii",,,1.50E+11,210312,0,15,"Block Group 2, Census Tract 35.01, Honolulu County, Hawaii",373400,67574,1664,988,0.081201918,0.081201918,0,2002,898,0,39,7,41,257,351,98,5,60,40,1978,898,448,450,90,35,0,55
ACSSF,HI,150,0,15,3,3503,1,1500000US150030035031,"Block Group 1, Census Tract 35.03, Honolulu County, Hawaii",,,1.50E+11,184753,0,15,"Block Group 1, Census Tract 35.03, Honolulu County, Hawaii",432600,,1044,708,0.071333535,0.071333535,0,987,576,0,0,0,34,195,142,131,17,34,23,1972,576,93,483,132,75,0,57
ACSSF,HI,150,0,15,3,3504,1,1500000US150030035041,"Block Group 1, Census Tract 35.04, Honolulu County, Hawaii",,,1.50E+11,139363,0,15,"Block Group 1, Census Tract 35.04, Honolulu County, Hawaii",516800,47019,665,501,0.053808358,0.053808358,0,1981,376,0,0,37,0,2,244,18,61,11,3,1974,376,173,203,125,27,0,98
ACSSF,HI,150,0,15,3,3504,2,1500000US150030035042,"Block Group 2, Census Tract 35.04, Honolulu County, Hawaii",,,1.50E+11,95891,0,15,"Block Group 2, Census Tract 35.04, Honolulu County, Hawaii",597900,84667,2206,1228,0.037023723,0.037023723,0,1960,1162,0,204,66,696,98,47,51,0,0,0,1996,1162,649,513,66,17,0,49
ACSSF,HI,150,0,15,3,3603,1,1500000US150030036031,"Block Group 1, Census Tract 36.03, Honolulu County, Hawaii",,,1.50E+11,88587,0,15,"Block Group 1, Census Tract 36.03, Honolulu County, Hawaii",416900,76641,1159,865,0.034203634,0.034203634,0,1652,695,0,9,0,10,174,140,269,63,11,19,1972,695,463,232,170,0,0,170
ACSSF,HI,150,0,15,3,3603,2,1500000US150030036032,"Block Group 2, Census Tract 36.03, Honolulu County, Hawaii",,,1.50E+11,32496,0,15,"Block Group 2, Census Tract 36.03, Honolulu County, Hawaii",441800,26214,1786,1067,0.012546776,0.012546776,0,466,998,0,9,0,64,124,261,509,8,23,0,1969,998,148,850,69,46,0,23
ACSSF,HI,150,0,15,3,3603,3,1500000US150030036033,"Block Group 3, Census Tract 36.03, Honolulu County, Hawaii",,,1.50E+11,40593,0,15,"Block Group 3, Census Tract 36.03, Honolulu County, Hawaii",475000,60625,319,119,0.015673045,0.015673045,0,1886,113,0,0,8,0,10,12,58,25,0,0,1965,113,54,59,6,0,0,6
ACSSF,HI,150,0,15,3,3604,1,1500000US150030036041,"Block Group 1, Census Tract 36.04, Honolulu County, Hawaii",,,1.50E+11,103339,0,15,"Block Group 1, Census Tract 36.04, Honolulu County, Hawaii",453600,39123,1000,676,0.039899413,0.039899413,0,1589,528,0,47,7,0,38,207,159,66,4,0,1974,528,191,337,148,0,0,148
ACSSF,HI,150,0,15,3,3604,2,1500000US150030036042,"Block Group 2, Census Tract 36.04, Honolulu County, Hawaii",,,1.50E+11,85793,0,15,"Block Group 2, Census Tract 36.04, Honolulu County, Hawaii",442000,69205,1140,847,0.033124864,0.033124864,0,1400,633,0,25,0,0,37,122,394,55,0,0,1967,633,191,442,214,25,64,125
ACSSF,HI,150,0,15,3,3605,1,1500000US150030036051,"Block Group 1, Census Tract 36.05, Honolulu County, Hawaii",,,1.50E+11,154110,0,15,"Block Group 1, Census Tract 36.05, Honolulu County, Hawaii",,52361,825,503,0.059502207,0.059502207,0,1466,447,0,0,0,0,65,180,108,44,31,19,1971,447,41,406,56,0,0,56
ACSSF,HI,150,0,15,3,3606,1,1500000US150030036061,"Block Group 1, Census Tract 36.06, Honolulu County, Hawaii",,,1.50E+11,163057,0,15,"Block Group 1, Census Tract 36.06, Honolulu County, Hawaii",492600,76250,1577,695,0.062956661,0.062956661,0,1227,663,0,0,66,74,114,235,79,64,31,0,1976,663,100,563,32,9,0,23
ACSSF,HI,150,0,15,3,3606,2,1500000US150030036062,"Block Group 2, Census Tract 36.06, Honolulu County, Hawaii",,,1.50E+11,61341,0,15,"Block Group 2, Census Tract 36.06, Honolulu County, Hawaii",865600,95556,1291,937,0.023683894,0.023683894,0,1922,712,0,42,526,0,0,19,17,20,45,43,2004,712,372,340,225,48,0,177
ACSSF,HI,150,0,15,3,3701,1,1500000US150030037011,"Block Group 1, Census Tract 37.01, Honolulu County, Hawaii",,,1.50E+11,27297,3359,15,"Block Group 1, Census Tract 37.01, Honolulu County, Hawaii",447500,52778,344,275,0.011836348,0.010539431,0.001296917,1436,230,0,0,0,0,10,74,54,13,79,0,1968,230,102,128,45,45,0,0
ACSSF,HI,150,0,15,3,3701,2,1500000US150030037012,"Block Group 2, Census Tract 37.01, Honolulu County, Hawaii",,,1.50E+11,34207,3668,15,"Block Group 2, Census Tract 37.01, Honolulu County, Hawaii",656300,173088,711,365,0.01462362,0.013207397,0.001416223,2118,312,0,0,52,0,0,138,66,56,0,0,1972,312,145,167,53,0,15,38
ACSSF,HI,150,0,15,3,3701,3,1500000US150030037013,"Block Group 3, Census Tract 37.01, Honolulu County, Hawaii",,,1.50E+11,45069,0,15,"Block Group 3, Census Tract 37.01, Honolulu County, Hawaii",850100,47088,1454,619,0.017401239,0.017401239,0,2011,619,0,441,0,0,0,121,36,0,0,21,2013,619,469,150,0,0,0,0
ACSSF,HI,150,0,15,3,3701,4,1500000US150030037014,"Block Group 4, Census Tract 37.01, Honolulu County, Hawaii",,,1.50E+11,50330,6620,15,"Block Group 4, Census Tract 37.01, Honolulu County, Hawaii",,,0,0,0.021988519,0.019432522,0.002555996,,0,0,0,0,0,0,0,0,0,0,0,,0,0,0,0,0,0,0
ACSSF,HI,150,0,15,3,3702,1,1500000US150030037021,"Block Group 1, Census Tract 37.02, Honolulu County, Hawaii",,,1.50E+11,45915,0,15,"Block Group 1, Census Tract 37.02, Honolulu County, Hawaii",736900,,369,359,0.017727882,0.017727882,0,3339,222,0,0,9,108,0,105,0,0,0,0,1993,222,127,95,137,0,0,137
ACSSF,HI,150,0,15,3,3702,2,1500000US150030037022,"Block Group 2, Census Tract 37.02, Honolulu County, Hawaii",,,1.50E+11,22468,0,15,"Block Group 2, Census Tract 37.02, Honolulu County, Hawaii",955400,129611,1459,910,0.008674944,0.008674944,0,3501,689,0,287,316,59,27,0,0,0,0,0,2008,689,335,354,221,0,0,221
ACSSF,HI,150,0,15,3,3702,3,1500000US150030037023,"Block Group 3, Census Tract 37.02, Honolulu County, Hawaii",,,1.50E+11,166022,0,15,"Block Group 3, Census Tract 37.02, Honolulu County, Hawaii",1108900,61653,1168,1066,0.064101458,0.064101458,0,1728,717,0,296,0,406,15,0,0,0,0,0,2012,717,190,527,349,0,47,302
ACSSF,HI,150,0,15,3,3702,4,1500000US150030037024,"Block Group 4, Census Tract 37.02, Honolulu County, Hawaii",,,1.50E+11,30580,0,15,"Block Group 4, Census Tract 37.02, Honolulu County, Hawaii",,123306,140,115,0.011807005,0.011807005,0,,72,0,45,0,0,0,10,17,0,0,0,2013,72,41,31,43,0,0,43
ACSSF,HI,150,0,15,3,3703,1,1500000US150030037031,"Block Group 1, Census Tract 37.03, Honolulu County, Hawaii",,,1.50E+11,82532,0,15,"Block Group 1, Census Tract 37.03, Honolulu County, Hawaii",886500,124786,1113,826,0.031865783,0.031865783,0,3111,664,0,338,326,0,0,0,0,0,0,0,2011,664,487,177,162,21,0,141
ACSSF,HI,150,0,15,3,3703,2,1500000US150030037032,"Block Group 2, Census Tract 37.03, Honolulu County, Hawaii",,,1.50E+11,52014,0,15,"Block Group 2, Census Tract 37.03, Honolulu County, Hawaii",1645700,2499,482,382,0.020082718,0.020082718,0,,289,0,75,0,0,0,0,0,0,0,214,1938,289,289,0,93,15,0,78
ACSSF,HI,150,0,15,3,3703,3,1500000US150030037033,"Block Group 3, Census Tract 37.03, Honolulu County, Hawaii",,,1.50E+11,72085,0,15,"Block Group 3, Census Tract 37.03, Honolulu County, Hawaii",773400,87667,797,760,0.027832175,0.027832175,0,2494,444,0,26,78,79,24,0,149,88,0,0,1991,444,193,251,316,0,0,316
ACSSF,HI,150,0,15,3,3703,4,1500000US150030037034,"Block Group 4, Census Tract 37.03, Honolulu County, Hawaii",,,1.50E+11,504791,912567,15,"Block Group 4, Census Tract 37.03, Honolulu County, Hawaii",,,0,0,0.547245026,0.1949009,0.352344096,,0,0,0,0,0,0,0,0,0,0,0,,0,0,0,0,0,0,0
ACSSF,HI,150,0,15,3,3703,5,1500000US150030037035,"Block Group 5, Census Tract 37.03, Honolulu County, Hawaii",,,1.50E+11,638350,0,15,"Block Group 5, Census Tract 37.03, Honolulu County, Hawaii",2000001,170486,410,401,0.24646832,0.24646832,0,,159,0,86,0,27,0,0,0,11,35,0,2011,159,102,57,242,0,0,242
ACSSF,HI,150,0,15,3,3801,1,1500000US150030038011,"Block Group 1, Census Tract 38.01, Honolulu County, Hawaii",,,1.50E+11,105875,0,15,"Block Group 1, Census Tract 38.01, Honolulu County, Hawaii",888000,43877,1604,1023,0.040878568,0.040878568,0,1367,974,0,521,0,273,91,89,0,0,0,0,2010,974,237,737,49,0,0,49
ACSSF,HI,150,0,15,3,3801,2,1500000US150030038012,"Block Group 2, Census Tract 38.01, Honolulu County, Hawaii",,,1.50E+11,113623,0,15,"Block Group 2, Census Tract 38.01, Honolulu County, Hawaii",644500,90380,1568,605,0.043870088,0.043870088,0,1701,605,0,324,0,202,5,74,0,0,0,0,2011,605,316,289,0,0,0,0
ACSSF,HI,150,0,15,3,3801,3,1500000US150030038013,"Block Group 3, Census Tract 38.01, Honolulu County, Hawaii",,,1.50E+11,188382,53596,15,"Block Group 3, Census Tract 38.01, Honolulu County, Hawaii",,,0,0,0.093428232,0.072734699,0.020693531,,0,0,0,0,0,0,0,0,0,0,0,,0,0,0,0,0,0,0
ACSSF,HI,150,0,15,3,3801,4,1500000US150030038014,"Block Group 4, Census Tract 38.01, Honolulu County, Hawaii",,,1.50E+11,119233,0,15,"Block Group 4, Census Tract 38.01, Honolulu County, Hawaii",780400,72565,1639,1026,0.046036121,0.046036121,0,1939,959,0,551,0,305,33,46,0,24,0,0,2012,959,583,376,67,0,0,67
ACSSF,HI,150,0,15,3,3801,5,1500000US150030038015,"Block Group 5, Census Tract 38.01, Honolulu County, Hawaii",,,1.50E+11,346810,320856,15,"Block Group 5, Census Tract 38.01, Honolulu County, Hawaii",,,3,0,0.257787287,0.133904099,0.123883203,,0,0,0,0,0,0,0,0,0,0,0,,0,0,0,0,0,0,0
ACSSF,HI,150,0,15,3,3802,1,1500000US150030038021,"Block Group 1, Census Tract 38.02, Honolulu County, Hawaii",,,1.50E+11,89566,0,15,"Block Group 1, Census Tract 38.02, Honolulu County, Hawaii",,,265,233,0.034581628,0.034581628,0,,170,0,0,0,76,20,0,0,0,74,0,1992,170,76,94,63,0,0,63
ACSSF,HI,150,0,15,3,3802,2,1500000US150030038022,"Block Group 2, Census Tract 38.02, Honolulu County, Hawaii",,,1.50E+11,42343,0,15,"Block Group 2, Census Tract 38.02, Honolulu County, Hawaii",620800,106939,2323,1304,0.016348725,0.016348725,0,2467,1173,0,1037,0,0,136,0,0,0,0,0,2014,1173,652,521,131,0,0,131
ACSSF,HI,150,0,15,3,3802,3,1500000US150030038023,"Block Group 3, Census Tract 38.02, Honolulu County, Hawaii",,,1.50E+11,27731,0,15,"Block Group 3, Census Tract 38.02, Honolulu County, Hawaii",804700,126058,1061,490,0.010706999,0.010706999,0,,490,0,0,490,0,0,0,0,0,0,0,,490,429,61,0,0,0,0
ACSSF,HI,150,0,15,3,3802,4,1500000US150030038024,"Block Group 4, Census Tract 38.02, Honolulu County, Hawaii",,,1.50E+11,24138,0,15,"Block Group 4, Census Tract 38.02, Honolulu County, Hawaii",,,0,0,0.009319735,0.009319735,0,,0,0,0,0,0,0,0,0,0,0,0,,0,0,0,0,0,0,0
ACSSF,HI,150,0,15,3,3802,5,1500000US150030038025,"Block Group 5, Census Tract 38.02, Honolulu County, Hawaii",,,1.50E+11,109618,0,15,"Block Group 5, Census Tract 38.02, Honolulu County, Hawaii",925400,102448,1343,813,0.04232375,0.04232375,0,2664,813,0,496,66,88,125,38,0,0,0,0,2012,813,443,370,0,0,0,0
ACSSF,HI,150,0,15,3,3900,1,1500000US150030039001,"Block Group 1, Census Tract 39, Honolulu County, Hawaii",,,1.50E+11,995333,424713,15,"Block Group 1, Census Tract 39, Honolulu County, Hawaii",398300,19524,343,277,0.548282862,0.384300232,0.163982615,724,264,0,8,9,200,0,21,8,18,0,0,1994,264,59,205,13,13,0,0
ACSSF,HI,150,0,15,3,4000,1,1500000US150030040001,"Block Group 1, Census Tract 40, Honolulu County, Hawaii",,,1.50E+11,205550,0,15,"Block Group 1, Census Tract 40, Honolulu County, Hawaii",469600,73810,952,689,0.079363301,0.079363301,0,2347,524,0,0,38,21,180,210,48,10,0,17,1979,524,236,288,165,34,0,131
ACSSF,HI,150,0,15,3,4000,2,1500000US150030040002,"Block Group 2, Census Tract 40, Honolulu County, Hawaii",,,1.50E+11,92492,0,15,"Block Group 2, Census Tract 40, Honolulu County, Hawaii",818500,56813,516,329,0.035711363,0.035711363,0,1334,249,0,0,0,111,75,22,28,6,0,7,1986,249,67,182,80,72,0,8
ACSSF,HI,150,0,15,3,4101,1,1500000US150030041011,"Block Group 1, Census Tract 41.01, Honolulu County, Hawaii",,,1.50E+11,27329,0,15,"Block Group 1, Census Tract 41.01, Honolulu County, Hawaii",398400,86946,549,409,0.010551786,0.010551786,0,1246,371,0,18,0,28,15,203,99,0,8,0,1974,371,162,209,38,0,0,38
ACSSF,HI,150,0,15,3,4101,2,1500000US150030041012,"Block Group 2, Census Tract 41.01, Honolulu County, Hawaii",,,1.50E+11,131959,0,15,"Block Group 2, Census Tract 41.01, Honolulu County, Hawaii",497100,26596,898,478,0.050949655,0.050949655,0,1284,469,0,4,44,0,24,180,150,36,8,23,1971,469,124,345,9,0,0,9
ACSSF,HI,150,0,15,3,4102,1,1500000US150030041021,"Block Group 1, Census Tract 41.02, Honolulu County, Hawaii",,,1.50E+11,29650,0,15,"Block Group 1, Census Tract 41.02, Honolulu County, Hawaii",339700,62071,840,534,0.01144793,0.01144793,0,1746,534,0,0,0,70,0,421,43,0,0,0,1975,534,229,305,0,0,0,0
ACSSF,HI,150,0,15,3,4102,2,1500000US150030041022,"Block Group 2, Census Tract 41.02, Honolulu County, Hawaii",,,1.50E+11,104076,0,15,"Block Group 2, Census Tract 41.02, Honolulu County, Hawaii",353900,61339,1105,570,0.040183969,0.040183969,0,1307,525,0,0,9,74,39,239,108,56,0,0,1973,525,189,336,45,0,10,35
ACSSF,HI,150,0,15,3,4102,3,1500000US150030041023,"Block Group 3, Census Tract 41.02, Honolulu County, Hawaii",,,1.50E+11,380599,0,15,"Block Group 3, Census Tract 41.02, Honolulu County, Hawaii",387500,,632,268,0.146950096,0.146950096,0,1108,259,0,0,0,0,58,106,78,17,0,0,1973,259,76,183,9,0,0,9
ACSSF,HI,150,0,15,3,4201,1,1500000US150030042011,"Block Group 1, Census Tract 42.01, Honolulu County, Hawaii",,,1.50E+11,12922,0,15,"Block Group 1, Census Tract 42.01, Honolulu County, Hawaii",394500,81550,731,442,0.004989212,0.004989212,0,1752,417,0,0,0,0,18,354,28,17,0,0,1975,417,225,192,25,0,0,25
ACSSF,HI,150,0,15,3,4201,2,1500000US150030042012,"Block Group 2, Census Tract 42.01, Honolulu County, Hawaii",,,1.50E+11,23965,0,15,"Block Group 2, Census Tract 42.01, Honolulu County, Hawaii",429000,96574,797,538,0.009252938,0.009252938,0,1750,538,0,0,0,0,13,461,39,25,0,0,1974,538,220,318,0,0,0,0
ACSSF,HI,150,0,15,3,4202,1,1500000US150030042021,"Block Group 1, Census Tract 42.02, Honolulu County, Hawaii",,,1.50E+11,110245,0,15,"Block Group 1, Census Tract 42.02, Honolulu County, Hawaii",898700,199792,852,430,0.042565834,0.042565834,0,3501,387,0,22,294,0,50,5,16,0,0,0,2004,387,287,100,43,0,0,43
ACSSF,HI,150,0,15,3,4202,2,1500000US150030042022,"Block Group 2, Census Tract 42.02, Honolulu County, Hawaii",,,1.50E+11,111666,0,15,"Block Group 2, Census Tract 42.02, Honolulu County, Hawaii",369600,,692,644,0.043114487,0.043114487,0,1812,508,0,0,0,11,14,115,295,55,0,18,1966,508,253,255,136,0,46,90
ACSSF,HI,150,0,15,3,4301,1,1500000US150030043011,"Block Group 1, Census Tract 43.01, Honolulu County, Hawaii",,,1.50E+11,88468,0,15,"Block Group 1, Census Tract 43.01, Honolulu County, Hawaii",708300,,743,345,0.034157686,0.034157686,0,1821,308,0,0,0,0,92,135,13,27,0,41,1976,308,100,208,37,0,0,37
ACSSF,HI,150,0,15,3,4301,2,1500000US150030043012,"Block Group 2, Census Tract 43.01, Honolulu County, Hawaii",,,1.50E+11,855370,0,15,"Block Group 2, Census Tract 43.01, Honolulu County, Hawaii",636000,103229,1793,708,0.330260217,0.330260217,0,,623,0,72,28,15,145,202,117,32,0,12,1975,623,419,204,85,0,0,85
ACSSF,HI,150,0,15,3,4302,1,1500000US150030043021,"Block Group 1, Census Tract 43.02, Honolulu County, Hawaii",,,1.50E+11,111837,0,15,"Block Group 1, Census Tract 43.02, Honolulu County, Hawaii",925000,105146,1316,433,0.04318051,0.04318051,0,2529,433,0,0,0,0,19,149,100,93,72,0,1965,433,126,307,0,0,0,0
ACSSF,HI,150,0,15,3,4302,2,1500000US150030043022,"Block Group 2, Census Tract 43.02, Honolulu County, Hawaii",,,1.50E+11,159191,0,15,"Block Group 2, Census Tract 43.02, Honolulu County, Hawaii",,52688,860,450,0.061463993,0.061463993,0,1372,333,0,0,0,45,0,62,145,28,34,19,1967,333,41,292,117,95,0,22
ACSSF,HI,150,0,15,3,4302,3,1500000US150030043023,"Block Group 3, Census Tract 43.02, Honolulu County, Hawaii",,,1.50E+11,118126,0,15,"Block Group 3, Census Tract 43.02, Honolulu County, Hawaii",761400,44826,580,508,0.045608707,0.045608707,0,1538,267,0,20,43,22,0,47,14,49,17,55,1977,267,107,160,241,0,0,241
ACSSF,HI,150,0,15,3,4401,1,1500000US150030044011,"Block Group 1, Census Tract 44.01, Honolulu County, Hawaii",,,1.50E+11,158709,0,15,"Block Group 1, Census Tract 44.01, Honolulu County, Hawaii",1052200,101313,471,250,0.061277889,0.061277889,0,2145,197,0,0,17,30,28,26,25,26,40,5,1960,197,138,59,53,24,0,29
ACSSF,HI,150,0,15,3,4401,2,1500000US150030044012,"Block Group 2, Census Tract 44.01, Honolulu County, Hawaii",,,1.50E+11,180142,0,15,"Block Group 2, Census Tract 44.01, Honolulu County, Hawaii",1033000,,1145,355,0.069553219,0.069553219,0,1218,302,11,0,18,9,59,37,35,90,15,28,1963,302,207,95,53,0,0,53
ACSSF,HI,150,0,15,3,4401,3,1500000US150030044013,"Block Group 3, Census Tract 44.01, Honolulu County, Hawaii",,,1.50E+11,141900,0,15,"Block Group 3, Census Tract 44.01, Honolulu County, Hawaii",985500,73300,724,292,0.0547879,0.0547879,0,,292,0,0,0,3,61,20,10,13,101,84,1946,292,192,100,0,0,0,0
ACSSF,HI,150,0,15,3,4402,1,1500000US150030044021,"Block Group 1, Census Tract 44.02, Honolulu County, Hawaii",,,1.50E+11,534255,0,15,"Block Group 1, Census Tract 44.02, Honolulu County, Hawaii",657200,111607,1668,437,0.206277013,0.206277013,0,817,407,1,37,36,54,37,96,56,36,48,6,1976,407,373,34,30,1,0,29
ACSSF,HI,150,0,15,3,4402,2,1500000US150030044022,"Block Group 2, Census Tract 44.02, Honolulu County, Hawaii",,,1.50E+11,2704638,0,15,"Block Group 2, Census Tract 44.02, Honolulu County, Hawaii",1011100,153906,1037,459,1.044266582,1.044266582,0,2160,442,0,69,6,0,43,10,91,135,35,53,1960,442,352,90,17,9,0,8
ACSSF,HI,150,0,15,3,4500,1,1500000US150030045001,"Block Group 1, Census Tract 45, Honolulu County, Hawaii",,,1.50E+11,658540,0,15,"Block Group 1, Census Tract 45, Honolulu County, Hawaii",1571400,74844,1156,544,0.254263729,0.254263729,0,1434,502,0,0,49,63,28,0,78,86,26,172,1956,502,424,78,42,0,0,42
ACSSF,HI,150,0,15,3,4500,2,1500000US150030045002,"Block Group 2, Census Tract 45, Honolulu County, Hawaii",,,1.50E+11,6088994,222694,15,"Block Group 2, Census Tract 45, Honolulu County, Hawaii",1398100,141250,1460,523,2.436956406,2.350973845,0.085982636,1205,374,0,37,0,16,46,0,73,148,39,15,1959,374,296,78,149,0,42,107
ACSSF,HI,150,0,15,3,4500,3,1500000US150030045003,"Block Group 3, Census Tract 45, Honolulu County, Hawaii",,,1.50E+11,254176,0,15,"Block Group 3, Census Tract 45, Honolulu County, Hawaii",543700,111303,1528,1104,0.098137908,0.098137908,0,2826,871,0,161,0,44,231,327,94,14,0,0,1981,871,375,496,233,115,0,118
ACSSF,HI,150,0,15,3,4500,4,1500000US150030045004,"Block Group 4, Census Tract 45, Honolulu County, Hawaii",,,1.50E+11,712830,0,15,"Block Group 4, Census Tract 45, Honolulu County, Hawaii",2000001,181333,811,322,0.275225222,0.275225222,0,,322,0,3,21,0,126,0,74,16,30,52,1969,322,307,15,0,0,0,0
ACSSF,HI,150,0,15,3,4600,1,1500000US150030046001,"Block Group 1, Census Tract 46, Honolulu County, Hawaii",,,1.50E+11,6014290,15431,15,"Block Group 1, Census Tract 46, Honolulu County, Hawaii",1631600,227727,1020,308,2.328088284,2.322130442,0.005957942,3501,308,0,33,24,39,0,0,30,111,59,12,1957,308,266,42,0,0,0,0
ACSSF,HI,150,0,15,3,4600,2,1500000US150030046002,"Block Group 2, Census Tract 46, Honolulu County, Hawaii",,,1.50E+11,362162,0,15,"Block Group 2, Census Tract 46, Honolulu County, Hawaii",1183400,176389,843,262,0.139831543,0.139831543,0,,262,0,9,0,37,0,7,69,98,9,33,1959,262,215,47,0,0,0,0
ACSSF,HI,150,0,15,3,4600,3,1500000US150030046003,"Block Group 3, Census Tract 46, Honolulu County, Hawaii",,,1.50E+11,313672,0,15,"Block Group 3, Census Tract 46, Honolulu County, Hawaii",1197400,107153,1150,379,0.121109441,0.121109441,0,2620,351,0,14,17,24,89,43,53,7,40,64,1970,351,243,108,28,0,7,21
ACSSF,HI,150,0,15,3,4600,4,1500000US150030046004,"Block Group 4, Census Tract 46, Honolulu County, Hawaii",,,1.50E+11,166775,0,15,"Block Group 4, Census Tract 46, Honolulu County, Hawaii",1104700,141042,767,223,0.064392187,0.064392187,0,1917,161,0,0,10,0,30,23,32,38,6,22,1962,161,126,35,62,0,0,62
ACSSF,HI,150,0,15,3,4701,1,1500000US150030047011,"Block Group 1, Census Tract 47.01, Honolulu County, Hawaii",,,1.50E+11,308813,0,15,"Block Group 1, Census Tract 47.01, Honolulu County, Hawaii",1162000,134167,1345,340,0.11923337,0.11923337,0,3022,340,0,0,22,11,19,50,101,52,78,7,1963,340,275,65,0,0,0,0
ACSSF,HI,150,0,15,3,4701,2,1500000US150030047012,"Block Group 2, Census Tract 47.01, Honolulu County, Hawaii",,,1.50E+11,314744,0,15,"Block Group 2, Census Tract 47.01, Honolulu County, Hawaii",1023100,122206,1173,488,0.121523343,0.121523343,0,2158,452,0,18,39,35,4,78,85,123,21,49,1962,452,371,81,36,0,0,36
ACSSF,HI,150,0,15,3,4702,1,1500000US150030047021,"Block Group 1, Census Tract 47.02, Honolulu County, Hawaii",,,1.50E+11,185645,0,15,"Block Group 1, Census Tract 47.02, Honolulu County, Hawaii",979600,166375,771,230,0.071677938,0.071677938,0,2667,230,0,12,0,11,13,0,11,149,17,17,1955,230,198,32,0,0,0,0
ACSSF,HI,150,0,15,3,4702,2,1500000US150030047022,"Block Group 2, Census Tract 47.02, Honolulu County, Hawaii",,,1.50E+11,351885,0,15,"Block Group 2, Census Tract 47.02, Honolulu County, Hawaii",1151200,,679,302,0.135863557,0.135863557,0,1839,273,0,0,50,1,0,18,21,72,76,35,1952,273,161,112,29,0,0,29
ACSSF,HI,150,0,15,3,4702,3,1500000US150030047023,"Block Group 3, Census Tract 47.02, Honolulu County, Hawaii",,,1.50E+11,221847,0,15,"Block Group 3, Census Tract 47.02, Honolulu County, Hawaii",1237700,133902,1026,320,0.085655607,0.085655607,0,2361,273,23,34,5,9,11,53,32,56,13,37,1962,273,153,120,47,0,0,47
ACSSF,HI,150,0,15,3,4801,1,1500000US150030048011,"Block Group 1, Census Tract 48.01, Honolulu County, Hawaii",,,1.50E+11,2540676,0,15,"Block Group 1, Census Tract 48.01, Honolulu County, Hawaii",1164300,,834,189,0.980960548,0.980960548,0,,189,0,0,10,0,7,0,96,26,50,0,1962,189,182,7,0,0,0,0
ACSSF,HI,150,0,15,3,4801,2,1500000US150030048012,"Block Group 2, Census Tract 48.01, Honolulu County, Hawaii",,,1.50E+11,300095,0,15,"Block Group 2, Census Tract 48.01, Honolulu County, Hawaii",711500,167045,882,282,0.115867332,0.115867332,0,1460,282,0,0,0,48,11,0,108,16,3,96,1962,282,154,128,0,0,0,0
ACSSF,HI,150,0,15,3,4801,3,1500000US150030048013,"Block Group 3, Census Tract 48.01, Honolulu County, Hawaii",,,1.50E+11,148300,0,15,"Block Group 3, Census Tract 48.01, Honolulu County, Hawaii",1080400,88645,1285,499,0.057258952,0.057258952,0,2039,492,0,0,11,0,0,10,78,60,292,41,1947,492,377,115,7,7,0,0
ACSSF,HI,150,0,15,3,4802,1,1500000US150030048021,"Block Group 1, Census Tract 48.02, Honolulu County, Hawaii",,,1.50E+11,230509,0,15,"Block Group 1, Census Tract 48.02, Honolulu County, Hawaii",1138900,103816,1584,482,0.089000024,0.089000024,0,2057,460,0,9,18,19,27,30,89,85,37,146,1957,460,338,122,22,0,0,22
ACSSF,HI,150,0,15,3,4802,2,1500000US150030048022,"Block Group 2, Census Tract 48.02, Honolulu County, Hawaii",,,1.50E+11,113833,0,15,"Block Group 2, Census Tract 48.02, Honolulu County, Hawaii",1073500,112778,857,294,0.043951169,0.043951169,0,,248,0,0,0,72,18,51,27,50,0,30,1969,248,116,132,46,0,0,46
ACSSF,HI,150,0,15,3,4802,3,1500000US150030048023,"Block Group 3, Census Tract 48.02, Honolulu County, Hawaii",,,1.50E+11,156539,0,15,"Block Group 3, Census Tract 48.02, Honolulu County, Hawaii",1343800,,1067,281,0.060440049,0.060440049,0,997,281,0,33,16,24,9,63,72,11,31,22,1971,281,94,187,0,0,0,0
ACSSF,HI,150,0,15,3,4900,1,1500000US150030049001,"Block Group 1, Census Tract 49, Honolulu County, Hawaii",,,1.50E+11,131266,0,15,"Block Group 1, Census Tract 49, Honolulu County, Hawaii",1037300,79750,1776,382,0.050682086,0.050682086,0,1906,382,5,10,65,76,22,16,81,42,31,34,1972,382,197,185,0,0,0,0
ACSSF,HI,150,0,15,3,4900,2,1500000US150030049002,"Block Group 2, Census Tract 49, Honolulu County, Hawaii",,,1.50E+11,187821,0,15,"Block Group 2, Census Tract 49, Honolulu County, Hawaii",856300,84750,1191,391,0.072518095,0.072518095,0,1690,372,0,0,20,52,43,113,74,7,45,18,1974,372,93,279,19,0,0,19
ACSSF,HI,150,0,15,3,4900,3,1500000US150030049003,"Block Group 3, Census Tract 49, Honolulu County, Hawaii",,,1.50E+11,92322,0,15,"Block Group 3, Census Tract 49, Honolulu County, Hawaii",464700,76250,809,329,0.035645723,0.035645723,0,1667,299,0,0,0,25,26,157,49,16,13,13,1973,299,174,125,30,0,0,30
ACSSF,HI,150,0,15,3,5000,1,1500000US150030050001,"Block Group 1, Census Tract 50, Honolulu County, Hawaii",,,1.50E+11,182649,0,15,"Block Group 1, Census Tract 50, Honolulu County, Hawaii",925000,59966,1114,518,0.070521176,0.070521176,0,1051,459,6,7,0,22,45,263,74,17,18,7,1974,459,197,262,59,17,0,42
ACSSF,HI,150,0,15,3,5000,2,1500000US150030050002,"Block Group 2, Census Tract 50, Honolulu County, Hawaii",,,1.50E+11,115070,0,15,"Block Group 2, Census Tract 50, Honolulu County, Hawaii",545000,68929,865,355,0.044428777,0.044428777,0,2253,336,0,0,55,26,96,102,25,19,0,13,1980,336,233,103,19,0,0,19
ACSSF,HI,150,0,15,3,5000,3,1500000US150030050003,"Block Group 3, Census Tract 50, Honolulu County, Hawaii",,,1.50E+11,122421,0,15,"Block Group 3, Census Tract 50, Honolulu County, Hawaii",724200,50208,791,271,0.047267016,0.047267016,0,1683,271,0,0,0,17,17,72,81,19,14,51,1966,271,165,106,0,0,0,0
ACSSF,HI,150,0,15,3,5000,4,1500000US150030050004,"Block Group 4, Census Tract 50, Honolulu County, Hawaii",,,1.50E+11,128002,0,15,"Block Group 4, Census Tract 50, Honolulu County, Hawaii",513900,54537,1010,512,0.049421851,0.049421851,0,1476,412,0,0,10,159,26,58,111,29,19,0,1973,412,17,395,100,55,0,45
ACSSF,HI,150,0,15,3,5100,1,1500000US150030051001,"Block Group 1, Census Tract 51, Honolulu County, Hawaii",,,1.50E+11,15901,0,15,"Block Group 1, Census Tract 51, Honolulu County, Hawaii",591500,109250,1701,1017,0.006139411,0.006139411,0,2486,939,0,0,20,148,553,120,45,45,8,0,1985,939,473,466,78,0,0,78
ACSSF,HI,150,0,15,3,5100,2,1500000US150030051002,"Block Group 2, Census Tract 51, Honolulu County, Hawaii",,,1.50E+11,174451,0,15,"Block Group 2, Census Tract 51, Honolulu County, Hawaii",,24767,1285,642,0.067355908,0.067355908,0,793,628,0,0,0,54,47,451,22,48,6,0,1975,628,19,609,14,0,0,14
ACSSF,HI,150,0,15,3,5200,1,1500000US150030052001,"Block Group 1, Census Tract 52, Honolulu County, Hawaii",,,1.50E+11,101119,35339,15,"Block Group 1, Census Tract 52, Honolulu County, Hawaii",,,767,524,0.052686732,0.039042264,0.013644464,1236,418,0,0,5,313,6,41,34,0,0,19,1993,418,8,410,106,106,0,0
ACSSF,HI,150,0,15,3,5200,2,1500000US150030052002,"Block Group 2, Census Tract 52, Honolulu County, Hawaii",,,1.50E+11,69435,0,15,"Block Group 2, Census Tract 52, Honolulu County, Hawaii",,23274,1923,956,0.026809005,0.026809005,0,828,931,0,0,5,97,485,220,67,14,5,38,1982,931,7,924,25,0,0,25
ACSSF,HI,150,0,15,3,5300,1,1500000US150030053001,"Block Group 1, Census Tract 53, Honolulu County, Hawaii",,,1.50E+11,215096,0,15,"Block Group 1, Census Tract 53, Honolulu County, Hawaii",,71964,3439,1057,0.083049037,0.083049037,0,1881,943,0,20,15,52,115,224,338,147,32,0,1970,943,0,943,114,114,0,0
ACSSF,HI,150,0,15,3,5300,2,1500000US150030053002,"Block Group 2, Census Tract 53, Honolulu County, Hawaii",,,1.50E+11,134350,0,15,"Block Group 2, Census Tract 53, Honolulu County, Hawaii",402800,26458,1014,507,0.051872827,0.051872827,0,868,468,0,0,0,0,0,283,149,10,10,16,1972,468,121,347,39,0,0,39
ACSSF,HI,150,0,15,3,5400,1,1500000US150030054001,"Block Group 1, Census Tract 54, Honolulu County, Hawaii",,,1.50E+11,82625,0,15,"Block Group 1, Census Tract 54, Honolulu County, Hawaii",,41011,1492,454,0.031901691,0.031901691,0,801,395,0,0,4,9,2,34,101,165,57,23,1958,395,0,395,59,12,0,47
ACSSF,HI,150,0,15,3,5500,1,1500000US150030055001,"Block Group 1, Census Tract 55, Honolulu County, Hawaii",,,1.50E+11,215737,0,15,"Block Group 1, Census Tract 55, Honolulu County, Hawaii",763600,65938,2096,646,0.083296522,0.083296522,0,1518,578,0,9,82,39,124,123,63,92,11,35,1974,578,228,350,68,13,0,55
ACSSF,HI,150,0,15,3,5601,1,1500000US150030056011,"Block Group 1, Census Tract 56.01, Honolulu County, Hawaii",,,1.50E+11,51923,0,15,"Block Group 1, Census Tract 56.01, Honolulu County, Hawaii",937500,15991,1182,437,0.020047583,0.020047583,0,359,413,0,0,6,7,200,127,73,0,0,0,1981,413,19,394,24,0,0,24
ACSSF,HI,150,0,15,3,5601,2,1500000US150030056012,"Block Group 2, Census Tract 56.01, Honolulu County, Hawaii",,,1.50E+11,103176,3493,15,"Block Group 2, Census Tract 56.01, Honolulu County, Hawaii",804700,84500,1231,296,0.041185133,0.039836477,0.001348655,583,296,0,22,20,0,83,16,0,24,30,101,1957,296,126,170,0,0,0,0
ACSSF,HI,150,0,15,3,5602,1,1500000US150030056021,"Block Group 1, Census Tract 56.02, Honolulu County, Hawaii",,,1.50E+11,334654,0,15,"Block Group 1, Census Tract 56.02, Honolulu County, Hawaii",896600,125150,1235,259,0.129210636,0.129210636,0,2773,259,0,14,81,11,0,0,44,67,0,42,1965,259,199,60,0,0,0,0
ACSSF,HI,150,0,15,3,5602,2,1500000US150030056022,"Block Group 2, Census Tract 56.02, Honolulu County, Hawaii",,,1.50E+11,107818,0,15,"Block Group 2, Census Tract 56.02, Honolulu County, Hawaii",,46250,688,316,0.041628763,0.041628763,0,1369,244,0,32,11,0,0,112,62,15,12,0,1975,244,89,155,72,0,0,72
ACSSF,HI,150,0,15,3,5602,3,1500000US150030056023,"Block Group 3, Census Tract 56.02, Honolulu County, Hawaii",,,1.50E+11,338018,7220,15,"Block Group 3, Census Tract 56.02, Honolulu County, Hawaii",618400,95393,2346,571,0.133297145,0.130509481,0.002787658,1510,571,0,10,93,43,14,53,160,85,94,19,1965,571,232,339,0,0,0,0
ACSSF,HI,150,0,15,3,5700,1,1500000US150030057001,"Block Group 1, Census Tract 57, Honolulu County, Hawaii",,,1.50E+11,3495303,1926170,15,"Block Group 1, Census Tract 57, Honolulu County, Hawaii",512300,69792,1864,588,2.093242407,1.349544048,0.743698418,1708,588,0,192,356,11,0,9,0,20,0,0,2007,588,154,434,0,0,0,0
ACSSF,HI,150,0,15,3,5700,2,1500000US150030057002,"Block Group 2, Census Tract 57, Honolulu County, Hawaii",,,1.50E+11,501210,19570,15,"Block Group 2, Census Tract 57, Honolulu County, Hawaii",,42083,1005,467,0.201074287,0.193518266,0.007556019,857,398,0,0,31,48,0,25,190,82,9,13,1965,398,0,398,69,69,0,0
ACSSF,HI,150,0,15,3,5800,1,1500000US150030058001,"Block Group 1, Census Tract 58, Honolulu County, Hawaii",,,1.50E+11,222927,0,15,"Block Group 1, Census Tract 58, Honolulu County, Hawaii",,36346,877,336,0.086072601,0.086072601,0,483,316,0,0,11,23,75,20,22,81,62,22,1958,316,28,288,20,0,20,0
ACSSF,HI,150,0,15,3,5800,2,1500000US150030058002,"Block Group 2, Census Tract 58, Honolulu County, Hawaii",,,1.50E+11,286632,0,15,"Block Group 2, Census Tract 58, Honolulu County, Hawaii",431500,66932,2045,761,0.11066924,0.11066924,0,1595,704,0,0,0,26,31,31,554,35,27,0,1965,704,414,290,57,0,27,30
ACSSF,HI,150,0,15,3,5900,1,1500000US150030059001,"Block Group 1, Census Tract 59, Honolulu County, Hawaii",,,1.50E+11,1962930,481065,15,"Block Group 1, Census Tract 59, Honolulu County, Hawaii",766300,64250,1819,653,0.943631768,0.757891536,0.185740247,1481,602,0,15,0,13,22,214,193,79,19,47,1968,602,63,539,51,28,0,23
ACSSF,HI,150,0,15,3,5900,2,1500000US150030059002,"Block Group 2, Census Tract 59, Honolulu County, Hawaii",,,1.50E+11,178406,0,15,"Block Group 2, Census Tract 59, Honolulu County, Hawaii",,,1146,0,0.068882942,0.068882942,0,,0,0,0,0,0,0,0,0,0,0,0,,0,0,0,0,0,0,0
ACSSF,HI,150,0,15,3,6000,1,1500000US150030060001,"Block Group 1, Census Tract 60, Honolulu County, Hawaii",,,1.50E+11,150786,0,15,"Block Group 1, Census Tract 60, Honolulu County, Hawaii",617600,137422,2674,556,0.058218803,0.058218803,0,1274,458,0,10,37,44,36,61,64,84,41,81,1966,458,292,166,98,0,0,98
ACSSF,HI,150,0,15,3,6000,2,1500000US150030060002,"Block Group 2, Census Tract 60, Honolulu County, Hawaii",,,1.50E+11,132629,0,15,"Block Group 2, Census Tract 60, Honolulu County, Hawaii",1048700,95650,1470,405,0.051208347,0.051208347,0,1800,335,0,0,0,59,0,33,97,48,62,36,1958,335,153,182,70,0,20,50
ACSSF,HI,150,0,15,3,6000,3,1500000US150030060003,"Block Group 3, Census Tract 60, Honolulu County, Hawaii",,,1.50E+11,432089,0,15,"Block Group 3, Census Tract 60, Honolulu County, Hawaii",,97500,1711,428,0.16683051,0.16683051,0,1710,428,0,0,0,9,0,36,137,157,70,19,1958,428,114,314,0,0,0,0
ACSSF,HI,150,0,15,3,6100,1,1500000US150030061001,"Block Group 1, Census Tract 61, Honolulu County, Hawaii",,,1.50E+11,204668,0,15,"Block Group 1, Census Tract 61, Honolulu County, Hawaii",1009600,103542,1732,368,0.079022758,0.079022758,0,1600,368,0,12,28,39,13,71,63,75,9,58,1967,368,141,227,0,0,0,0
ACSSF,HI,150,0,15,3,6100,2,1500000US150030061002,"Block Group 2, Census Tract 61, Honolulu County, Hawaii",,,1.50E+11,271191,0,15,"Block Group 2, Census Tract 61, Honolulu County, Hawaii",975000,151250,2512,417,0.104707435,0.104707435,0,2034,393,0,12,33,28,23,89,35,45,71,57,1967,393,244,149,24,0,0,24
ACSSF,HI,150,0,15,3,6202,1,1500000US150030062021,"Block Group 1, Census Tract 62.02, Honolulu County, Hawaii",,,1.50E+11,107011,0,15,"Block Group 1, Census Tract 62.02, Honolulu County, Hawaii",1020800,48393,1926,350,0.04131718,0.04131718,0,1094,331,0,7,13,0,6,68,111,84,32,10,1964,331,44,287,19,0,0,19
ACSSF,HI,150,0,15,3,6202,2,1500000US150030062022,"Block Group 2, Census Tract 62.02, Honolulu County, Hawaii",,,1.50E+11,36280,0,15,"Block Group 2, Census Tract 62.02, Honolulu County, Hawaii",,29770,980,276,0.014007787,0.014007787,0,853,257,0,0,0,0,0,37,159,34,27,0,1964,257,0,257,19,19,0,0
ACSSF,HI,150,0,15,3,6203,1,1500000US150030062031,"Block Group 1, Census Tract 62.03, Honolulu County, Hawaii",,,1.50E+11,338731,0,15,"Block Group 1, Census Tract 62.03, Honolulu County, Hawaii",411800,51384,3296,967,0.13078478,0.13078478,0,,903,0,0,9,79,64,199,280,64,208,0,1967,903,344,559,64,0,0,64
ACSSF,HI,150,0,15,3,6203,2,1500000US150030062032,"Block Group 2, Census Tract 62.03, Honolulu County, Hawaii",,,1.50E+11,151005,0,15,"Block Group 2, Census Tract 62.03, Honolulu County, Hawaii",866100,87157,1506,415,0.05830336,0.05830336,0,1782,376,0,10,35,94,47,101,23,32,26,8,1980,376,120,256,39,0,0,39
ACSSF,HI,150,0,15,3,6301,1,1500000US150030063011,"Block Group 1, Census Tract 63.01, Honolulu County, Hawaii",,,1.50E+11,281119,0,15,"Block Group 1, Census Tract 63.01, Honolulu County, Hawaii",902500,105938,1138,295,0.108540654,0.108540654,0,2927,271,0,0,3,0,7,23,99,131,8,0,1960,271,197,74,24,0,0,24
ACSSF,HI,150,0,15,3,6301,2,1500000US150030063012,"Block Group 2, Census Tract 63.01, Honolulu County, Hawaii",,,1.50E+11,304152,0,15,"Block Group 2, Census Tract 63.01, Honolulu County, Hawaii",893500,116719,1533,299,0.117433749,0.117433749,0,1563,285,0,6,29,0,32,10,88,88,22,10,1962,285,212,73,14,0,0,14
ACSSF,HI,150,0,15,3,6301,3,1500000US150030063013,"Block Group 3, Census Tract 63.01, Honolulu County, Hawaii",,,1.50E+11,197351,0,15,"Block Group 3, Census Tract 63.01, Honolulu County, Hawaii",1061300,108750,1318,246,0.076197654,0.076197654,0,1156,240,0,11,16,0,2,58,37,54,23,39,1960,240,179,61,6,0,0,6
ACSSF,HI,150,0,15,3,6302,1,1500000US150030063021,"Block Group 1, Census Tract 63.02, Honolulu County, Hawaii",,,1.50E+11,101915,0,15,"Block Group 1, Census Tract 63.02, Honolulu County, Hawaii",651800,136000,758,135,0.039349604,0.039349604,0,1213,128,0,0,0,0,10,7,58,53,0,0,1961,128,71,57,7,0,0,7
ACSSF,HI,150,0,15,3,6302,2,1500000US150030063022,"Block Group 2, Census Tract 63.02, Honolulu County, Hawaii",,,1.50E+11,559269,0,15,"Block Group 2, Census Tract 63.02, Honolulu County, Hawaii",865400,29196,2425,514,0.215934977,0.215934977,0,639,479,0,40,0,0,63,6,146,154,0,70,1961,479,30,449,35,0,0,35
ACSSF,HI,150,0,15,3,6401,1,1500000US150030064011,"Block Group 1, Census Tract 64.01, Honolulu County, Hawaii",,,1.50E+11,201017,0,15,"Block Group 1, Census Tract 64.01, Honolulu County, Hawaii",939200,141354,2319,437,0.0776131,0.0776131,0,1465,417,0,13,20,42,48,116,3,175,0,0,1973,417,279,138,20,0,10,10
ACSSF,HI,150,0,15,3,6402,1,1500000US150030064021,"Block Group 1, Census Tract 64.02, Honolulu County, Hawaii",,,1.50E+11,146593,0,15,"Block Group 1, Census Tract 64.02, Honolulu County, Hawaii",880000,159018,1040,353,0.056599878,0.056599878,0,,313,0,0,0,13,0,50,54,51,145,0,1956,313,301,12,40,0,0,40
ACSSF,HI,150,0,15,3,6402,2,1500000US150030064022,"Block Group 2, Census Tract 64.02, Honolulu County, Hawaii",,,1.50E+11,164016,0,15,"Block Group 2, Census Tract 64.02, Honolulu County, Hawaii",845000,151888,1370,343,0.063326932,0.063326932,0,2408,317,0,0,22,43,7,30,61,50,92,12,1963,317,242,75,26,0,0,26
ACSSF,HI,150,0,15,3,6402,3,1500000US150030064023,"Block Group 3, Census Tract 64.02, Honolulu County, Hawaii",,,1.50E+11,2019760,0,15,"Block Group 3, Census Tract 64.02, Honolulu County, Hawaii",882200,147738,2426,500,0.779833734,0.779833734,0,,492,0,25,0,38,39,53,166,127,19,25,1965,492,462,30,8,0,0,8
ACSSF,HI,150,0,15,3,6402,4,1500000US150030064024,"Block Group 4, Census Tract 64.02, Honolulu County, Hawaii",,,1.50E+11,202609,0,15,"Block Group 4, Census Tract 64.02, Honolulu County, Hawaii",1009000,175216,1995,416,0.078227773,0.078227773,0,1808,355,0,17,12,0,63,113,37,39,21,53,1972,355,246,109,61,0,0,61
ACSSF,HI,150,0,15,3,6500,1,1500000US150030065001,"Block Group 1, Census Tract 65, Honolulu County, Hawaii",,,1.50E+11,9534809,0,15,"Block Group 1, Census Tract 65, Honolulu County, Hawaii",917100,125806,3088,857,3.681410551,3.681410551,0,2182,820,0,9,74,28,38,15,329,206,94,27,1963,820,657,163,37,0,0,37
ACSSF,HI,150,0,15,3,6500,2,1500000US150030065002,"Block Group 2, Census Tract 65, Honolulu County, Hawaii",,,1.50E+11,157343,0,15,"Block Group 2, Census Tract 65, Honolulu County, Hawaii",837300,125474,1521,305,0.060750473,0.060750473,0,2172,305,0,0,9,8,28,51,40,117,39,13,1959,305,199,106,0,0,0,0
ACSSF,HI,150,0,15,3,6703,1,1500000US150030067031,"Block Group 1, Census Tract 67.03, Honolulu County, Hawaii",,,1.50E+11,1886969,0,15,"Block Group 1, Census Tract 67.03, Honolulu County, Hawaii",1047100,131379,1746,475,0.728562832,0.728562832,0,2703,470,0,34,50,4,0,86,227,29,40,0,1967,470,250,220,5,0,5,0
ACSSF,HI,150,0,15,3,6704,1,1500000US150030067041,"Block Group 1, Census Tract 67.04, Honolulu County, Hawaii",,,1.50E+11,182562,0,15,"Block Group 1, Census Tract 67.04, Honolulu County, Hawaii",,80339,2397,976,0.070487589,0.070487589,0,2241,976,0,306,106,37,69,96,205,114,15,28,1984,976,0,976,0,0,0,0
ACSSF,HI,150,0,15,3,6704,2,1500000US150030067042,"Block Group 2, Census Tract 67.04, Honolulu County, Hawaii",,,1.50E+11,239946,0,15,"Block Group 2, Census Tract 67.04, Honolulu County, Hawaii",902800,59018,433,254,0.092643671,0.092643671,0,1727,254,0,101,21,57,26,18,31,0,0,0,1999,254,55,199,0,0,0,0
ACSSF,HI,150,0,15,3,6704,3,1500000US150030067043,"Block Group 3, Census Tract 67.04, Honolulu County, Hawaii",,,1.50E+11,6615345,0,15,"Block Group 3, Census Tract 67.04, Honolulu County, Hawaii",1130800,189063,1022,308,2.55419898,2.55419898,0,,281,11,11,11,9,12,75,139,13,0,0,1970,281,240,41,27,0,0,27
ACSSF,HI,150,0,15,3,6704,4,1500000US150030067044,"Block Group 4, Census Tract 67.04, Honolulu County, Hawaii",,,1.50E+11,10341066,0,15,"Block Group 4, Census Tract 67.04, Honolulu County, Hawaii",1102100,149856,768,278,3.992707968,3.992707968,0,,269,0,11,0,0,1,28,219,10,0,0,1966,269,227,42,9,0,0,9
ACSSF,HI,150,0,15,3,6704,5,1500000US150030067045,"Block Group 5, Census Tract 67.04, Honolulu County, Hawaii",,,1.50E+11,915216,0,15,"Block Group 5, Census Tract 67.04, Honolulu County, Hawaii",1023300,128854,2719,892,0.353366882,0.353366882,0,3243,821,0,14,56,17,9,35,471,209,10,0,1964,821,747,74,71,0,0,71
ACSSF,HI,150,0,15,3,6806,1,1500000US150030068061,"Block Group 1, Census Tract 68.06, Honolulu County, Hawaii",,,1.50E+11,218253,0,15,"Block Group 1, Census Tract 68.06, Honolulu County, Hawaii",1092700,151719,973,303,0.084267959,0.084267959,0,2750,289,0,5,7,0,0,88,182,7,0,0,1967,289,269,20,14,0,0,14
ACSSF,HI,150,0,15,3,6806,2,1500000US150030068062,"Block Group 2, Census Tract 68.06, Honolulu County, Hawaii",,,1.50E+11,264513,0,15,"Block Group 2, Census Tract 68.06, Honolulu County, Hawaii",962900,138333,763,260,0.102129042,0.102129042,0,3370,260,0,0,11,0,30,123,85,8,3,0,1973,260,220,40,0,0,0,0
ACSSF,HI,150,0,15,3,6810,1,1500000US150030068101,"Block Group 1, Census Tract 68.10, Honolulu County, Hawaii",,,1.50E+11,803304,0,15,"Block Group 1, Census Tract 68.10, Honolulu County, Hawaii",,82250,2861,709,0.310157418,0.310157418,0,3279,678,0,329,240,57,0,8,44,0,0,0,2009,678,0,678,31,0,0,31
ACSSF,HI,150,0,15,3,6810,2,1500000US150030068102,"Block Group 2, Census Tract 68.10, Honolulu County, Hawaii",,,1.50E+11,192462,0,15,"Block Group 2, Census Tract 68.10, Honolulu County, Hawaii",,62917,913,319,0.074309997,0.074309997,0,3361,307,0,114,135,22,6,0,0,30,0,0,2008,307,0,307,12,12,0,0
ACSSF,HI,150,0,15,3,6811,1,1500000US150030068111,"Block Group 1, Census Tract 68.11, Honolulu County, Hawaii",,,1.50E+11,938238,0,15,"Block Group 1, Census Tract 68.11, Honolulu County, Hawaii",,75735,1714,413,0.362255722,0.362255722,0,3501,404,0,211,150,35,8,0,0,0,0,0,2011,404,20,384,9,9,0,0
ACSSF,HI,150,0,15,3,6812,1,1500000US150030068121,"Block Group 1, Census Tract 68.12, Honolulu County, Hawaii",,,1.50E+11,539083,0,15,"Block Group 1, Census Tract 68.12, Honolulu County, Hawaii",474900,95819,1418,618,0.208141118,0.208141118,0,1512,611,0,0,0,4,164,324,19,55,31,14,1976,611,421,190,7,0,0,7
ACSSF,HI,150,0,15,3,6813,1,1500000US150030068131,"Block Group 1, Census Tract 68.13, Honolulu County, Hawaii",,,1.50E+11,91038,0,15,"Block Group 1, Census Tract 68.13, Honolulu County, Hawaii",606000,127477,2306,1036,0.035149969,0.035149969,0,2212,933,0,0,288,394,81,135,9,8,0,18,1995,933,775,158,103,0,0,103
ACSSF,HI,150,0,15,3,6813,2,1500000US150030068132,"Block Group 2, Census Tract 68.13, Honolulu County, Hawaii",,,1.50E+11,70424,0,15,"Block Group 2, Census Tract 68.13, Honolulu County, Hawaii",1715900,,176,53,0.02719086,0.02719086,0,,53,0,0,0,28,0,25,0,0,0,0,1991,53,53,0,0,0,0,0
ACSSF,HI,150,0,15,3,6813,3,1500000US150030068133,"Block Group 3, Census Tract 68.13, Honolulu County, Hawaii",,,1.50E+11,115266,0,15,"Block Group 3, Census Tract 68.13, Honolulu County, Hawaii",640900,77070,1286,602,0.044504452,0.044504452,0,1875,587,0,0,72,36,256,223,0,0,0,0,1982,587,178,409,15,15,0,0
ACSSF,HI,150,0,15,3,6813,4,1500000US150030068134,"Block Group 4, Census Tract 68.13, Honolulu County, Hawaii",,,1.50E+11,1562771,12390,15,"Block Group 4, Census Tract 68.13, Honolulu County, Hawaii",1191800,250001,1659,514,0.608173072,0.603389263,0.004783806,2781,499,0,0,0,38,177,204,54,26,0,0,1979,499,411,88,15,15,0,0
ACSSF,HI,150,0,15,3,6814,1,1500000US150030068141,"Block Group 1, Census Tract 68.14, Honolulu County, Hawaii",,,1.50E+11,41889,0,15,"Block Group 1, Census Tract 68.14, Honolulu County, Hawaii",420900,100171,1396,433,0.016173434,0.016173434,0,2455,412,0,0,0,0,41,237,102,18,0,14,1973,412,301,111,21,0,9,12
ACSSF,HI,150,0,15,3,6814,2,1500000US150030068142,"Block Group 2, Census Tract 68.14, Honolulu County, Hawaii",,,1.50E+11,36978,0,15,"Block Group 2, Census Tract 68.14, Honolulu County, Hawaii",445100,71481,1040,543,0.014277286,0.014277286,0,1741,444,0,0,0,0,25,357,44,18,0,0,1975,444,202,242,99,26,28,45
ACSSF,HI,150,0,15,3,6815,1,1500000US150030068151,"Block Group 1, Census Tract 68.15, Honolulu County, Hawaii",,,1.50E+11,49988,0,15,"Block Group 1, Census Tract 68.15, Honolulu County, Hawaii",411800,76036,2355,964,0.019300476,0.019300476,0,1910,898,0,0,0,25,101,655,41,65,11,0,1975,898,416,482,66,0,0,66
ACSSF,HI,150,0,15,3,6815,2,1500000US150030068152,"Block Group 2, Census Tract 68.15, Honolulu County, Hawaii",,,1.50E+11,36911,0,15,"Block Group 2, Census Tract 68.15, Honolulu County, Hawaii",450000,90313,433,187,0.014251417,0.014251417,0,1477,147,0,0,0,0,27,83,0,37,0,0,1975,147,69,78,40,40,0,0
ACSSF,HI,150,0,15,3,6816,1,1500000US150030068161,"Block Group 1, Census Tract 68.16, Honolulu County, Hawaii",,,1.50E+11,210265,0,15,"Block Group 1, Census Tract 68.16, Honolulu County, Hawaii",1022400,115500,2105,590,0.081183776,0.081183776,0,2375,524,0,30,0,28,71,101,120,130,44,0,1966,524,448,76,66,0,0,66
ACSSF,HI,150,0,15,3,6817,1,1500000US150030068171,"Block Group 1, Census Tract 68.17, Honolulu County, Hawaii",,,1.50E+11,185263,0,15,"Block Group 1, Census Tract 68.17, Honolulu County, Hawaii",894000,96372,1353,357,0.071530446,0.071530446,0,1653,357,0,0,0,0,59,0,47,175,14,62,1956,357,228,129,0,0,0,0
ACSSF,HI,150,0,15,3,6817,2,1500000US150030068172,"Block Group 2, Census Tract 68.17, Honolulu County, Hawaii",,,1.50E+11,126096,0,15,"Block Group 2, Census Tract 68.17, Honolulu County, Hawaii",918300,127601,2098,398,0.048685938,0.048685938,0,1399,347,0,0,29,5,31,0,26,245,11,0,1957,347,297,50,51,0,0,51
ACSSF,HI,150,0,15,3,6817,3,1500000US150030068173,"Block Group 3, Census Tract 68.17, Honolulu County, Hawaii",,,1.50E+11,151523,0,15,"Block Group 3, Census Tract 68.17, Honolulu County, Hawaii",957800,126750,1110,219,0.05850336,0.05850336,0,,219,0,0,0,10,40,82,0,87,0,0,1973,219,210,9,0,0,0,0
ACSSF,HI,150,0,15,3,6818,1,1500000US150030068181,"Block Group 1, Census Tract 68.18, Honolulu County, Hawaii",,,1.50E+11,76882,0,15,"Block Group 1, Census Tract 68.18, Honolulu County, Hawaii",504700,81535,1466,784,0.029684307,0.029684307,0,1794,734,0,0,6,53,397,213,34,26,5,0,1982,734,420,314,50,27,0,23
ACSSF,HI,150,0,15,3,6819,1,1500000US150030068191,"Block Group 1, Census Tract 68.19, Honolulu County, Hawaii",,,1.50E+11,34289,0,15,"Block Group 1, Census Tract 68.19, Honolulu County, Hawaii",403200,80068,966,585,0.013239058,0.013239058,0,1476,522,0,0,0,44,105,318,55,0,0,0,1976,522,134,388,63,16,0,47
ACSSF,HI,150,0,15,3,6819,2,1500000US150030068192,"Block Group 2, Census Tract 68.19, Honolulu County, Hawaii",,,1.50E+11,54164,0,15,"Block Group 2, Census Tract 68.19, Honolulu County, Hawaii",441000,87808,1789,796,0.020912839,0.020912839,0,1713,779,0,0,9,0,125,565,33,25,22,0,1975,779,489,290,17,0,0,17
ACSSF,HI,150,0,15,3,6900,1,1500000US150030069001,"Block Group 1, Census Tract 69, Honolulu County, Hawaii",,,1.50E+11,339549,0,15,"Block Group 1, Census Tract 69, Honolulu County, Hawaii",,48056,975,315,0.13110061,0.13110061,0,3501,298,0,15,123,33,26,58,9,12,0,22,1999,298,0,298,17,0,0,17
ACSSF,HI,150,0,15,3,6900,2,1500000US150030069002,"Block Group 2, Census Tract 69, Honolulu County, Hawaii",,,1.50E+11,458593,0,15,"Block Group 2, Census Tract 69, Honolulu County, Hawaii",,116389,2001,445,0.177063748,0.177063748,0,3501,430,0,68,151,167,16,19,9,0,0,0,2000,430,0,430,15,0,0,15
ACSSF,HI,150,0,15,3,6900,3,1500000US150030069003,"Block Group 3, Census Tract 69, Honolulu County, Hawaii",,,1.50E+11,304973,0,15,"Block Group 3, Census Tract 69, Honolulu County, Hawaii",,113333,1392,380,0.117750742,0.117750742,0,3391,320,0,3,143,174,0,0,0,0,0,0,1998,320,0,320,60,33,0,27
ACSSF,HI,150,0,15,3,7001,1,1500000US150030070011,"Block Group 1, Census Tract 70.01, Honolulu County, Hawaii",,,1.50E+11,997402,0,15,"Block Group 1, Census Tract 70.01, Honolulu County, Hawaii",,76506,982,574,0.385099083,0.385099083,0,2980,552,0,119,84,262,13,74,0,0,0,0,1997,552,0,552,22,22,0,0
ACSSF,HI,150,0,15,3,7001,2,1500000US150030070012,"Block Group 2, Census Tract 70.01, Honolulu County, Hawaii",,,1.50E+11,360460,0,15,"Block Group 2, Census Tract 70.01, Honolulu County, Hawaii",,63672,630,306,0.139174387,0.139174387,0,3238,292,0,0,130,66,76,20,0,0,0,0,1999,292,8,284,14,0,0,14
ACSSF,HI,150,0,15,3,7002,1,1500000US150030070021,"Block Group 1, Census Tract 70.02, Honolulu County, Hawaii",,,1.50E+11,445168,0,15,"Block Group 1, Census Tract 70.02, Honolulu County, Hawaii",,55329,849,245,0.171880335,0.171880335,0,3341,245,0,73,112,0,5,39,16,0,0,0,2006,245,0,245,0,0,0,0
ACSSF,HI,150,0,15,3,7002,2,1500000US150030070022,"Block Group 2, Census Tract 70.02, Honolulu County, Hawaii",,,1.50E+11,1065562,0,15,"Block Group 2, Census Tract 70.02, Honolulu County, Hawaii",,69550,1771,825,0.411415815,0.411415815,0,2945,797,0,92,208,303,185,9,0,0,0,0,1997,797,0,797,28,0,0,28
ACSSF,HI,150,0,15,3,7100,1,1500000US150030071001,"Block Group 1, Census Tract 71, Honolulu County, Hawaii",,,1.50E+11,834721,0,15,"Block Group 1, Census Tract 71, Honolulu County, Hawaii",,71643,1600,543,0.322287589,0.322287589,0,3225,527,0,26,205,119,66,42,31,28,0,10,1998,527,8,519,16,0,0,16
ACSSF,HI,150,0,15,3,7100,2,1500000US150030071002,"Block Group 2, Census Tract 71, Honolulu County, Hawaii",,,1.50E+11,408327,0,15,"Block Group 2, Census Tract 71, Honolulu County, Hawaii",,124652,2284,606,0.157655939,0.157655939,0,3501,590,0,93,289,97,57,31,0,10,13,0,2003,590,0,590,16,0,0,16
ACSSF,HI,150,0,15,3,7302,1,1500000US150030073021,"Block Group 1, Census Tract 73.02, Honolulu County, Hawaii",,,1.50E+11,952441,482425,15,"Block Group 1, Census Tract 73.02, Honolulu County, Hawaii",,143583,1147,422,0.554004908,0.367739528,0.186265334,3501,337,0,9,26,51,0,19,0,0,69,163,1940,337,0,337,85,38,0,47
ACSSF,HI,150,0,15,3,7302,2,1500000US150030073022,"Block Group 2, Census Tract 73.02, Honolulu County, Hawaii",,,1.50E+11,496157,0,15,"Block Group 2, Census Tract 73.02, Honolulu County, Hawaii",,126000,1062,348,0.191567302,0.191567302,0,3460,280,0,0,61,40,68,30,15,14,41,11,1978,280,0,280,68,37,0,31
ACSSF,HI,150,0,15,3,7302,3,1500000US150030073023,"Block Group 3, Census Tract 73.02, Honolulu County, Hawaii",,,1.50E+11,842385,0,15,"Block Group 3, Census Tract 73.02, Honolulu County, Hawaii",,127622,1370,471,0.325246692,0.325246692,0,3389,471,0,78,134,84,25,68,30,0,52,0,1997,471,0,471,0,0,0,0
ACSSF,HI,150,0,15,3,7302,4,1500000US150030073024,"Block Group 4, Census Tract 73.02, Honolulu County, Hawaii",,,1.50E+11,503887,0,15,"Block Group 4, Census Tract 73.02, Honolulu County, Hawaii",,66273,1453,652,0.19455187,0.19455187,0,3331,620,0,156,40,131,150,29,13,29,39,33,1990,620,0,620,32,32,0,0
ACSSF,HI,150,0,15,3,7400,1,1500000US150030074001,"Block Group 1, Census Tract 74, Honolulu County, Hawaii",,,1.50E+11,5240595,2469594,15,"Block Group 1, Census Tract 74, Honolulu County, Hawaii",,121019,5034,463,2.976920843,2.023405075,0.953515589,2986,408,0,0,111,28,10,5,9,0,185,60,1947,408,0,408,55,0,0,55
ACSSF,HI,150,0,15,3,7400,2,1500000US150030074002,"Block Group 2, Census Tract 74, Honolulu County, Hawaii",,,1.50E+11,1858127,2868786,15,"Block Group 2, Census Tract 74, Honolulu County, Hawaii",,96583,1920,502,1.825071335,0.717426896,1.107644558,3501,474,0,48,296,55,0,46,1,0,28,0,2003,474,13,461,28,0,0,28
ACSSF,HI,150,0,15,3,7504,1,1500000US150030075041,"Block Group 1, Census Tract 75.04, Honolulu County, Hawaii",,,1.50E+11,869105,0,15,"Block Group 1, Census Tract 75.04, Honolulu County, Hawaii",850000,80625,1233,436,0.335563332,0.335563332,0,1284,436,0,0,0,41,18,224,123,25,5,0,1973,436,166,270,0,0,0,0
ACSSF,HI,150,0,15,3,7504,2,1500000US150030075042,"Block Group 2, Census Tract 75.04, Honolulu County, Hawaii",,,1.50E+11,219714,0,15,"Block Group 2, Census Tract 75.04, Honolulu County, Hawaii",842400,37155,1631,532,0.08483205,0.08483205,0,826,527,0,0,40,17,25,196,163,71,15,0,1971,527,136,391,5,0,0,5
ACSSF,HI,150,0,15,3,7507,1,1500000US150030075071,"Block Group 1, Census Tract 75.07, Honolulu County, Hawaii",,,1.50E+11,774248,0,15,"Block Group 1, Census Tract 75.07, Honolulu County, Hawaii",1002400,122357,1495,442,0.298938841,0.298938841,0,2444,416,0,38,25,0,13,29,251,47,0,13,1966,416,302,114,26,0,0,26
ACSSF,HI,150,0,15,3,7507,2,1500000US150030075072,"Block Group 2, Census Tract 75.07, Honolulu County, Hawaii",,,1.50E+11,11819630,0,15,"Block Group 2, Census Tract 75.07, Honolulu County, Hawaii",,,431,0,4.563584805,4.563584805,0,,0,0,0,0,0,0,0,0,0,0,0,,0,0,0,0,0,0,0
ACSSF,HI,150,0,15,3,7507,3,1500000US150030075073,"Block Group 3, Census Tract 75.07, Honolulu County, Hawaii",,,1.50E+11,648966,0,15,"Block Group 3, Census Tract 75.07, Honolulu County, Hawaii",1008200,129286,2160,762,0.250567198,0.250567198,0,2258,762,0,33,21,175,62,188,73,191,19,0,1975,762,607,155,0,0,0,0
ACSSF,HI,150,0,15,3,7507,4,1500000US150030075074,"Block Group 4, Census Tract 75.07, Honolulu County, Hawaii",,,1.50E+11,9160785,0,15,"Block Group 4, Census Tract 75.07, Honolulu County, Hawaii",1088100,140809,2155,724,3.536998987,3.536998987,0,,693,0,0,112,31,47,44,272,187,0,0,1966,693,584,109,31,0,0,31
ACSSF,HI,150,0,15,3,7508,1,1500000US150030075081,"Block Group 1, Census Tract 75.08, Honolulu County, Hawaii",,,1.50E+11,373648,0,15,"Block Group 1, Census Tract 75.08, Honolulu County, Hawaii",,112813,1496,315,0.144266307,0.144266307,0,3501,315,0,189,59,8,56,3,0,0,0,0,2012,315,0,315,0,0,0,0
ACSSF,HI,150,0,15,3,7508,2,1500000US150030075082,"Block Group 2, Census Tract 75.08, Honolulu County, Hawaii",,,1.50E+11,357105,0,15,"Block Group 2, Census Tract 75.08, Honolulu County, Hawaii",1099700,125511,818,262,0.137879014,0.137879014,0,,237,0,0,0,0,0,36,111,90,0,0,1963,237,203,34,25,0,0,25
ACSSF,HI,150,0,15,3,7508,3,1500000US150030075083,"Block Group 3, Census Tract 75.08, Honolulu County, Hawaii",,,1.50E+11,241311,0,15,"Block Group 3, Census Tract 75.08, Honolulu County, Hawaii",843800,,1052,342,0.093170702,0.093170702,0,,248,0,0,51,0,13,16,43,125,0,0,1970,248,242,6,94,25,0,69
ACSSF,HI,150,0,15,3,7508,4,1500000US150030075084,"Block Group 4, Census Tract 75.08, Honolulu County, Hawaii",,,1.50E+11,682796,0,15,"Block Group 4, Census Tract 75.08, Honolulu County, Hawaii",1091100,105804,2777,796,0.263629019,0.263629019,0,1810,775,0,9,31,78,323,33,176,101,0,24,1982,775,617,158,21,21,0,0
ACSSF,HI,150,0,15,3,7508,5,1500000US150030075085,"Block Group 5, Census Tract 75.08, Honolulu County, Hawaii",,,1.50E+11,332149,0,15,"Block Group 5, Census Tract 75.08, Honolulu County, Hawaii",467400,101250,1090,656,0.128243446,0.128243446,0,2190,631,0,0,0,48,506,47,30,0,0,0,1985,631,334,297,25,0,0,25
ACSSF,HI,150,0,15,3,7701,1,1500000US150030077011,"Block Group 1, Census Tract 77.01, Honolulu County, Hawaii",,,1.50E+11,412642,0,15,"Block Group 1, Census Tract 77.01, Honolulu County, Hawaii",818100,127639,1395,475,0.159321979,0.159321979,0,,475,0,8,38,46,19,29,121,125,10,79,1962,475,429,46,0,0,0,0
ACSSF,HI,150,0,15,3,7701,2,1500000US150030077012,"Block Group 2, Census Tract 77.01, Honolulu County, Hawaii",,,1.50E+11,456476,0,15,"Block Group 2, Census Tract 77.01, Honolulu County, Hawaii",869100,95227,1495,425,0.176246375,0.176246375,0,1910,388,0,11,21,10,19,40,150,86,42,9,1965,388,275,113,37,0,8,29
ACSSF,HI,150,0,15,3,7701,3,1500000US150030077013,"Block Group 3, Census Tract 77.01, Honolulu County, Hawaii",,,1.50E+11,393249,1188831,15,"Block Group 3, Census Tract 77.01, Honolulu County, Hawaii",822400,109444,1189,367,0.610844553,0.151834294,0.459010243,3501,338,0,17,116,22,55,42,76,0,10,0,1985,338,101,237,29,0,0,29
ACSSF,HI,150,0,15,3,7702,1,1500000US150030077021,"Block Group 1, Census Tract 77.02, Honolulu County, Hawaii",,,1.50E+11,491986,0,15,"Block Group 1, Census Tract 77.02, Honolulu County, Hawaii",954100,163269,1036,355,0.189956859,0.189956859,0,3501,280,0,9,0,0,22,41,111,97,0,0,1966,280,209,71,75,0,0,75
ACSSF,HI,150,0,15,3,7702,2,1500000US150030077022,"Block Group 2, Census Tract 77.02, Honolulu County, Hawaii",,,1.50E+11,509133,0,15,"Block Group 2, Census Tract 77.02, Honolulu County, Hawaii",1059500,135455,1293,496,0.196577355,0.196577355,0,,434,0,26,9,98,50,13,55,173,10,0,1967,434,400,34,62,0,0,62
ACSSF,HI,150,0,15,3,7702,3,1500000US150030077023,"Block Group 3, Census Tract 77.02, Honolulu County, Hawaii",,,1.50E+11,4007804,0,15,"Block Group 3, Census Tract 77.02, Honolulu County, Hawaii",946300,157782,1738,541,1.547421813,1.547421813,0,3501,541,0,37,20,78,0,53,132,121,72,28,1964,541,436,105,0,0,0,0
ACSSF,HI,150,0,15,3,7702,4,1500000US150030077024,"Block Group 4, Census Tract 77.02, Honolulu County, Hawaii",,,1.50E+11,1212612,0,15,"Block Group 4, Census Tract 77.02, Honolulu County, Hawaii",1078500,99705,1425,537,0.46819213,0.46819213,0,1607,509,0,11,0,20,21,129,250,54,24,0,1967,509,373,136,28,0,0,28
ACSSF,HI,150,0,15,3,7804,1,1500000US150030078041,"Block Group 1, Census Tract 78.04, Honolulu County, Hawaii",,,1.50E+11,250836,0,15,"Block Group 1, Census Tract 78.04, Honolulu County, Hawaii",837500,124167,1134,330,0.096848324,0.096848324,0,3250,308,0,19,7,6,0,15,47,214,0,0,1958,308,291,17,22,6,0,16
ACSSF,HI,150,0,15,3,7804,2,1500000US150030078042,"Block Group 2, Census Tract 78.04, Honolulu County, Hawaii",,,1.50E+11,208401,0,15,"Block Group 2, Census Tract 78.04, Honolulu County, Hawaii",833600,170365,1040,303,0.08046408,0.08046408,0,2795,303,0,6,3,0,13,161,120,0,0,0,1972,303,237,66,0,0,0,0
ACSSF,HI,150,0,15,3,7807,1,1500000US150030078071,"Block Group 1, Census Tract 78.07, Honolulu County, Hawaii",,,1.50E+11,32223,0,15,"Block Group 1, Census Tract 78.07, Honolulu County, Hawaii",606400,83594,1110,582,0.012441371,0.012441371,0,2095,555,0,0,15,82,288,154,0,0,16,0,1984,555,375,180,27,0,0,27
ACSSF,HI,150,0,15,3,7807,2,1500000US150030078072,"Block Group 2, Census Tract 78.07, Honolulu County, Hawaii",,,1.50E+11,36177,0,15,"Block Group 2, Census Tract 78.07, Honolulu County, Hawaii",350500,80638,670,451,0.013968019,0.013968019,0,1802,451,0,0,0,0,108,287,56,0,0,0,1976,451,188,263,0,0,0,0
ACSSF,HI,150,0,15,3,7807,3,1500000US150030078073,"Block Group 3, Census Tract 78.07, Honolulu County, Hawaii",,,1.50E+11,43206,0,15,"Block Group 3, Census Tract 78.07, Honolulu County, Hawaii",418800,76094,967,592,0.01668193,0.01668193,0,1745,555,0,0,0,0,300,255,0,0,0,0,1981,555,312,243,37,0,0,37
ACSSF,HI,150,0,15,3,7807,4,1500000US150030078074,"Block Group 4, Census Tract 78.07, Honolulu County, Hawaii",,,1.50E+11,136253,0,15,"Block Group 4, Census Tract 78.07, Honolulu County, Hawaii",394300,78472,942,657,0.052607581,0.052607581,0,1845,615,0,30,0,53,129,340,42,0,0,21,1977,615,390,225,42,0,0,42
ACSSF,HI,150,0,15,3,7807,5,1500000US150030078075,"Block Group 5, Census Tract 78.07, Honolulu County, Hawaii",,,1.50E+11,110174,0,15,"Block Group 5, Census Tract 78.07, Honolulu County, Hawaii",459400,104423,1645,661,0.042538419,0.042538419,0,2027,620,0,0,0,52,74,448,30,16,0,0,1976,620,322,298,41,0,0,41
ACSSF,HI,150,0,15,3,7808,1,1500000US150030078081,"Block Group 1, Census Tract 78.08, Honolulu County, Hawaii",,,1.50E+11,523043,824634,15,"Block Group 1, Census Tract 78.08, Honolulu County, Hawaii",935900,82775,1545,430,0.520341039,0.201948047,0.318392992,1568,423,0,8,0,0,0,59,115,241,0,0,1959,423,210,213,7,0,0,7
ACSSF,HI,150,0,15,3,7808,2,1500000US150030078082,"Block Group 2, Census Tract 78.08, Honolulu County, Hawaii",,,1.50E+11,71184,0,15,"Block Group 2, Census Tract 78.08, Honolulu County, Hawaii",442600,62399,1344,433,0.027484298,0.027484298,0,1358,405,0,0,0,9,0,42,203,88,63,0,1963,405,111,294,28,0,0,28
ACSSF,HI,150,0,15,3,7808,3,1500000US150030078083,"Block Group 3, Census Tract 78.08, Honolulu County, Hawaii",,,1.50E+11,507523,0,15,"Block Group 3, Census Tract 78.08, Honolulu County, Hawaii",468100,65950,638,301,0.195955738,0.195955738,0,2022,301,0,0,0,96,135,0,54,16,0,0,1986,301,194,107,0,0,0,0
ACSSF,HI,150,0,15,3,7809,1,1500000US150030078091,"Block Group 1, Census Tract 78.09, Honolulu County, Hawaii",,,1.50E+11,672509,0,15,"Block Group 1, Census Tract 78.09, Honolulu County, Hawaii",1284900,204097,1017,415,0.259657174,0.259657174,0,,415,0,0,0,9,357,30,0,19,0,0,1984,415,415,0,0,0,0,0
ACSSF,HI,150,0,15,3,7809,2,1500000US150030078092,"Block Group 2, Census Tract 78.09, Honolulu County, Hawaii",,,1.50E+11,373360,0,15,"Block Group 2, Census Tract 78.09, Honolulu County, Hawaii",792300,119219,1855,641,0.144155115,0.144155115,0,2646,641,0,0,10,15,309,298,0,9,0,0,1980,641,464,177,0,0,0,0
ACSSF,HI,150,0,15,3,7809,3,1500000US150030078093,"Block Group 3, Census Tract 78.09, Honolulu County, Hawaii",,,1.50E+11,1416231,0,15,"Block Group 3, Census Tract 78.09, Honolulu County, Hawaii",1189700,250001,1039,257,0.546809852,0.546809852,0,3404,257,0,0,10,0,169,38,30,0,0,10,1983,257,166,91,0,0,0,0
ACSSF,HI,150,0,15,3,7812,1,1500000US150030078121,"Block Group 1, Census Tract 78.12, Honolulu County, Hawaii",,,1.50E+11,504359,0,15,"Block Group 1, Census Tract 78.12, Honolulu County, Hawaii",597200,102500,600,299,0.194734111,0.194734111,0,2667,276,0,0,0,6,8,225,32,5,0,0,1975,276,228,48,23,0,23,0
ACSSF,HI,150,0,15,3,7812,2,1500000US150030078122,"Block Group 2, Census Tract 78.12, Honolulu County, Hawaii",,,1.50E+11,233678,0,15,"Block Group 2, Census Tract 78.12, Honolulu County, Hawaii",467900,97725,1626,541,0.090223581,0.090223581,0,2278,541,0,0,0,7,201,306,27,0,0,0,1978,541,320,221,0,0,0,0
ACSSF,HI,150,0,15,3,7813,1,1500000US150030078131,"Block Group 1, Census Tract 78.13, Honolulu County, Hawaii",,,1.50E+11,202415,0,15,"Block Group 1, Census Tract 78.13, Honolulu County, Hawaii",666300,139844,1572,349,0.078152873,0.078152873,0,2474,349,0,0,0,0,30,288,31,0,0,0,,349,293,56,0,0,0,0
ACSSF,HI,150,0,15,3,7813,2,1500000US150030078132,"Block Group 2, Census Tract 78.13, Honolulu County, Hawaii",,,1.50E+11,87561,0,15,"Block Group 2, Census Tract 78.13, Honolulu County, Hawaii",444500,96852,1041,370,0.033807494,0.033807494,0,1846,370,0,0,27,0,94,241,8,0,0,0,1977,370,298,72,0,0,0,0
ACSSF,HI,150,0,15,3,7813,3,1500000US150030078133,"Block Group 3, Census Tract 78.13, Honolulu County, Hawaii",,,1.50E+11,237748,0,15,"Block Group 3, Census Tract 78.13, Honolulu County, Hawaii",931100,166000,769,202,0.09179502,0.09179502,0,,202,0,0,0,5,0,154,22,21,0,0,1974,202,202,0,0,0,0,0
ACSSF,HI,150,0,15,3,7814,1,1500000US150030078141,"Block Group 1, Census Tract 78.14, Honolulu County, Hawaii",,,1.50E+11,1050433,0,15,"Block Group 1, Census Tract 78.14, Honolulu County, Hawaii",1030800,162105,2491,862,0.405574471,0.405574471,0,3206,818,0,9,0,0,110,638,47,14,0,0,1975,818,754,64,44,0,0,44
ACSSF,HI,150,0,15,3,7814,2,1500000US150030078142,"Block Group 2, Census Tract 78.14, Honolulu County, Hawaii",,,1.50E+11,463104,0,15,"Block Group 2, Census Tract 78.14, Honolulu County, Hawaii",1084100,173750,1038,345,0.178805456,0.178805456,0,3501,345,0,0,0,0,51,286,0,8,0,0,1976,345,319,26,0,0,0,0
ACSSF,HI,150,0,15,3,7815,1,1500000US150030078151,"Block Group 1, Census Tract 78.15, Honolulu County, Hawaii",,,1.50E+11,19911213,0,15,"Block Group 1, Census Tract 78.15, Honolulu County, Hawaii",822000,149472,2118,794,7.68776226,7.68776226,0,3501,746,0,10,6,121,470,131,0,8,0,0,1985,746,620,126,48,24,0,24
ACSSF,HI,150,0,15,3,7816,1,1500000US150030078161,"Block Group 1, Census Tract 78.16, Honolulu County, Hawaii",,,1.50E+11,9571993,0,15,"Block Group 1, Census Tract 78.16, Honolulu County, Hawaii",1187500,193182,308,174,3.695767403,3.695767403,0,,146,0,0,0,6,0,87,44,0,0,9,1974,146,129,17,28,0,0,28
ACSSF,HI,150,0,15,3,7816,2,1500000US150030078162,"Block Group 2, Census Tract 78.16, Honolulu County, Hawaii",,,1.50E+11,284753,0,15,"Block Group 2, Census Tract 78.16, Honolulu County, Hawaii",788000,147866,991,367,0.109943755,0.109943755,0,,341,0,0,0,9,30,278,24,0,0,0,1975,341,303,38,26,0,0,26
ACSSF,HI,150,0,15,3,7816,3,1500000US150030078163,"Block Group 3, Census Tract 78.16, Honolulu County, Hawaii",,,1.50E+11,1311433,0,15,"Block Group 3, Census Tract 78.16, Honolulu County, Hawaii",571700,96500,2157,907,0.50634712,0.50634712,0,2637,860,0,0,0,15,0,703,54,77,11,0,1974,860,725,135,47,0,47,0
ACSSF,HI,150,0,15,3,7817,1,1500000US150030078171,"Block Group 1, Census Tract 78.17, Honolulu County, Hawaii",,,1.50E+11,258252,0,15,"Block Group 1, Census Tract 78.17, Honolulu County, Hawaii",819400,121500,960,304,0.099711657,0.099711657,0,2170,304,0,18,6,24,65,14,39,130,8,0,1964,304,229,75,0,0,0,0
ACSSF,HI,150,0,15,3,7817,2,1500000US150030078172,"Block Group 2, Census Tract 78.17, Honolulu County, Hawaii",,,1.50E+11,502893,0,15,"Block Group 2, Census Tract 78.17, Honolulu County, Hawaii",1076300,202750,655,189,0.194168076,0.194168076,0,,189,0,0,0,0,8,150,20,0,5,6,1974,189,176,13,0,0,0,0
ACSSF,HI,150,0,15,3,8001,1,1500000US150030080011,"Block Group 1, Census Tract 80.01, Honolulu County, Hawaii",,,1.50E+11,637017,819898,15,"Block Group 1, Census Tract 80.01, Honolulu County, Hawaii",910100,41424,2218,763,0.56251806,0.245953649,0.316564411,1025,719,0,183,36,186,78,78,25,63,20,50,1993,719,159,560,44,15,0,29
ACSSF,HI,150,0,15,3,8001,2,1500000US150030080012,"Block Group 2, Census Tract 80.01, Honolulu County, Hawaii",,,1.50E+11,470708,0,15,"Block Group 2, Census Tract 80.01, Honolulu County, Hawaii",368300,108958,655,225,0.181741387,0.181741387,0,1740,205,0,0,0,0,12,129,18,10,21,15,1973,205,110,95,20,0,0,20
ACSSF,HI,150,0,15,3,8002,1,1500000US150030080021,"Block Group 1, Census Tract 80.02, Honolulu County, Hawaii",,,1.50E+11,962048,0,15,"Block Group 1, Census Tract 80.02, Honolulu County, Hawaii",826700,121538,1924,454,0.371448815,0.371448815,0,1788,448,0,15,0,15,15,59,114,213,17,0,1960,448,307,141,6,0,0,6
ACSSF,HI,150,0,15,3,8002,2,1500000US150030080022,"Block Group 2, Census Tract 80.02, Honolulu County, Hawaii",,,1.50E+11,284608,0,15,"Block Group 2, Census Tract 80.02, Honolulu County, Hawaii",850800,95417,1168,339,0.109887771,0.109887771,0,1750,339,0,0,16,0,5,10,25,282,0,1,1956,339,295,44,0,0,0,0
ACSSF,HI,150,0,15,3,8005,1,1500000US150030080051,"Block Group 1, Census Tract 80.05, Honolulu County, Hawaii",,,1.50E+11,1256532,0,15,"Block Group 1, Census Tract 80.05, Honolulu County, Hawaii",814500,120713,2501,875,0.485149741,0.485149741,0,2833,835,13,0,0,0,7,25,733,57,0,0,1965,835,727,108,40,0,15,25
ACSSF,HI,150,0,15,3,8005,2,1500000US150030080052,"Block Group 2, Census Tract 80.05, Honolulu County, Hawaii",,,1.50E+11,685522,0,15,"Block Group 2, Census Tract 80.05, Honolulu County, Hawaii",811100,120250,1229,535,0.264681548,0.264681548,0,3141,475,0,0,0,90,0,11,374,0,0,0,1967,475,366,109,60,0,44,16
ACSSF,HI,150,0,15,3,8005,3,1500000US150030080053,"Block Group 3, Census Tract 80.05, Honolulu County, Hawaii",,,1.50E+11,268031,0,15,"Block Group 3, Census Tract 80.05, Honolulu County, Hawaii",814000,96131,665,302,0.10348735,0.10348735,0,,302,0,0,0,0,111,13,178,0,0,0,1968,302,302,0,0,0,0,0
ACSSF,HI,150,0,15,3,8005,4,1500000US150030080054,"Block Group 4, Census Tract 80.05, Honolulu County, Hawaii",,,1.50E+11,11027446,0,15,"Block Group 4, Census Tract 80.05, Honolulu County, Hawaii",870900,160278,1872,520,4.257720947,4.257720947,0,,520,0,0,0,0,0,51,446,23,0,0,1965,520,489,31,0,0,0,0
ACSSF,HI,150,0,15,3,8008,1,1500000US150030080081,"Block Group 1, Census Tract 80.08, Honolulu County, Hawaii",,,1.50E+11,179030,0,15,"Block Group 1, Census Tract 80.08, Honolulu County, Hawaii",961700,132917,1048,285,0.069123872,0.069123872,0,2237,258,0,0,0,6,41,85,121,0,0,5,1969,258,111,147,27,0,0,27
ACSSF,HI,150,0,15,3,8008,2,1500000US150030080082,"Block Group 2, Census Tract 80.08, Honolulu County, Hawaii",,,1.50E+11,308881,0,15,"Block Group 2, Census Tract 80.08, Honolulu County, Hawaii",,83068,687,223,0.119259626,0.119259626,0,3501,220,0,86,98,25,5,0,0,0,0,6,2007,220,0,220,3,3,0,0
ACSSF,HI,150,0,15,3,8009,1,1500000US150030080091,"Block Group 1, Census Tract 80.09, Honolulu County, Hawaii",,,1.50E+11,170170,0,15,"Block Group 1, Census Tract 80.09, Honolulu County, Hawaii",835000,56991,1050,409,0.065703005,0.065703005,0,692,409,0,46,0,12,211,129,11,0,0,0,1983,409,136,273,0,0,0,0
ACSSF,HI,150,0,15,3,8009,2,1500000US150030080092,"Block Group 2, Census Tract 80.09, Honolulu County, Hawaii",,,1.50E+11,817639,0,15,"Block Group 2, Census Tract 80.09, Honolulu County, Hawaii",366600,62037,2052,959,0.315692186,0.315692186,0,1519,864,0,55,24,16,399,230,140,0,0,0,1982,864,475,389,95,11,60,24
ACSSF,HI,150,0,15,3,8010,1,1500000US150030080101,"Block Group 1, Census Tract 80.10, Honolulu County, Hawaii",,,1.50E+11,222274,0,15,"Block Group 1, Census Tract 80.10, Honolulu County, Hawaii",878600,81667,732,283,0.085820474,0.085820474,0,1881,258,0,6,7,9,0,17,87,132,0,0,1959,258,205,53,25,25,0,0
ACSSF,HI,150,0,15,3,8010,2,1500000US150030080102,"Block Group 2, Census Tract 80.10, Honolulu County, Hawaii",,,1.50E+11,291742,0,15,"Block Group 2, Census Tract 80.10, Honolulu County, Hawaii",834400,142054,1788,415,0.112642221,0.112642221,0,,415,0,0,3,14,0,163,220,15,0,0,1969,415,403,12,0,0,0,0
ACSSF,HI,150,0,15,3,8011,1,1500000US150030080111,"Block Group 1, Census Tract 80.11, Honolulu County, Hawaii",,,1.50E+11,1538057,0,15,"Block Group 1, Census Tract 80.11, Honolulu County, Hawaii",936900,115521,2670,795,0.593847156,0.593847156,0,1581,795,0,10,0,0,151,345,289,0,0,0,1973,795,591,204,0,0,0,0
ACSSF,HI,150,0,15,3,8012,1,1500000US150030080121,"Block Group 1, Census Tract 80.12, Honolulu County, Hawaii",,,1.50E+11,378293,0,15,"Block Group 1, Census Tract 80.12, Honolulu County, Hawaii",891000,135069,1679,448,0.146059752,0.146059752,0,2810,437,0,5,0,0,16,102,176,113,25,0,1965,437,371,66,11,0,11,0
ACSSF,HI,150,0,15,3,8012,2,1500000US150030080122,"Block Group 2, Census Tract 80.12, Honolulu County, Hawaii",,,1.50E+11,420042,0,15,"Block Group 2, Census Tract 80.12, Honolulu County, Hawaii",870500,90574,1266,393,0.162179127,0.162179127,0,1813,393,0,0,0,4,17,41,150,181,0,0,1961,393,305,88,0,0,0,0
ACSSF,HI,150,0,15,3,8013,1,1500000US150030080131,"Block Group 1, Census Tract 80.13, Honolulu County, Hawaii",,,1.50E+11,336066,0,15,"Block Group 1, Census Tract 80.13, Honolulu County, Hawaii",871600,132365,1022,330,0.12975581,0.12975581,0,2474,318,0,7,0,4,0,241,66,0,0,0,1974,318,258,60,12,0,0,12
ACSSF,HI,150,0,15,3,8013,2,1500000US150030080132,"Block Group 2, Census Tract 80.13, Honolulu County, Hawaii",,,1.50E+11,365010,0,15,"Block Group 2, Census Tract 80.13, Honolulu County, Hawaii",921000,153625,1242,379,0.140931159,0.140931159,0,,379,0,0,0,0,0,116,251,4,0,8,1967,379,373,6,0,0,0,0
ACSSF,HI,150,0,15,3,8301,1,1500000US150030083011,"Block Group 1, Census Tract 83.01, Honolulu County, Hawaii",,,1.50E+11,10430469,1552151,15,"Block Group 1, Census Tract 83.01, Honolulu County, Hawaii",,,0,0,4.626515865,4.027226925,0.599288881,,0,0,0,0,0,0,0,0,0,0,0,,0,0,0,0,0,0,0
ACSSF,HI,150,0,15,3,8301,2,1500000US150030083012,"Block Group 2, Census Tract 83.01, Honolulu County, Hawaii",,,1.50E+11,628418,123679,15,"Block Group 2, Census Tract 83.01, Honolulu County, Hawaii",,101380,2688,756,0.290386289,0.242633551,0.047752731,3166,702,0,7,30,59,10,162,212,145,77,0,1965,702,0,702,54,46,0,8
ACSSF,HI,150,0,15,3,8301,3,1500000US150030083013,"Block Group 3, Census Tract 83.01, Honolulu County, Hawaii",,,1.50E+11,301559,0,15,"Block Group 3, Census Tract 83.01, Honolulu County, Hawaii",,111161,1173,324,0.116432585,0.116432585,0,3289,324,0,0,0,0,0,103,118,69,21,13,1965,324,0,324,0,0,0,0
ACSSF,HI,150,0,15,3,8301,4,1500000US150030083014,"Block Group 4, Census Tract 83.01, Honolulu County, Hawaii",,,1.50E+11,3515469,735456,15,"Block Group 4, Census Tract 83.01, Honolulu County, Hawaii",,83958,2060,521,1.64129138,1.357330203,0.283961147,3352,485,0,0,21,26,116,119,104,50,33,16,1973,485,0,485,36,36,0,0
ACSSF,HI,150,0,15,3,8302,1,1500000US150030083021,"Block Group 1, Census Tract 83.02, Honolulu County, Hawaii",,,1.50E+11,216686,0,15,"Block Group 1, Census Tract 83.02, Honolulu County, Hawaii",588200,120227,2043,394,0.083662935,0.083662935,0,,394,0,0,0,0,10,285,79,10,10,0,1973,394,360,34,0,0,0,0
ACSSF,HI,150,0,15,3,8302,2,1500000US150030083022,"Block Group 2, Census Tract 83.02, Honolulu County, Hawaii",,,1.50E+11,687681,0,15,"Block Group 2, Census Tract 83.02, Honolulu County, Hawaii",670000,96048,2137,467,0.265515119,0.265515119,0,2232,454,0,0,20,0,0,335,22,27,24,26,1974,454,370,84,13,0,0,13
ACSSF,HI,150,0,15,3,8302,3,1500000US150030083023,"Block Group 3, Census Tract 83.02, Honolulu County, Hawaii",,,1.50E+11,627911,0,15,"Block Group 3, Census Tract 83.02, Honolulu County, Hawaii",454600,100673,2499,515,0.24243781,0.24243781,0,2625,515,0,13,13,0,12,363,57,27,0,30,1974,515,399,116,0,0,0,0
ACSSF,HI,150,0,15,3,8405,1,1500000US150030084051,"Block Group 1, Census Tract 84.05, Honolulu County, Hawaii",,,1.50E+11,617976,0,15,"Block Group 1, Census Tract 84.05, Honolulu County, Hawaii",854400,110938,1577,432,0.238601878,0.238601878,0,,408,0,0,190,218,0,0,0,0,0,0,1999,408,383,25,24,0,0,24
ACSSF,HI,150,0,15,3,8405,2,1500000US150030084052,"Block Group 2, Census Tract 84.05, Honolulu County, Hawaii",,,1.50E+11,147938,0,15,"Block Group 2, Census Tract 84.05, Honolulu County, Hawaii",716300,108550,1185,343,0.057119183,0.057119183,0,2664,343,0,0,54,289,0,0,0,0,0,0,1996,343,199,144,0,0,0,0
ACSSF,HI,150,0,15,3,8405,3,1500000US150030084053,"Block Group 3, Census Tract 84.05, Honolulu County, Hawaii",,,1.50E+11,308160,0,15,"Block Group 3, Census Tract 84.05, Honolulu County, Hawaii",637300,141250,2525,637,0.11898125,0.11898125,0,2779,589,0,0,109,467,0,13,0,0,0,0,1996,589,446,143,48,0,0,48
ACSSF,HI,150,0,15,3,8407,1,1500000US150030084071,"Block Group 1, Census Tract 84.07, Honolulu County, Hawaii",,,1.50E+11,336827,0,15,"Block Group 1, Census Tract 84.07, Honolulu County, Hawaii",718000,117500,2642,755,0.130049631,0.130049631,0,3000,728,0,22,423,238,31,14,0,0,0,0,2002,728,590,138,27,0,0,27
ACSSF,HI,150,0,15,3,8407,2,1500000US150030084072,"Block Group 2, Census Tract 84.07, Honolulu County, Hawaii",,,1.50E+11,394337,0,15,"Block Group 2, Census Tract 84.07, Honolulu County, Hawaii",840800,134417,1543,477,0.152254373,0.152254373,0,,438,0,72,343,23,0,0,0,0,0,0,2006,438,317,121,39,30,0,9
ACSSF,HI,150,0,15,3,8408,1,1500000US150030084081,"Block Group 1, Census Tract 84.08, Honolulu County, Hawaii",,,1.50E+11,452897,0,15,"Block Group 1, Census Tract 84.08, Honolulu County, Hawaii",635100,113114,1622,791,0.174864516,0.174864516,0,3168,668,15,54,413,166,20,0,0,0,0,0,2004,668,377,291,123,71,52,0
ACSSF,HI,150,0,15,3,8408,2,1500000US150030084082,"Block Group 2, Census Tract 84.08, Honolulu County, Hawaii",,,1.50E+11,1186177,96285,15,"Block Group 2, Census Tract 84.08, Honolulu County, Hawaii",783300,135236,4313,1497,0.495161355,0.45798552,0.037175849,3488,1480,100,379,912,0,0,0,70,19,0,0,2007,1480,1122,358,17,0,0,17
ACSSF,HI,150,0,15,3,8408,3,1500000US150030084083,"Block Group 3, Census Tract 84.08, Honolulu County, Hawaii",,,1.50E+11,2407070,293209,15,"Block Group 3, Census Tract 84.08, Honolulu County, Hawaii",984400,177670,3743,1057,1.042583585,0.929374933,0.113208629,3501,1057,0,838,219,0,0,0,0,0,0,0,2014,1057,751,306,0,0,0,0
ACSSF,HI,150,0,15,3,8410,1,1500000US150030084101,"Block Group 1, Census Tract 84.10, Honolulu County, Hawaii",,,1.50E+11,240126,0,15,"Block Group 1, Census Tract 84.10, Honolulu County, Hawaii",734800,144605,1798,436,0.09271317,0.09271317,0,,408,0,34,0,363,11,0,0,0,0,0,1996,408,388,20,28,0,0,28
ACSSF,HI,150,0,15,3,8410,2,1500000US150030084102,"Block Group 2, Census Tract 84.10, Honolulu County, Hawaii",,,1.50E+11,1608604,0,15,"Block Group 2, Census Tract 84.10, Honolulu County, Hawaii",836700,146364,4900,1537,0.621085525,0.621085525,0,3501,1430,58,1057,225,45,0,10,21,0,14,0,2014,1430,1316,114,107,0,28,79
ACSSF,HI,150,0,15,3,8411,1,1500000US150030084111,"Block Group 1, Census Tract 84.11, Honolulu County, Hawaii",,,1.50E+11,903882,0,15,"Block Group 1, Census Tract 84.11, Honolulu County, Hawaii",817200,128929,943,310,0.348990798,0.348990798,0,3250,310,0,0,21,281,0,8,0,0,0,0,1995,310,289,21,0,0,0,0
ACSSF,HI,150,0,15,3,8411,2,1500000US150030084112,"Block Group 2, Census Tract 84.11, Honolulu County, Hawaii",,,1.50E+11,152660,0,15,"Block Group 2, Census Tract 84.11, Honolulu County, Hawaii",408100,84674,1225,588,0.058942359,0.058942359,0,1989,538,0,0,16,347,105,62,8,0,0,0,1993,538,174,364,50,0,0,50
ACSSF,HI,150,0,15,3,8411,3,1500000US150030084113,"Block Group 3, Census Tract 84.11, Honolulu County, Hawaii",,,1.50E+11,235064,0,15,"Block Group 3, Census Tract 84.11, Honolulu County, Hawaii",537000,123571,1275,392,0.090758719,0.090758719,0,2077,370,0,0,18,338,7,0,7,0,0,0,,370,260,110,22,0,22,0
ACSSF,HI,150,0,15,3,8413,1,1500000US150030084131,"Block Group 1, Census Tract 84.13, Honolulu County, Hawaii",,,1.50E+11,241143,0,15,"Block Group 1, Census Tract 84.13, Honolulu County, Hawaii",615200,115833,1671,354,0.093105838,0.093105838,0,,354,0,0,0,0,0,18,281,55,0,0,1964,354,344,10,0,0,0,0
ACSSF,HI,150,0,15,3,8413,2,1500000US150030084132,"Block Group 2, Census Tract 84.13, Honolulu County, Hawaii",,,1.50E+11,236310,0,15,"Block Group 2, Census Tract 84.13, Honolulu County, Hawaii",707500,136250,1339,345,0.091239803,0.091239803,0,,336,0,0,17,7,35,40,80,157,0,0,1961,336,277,59,9,0,0,9
ACSSF,HI,150,0,15,3,8414,1,1500000US150030084141,"Block Group 1, Census Tract 84.14, Honolulu County, Hawaii",,,1.50E+11,1708755,0,15,"Block Group 1, Census Tract 84.14, Honolulu County, Hawaii",904600,150125,2483,695,0.659754038,0.659754038,0,3237,695,0,75,592,19,0,9,0,0,0,0,2005,695,618,77,0,0,0,0
ACSSF,HI,150,0,15,3,8415,1,1500000US150030084151,"Block Group 1, Census Tract 84.15, Honolulu County, Hawaii",,,1.50E+11,305606,0,15,"Block Group 1, Census Tract 84.15, Honolulu County, Hawaii",814300,156250,2199,440,0.117995143,0.117995143,0,3501,440,0,0,440,0,0,0,0,0,0,0,,440,330,110,0,0,0,0
ACSSF,HI,150,0,15,3,8415,2,1500000US150030084152,"Block Group 2, Census Tract 84.15, Honolulu County, Hawaii",,,1.50E+11,292950,0,15,"Block Group 2, Census Tract 84.15, Honolulu County, Hawaii",740900,136019,2239,674,0.113108635,0.113108635,0,3174,650,0,0,616,34,0,0,0,0,0,0,2005,650,607,43,24,0,24,0
ACSSF,HI,150,0,15,3,8416,1,1500000US150030084161,"Block Group 1, Census Tract 84.16, Honolulu County, Hawaii",,,1.50E+11,104160,0,15,"Block Group 1, Census Tract 84.16, Honolulu County, Hawaii",674700,101250,1197,313,0.040216401,0.040216401,0,2308,313,0,11,15,137,150,0,0,0,0,0,1990,313,215,98,0,0,0,0
ACSSF,HI,150,0,15,3,8416,2,1500000US150030084162,"Block Group 2, Census Tract 84.16, Honolulu County, Hawaii",,,1.50E+11,154599,0,15,"Block Group 2, Census Tract 84.16, Honolulu County, Hawaii",484700,120517,2019,544,0.059691012,0.059691012,0,2384,544,0,5,11,408,29,76,0,15,0,0,1994,544,439,105,0,0,0,0
ACSSF,HI,150,0,15,3,8417,1,1500000US150030084171,"Block Group 1, Census Tract 84.17, Honolulu County, Hawaii",,,1.50E+11,91994,0,15,"Block Group 1, Census Tract 84.17, Honolulu County, Hawaii",439000,96141,1304,619,0.035519082,0.035519082,0,2076,575,0,0,0,357,152,66,0,0,0,0,1992,575,329,246,44,0,29,15
ACSSF,HI,150,0,15,3,8417,2,1500000US150030084172,"Block Group 2, Census Tract 84.17, Honolulu County, Hawaii",,,1.50E+11,210161,0,15,"Block Group 2, Census Tract 84.17, Honolulu County, Hawaii",578400,84397,2005,615,0.081143618,0.081143618,0,1925,615,0,0,16,123,421,41,0,0,0,14,1986,615,418,197,0,0,0,0
ACSSF,HI,150,0,15,3,8417,3,1500000US150030084173,"Block Group 3, Census Tract 84.17, Honolulu County, Hawaii",,,1.50E+11,100481,0,15,"Block Group 3, Census Tract 84.17, Honolulu County, Hawaii",606400,128186,634,252,0.038795933,0.038795933,0,,252,0,0,13,206,0,33,0,0,0,0,1995,252,216,36,0,0,0,0
ACSSF,HI,150,0,15,3,8418,1,1500000US150030084181,"Block Group 1, Census Tract 84.18, Honolulu County, Hawaii",,,1.50E+11,466931,0,15,"Block Group 1, Census Tract 84.18, Honolulu County, Hawaii",646800,109352,2555,692,0.18028307,0.18028307,0,1879,692,0,35,0,11,55,92,285,84,73,57,1965,692,461,231,0,0,0,0
ACSSF,HI,150,0,15,3,8418,2,1500000US150030084182,"Block Group 2, Census Tract 84.18, Honolulu County, Hawaii",,,1.50E+11,232959,174175,15,"Block Group 2, Census Tract 84.18, Honolulu County, Hawaii",809000,151053,1989,384,0.15719533,0.089945979,0.067249343,2895,384,0,0,0,21,70,42,116,58,20,57,1965,384,325,59,0,0,0,0
ACSSF,HI,150,0,15,3,8418,3,1500000US150030084183,"Block Group 3, Census Tract 84.18, Honolulu County, Hawaii",,,1.50E+11,375707,239578,15,"Block Group 3, Census Tract 84.18, Honolulu County, Hawaii",825700,118750,934,385,0.23756288,0.145061284,0.092501588,2653,286,0,0,11,72,10,19,34,106,34,0,1963,286,179,107,99,37,0,62
ACSSF,HI,150,0,15,3,8502,1,1500000US150030085021,"Block Group 1, Census Tract 85.02, Honolulu County, Hawaii",,,1.50E+11,19774809,1720917,15,"Block Group 1, Census Tract 85.02, Honolulu County, Hawaii",,82188,2971,899,8.299546242,7.63509655,0.664449811,2891,806,0,110,27,168,69,188,93,100,39,12,1978,806,0,806,93,44,0,49
ACSSF,HI,150,0,15,3,8609,1,1500000US150030086091,"Block Group 1, Census Tract 86.09, Honolulu County, Hawaii",,,1.50E+11,2744929,0,15,"Block Group 1, Census Tract 86.09, Honolulu County, Hawaii",694200,93988,1884,882,1.059823036,1.059823036,0,2538,701,0,32,167,183,17,248,54,0,0,0,1994,701,434,267,181,20,0,161
ACSSF,HI,150,0,15,3,8610,1,1500000US150030086101,"Block Group 1, Census Tract 86.10, Honolulu County, Hawaii",,,1.50E+11,2131293,2036795,15,"Block Group 1, Census Tract 86.10, Honolulu County, Hawaii",881700,116875,987,1082,1.609307885,0.822896838,0.786410987,3501,467,0,28,397,25,17,0,0,0,0,0,,467,326,141,615,59,15,541
ACSSF,HI,150,0,15,3,8611,1,1500000US150030086111,"Block Group 1, Census Tract 86.11, Honolulu County, Hawaii",,,1.50E+11,13107328,1573461,15,"Block Group 1, Census Tract 86.11, Honolulu County, Hawaii",,,25,4,5.668284416,5.060767651,0.607516706,,4,0,0,0,4,0,0,0,0,0,0,,4,4,0,0,0,0,0
ACSSF,HI,150,0,15,3,8623,1,1500000US150030086231,"Block Group 1, Census Tract 86.23, Honolulu County, Hawaii",,,1.50E+11,426137,0,15,"Block Group 1, Census Tract 86.23, Honolulu County, Hawaii",990000,180000,2172,524,0.164532423,0.164532423,0,,524,0,45,414,53,12,0,0,0,0,0,2005,524,502,22,0,0,0,0
ACSSF,HI,150,0,15,3,8623,2,1500000US150030086232,"Block Group 2, Census Tract 86.23, Honolulu County, Hawaii",,,1.50E+11,1300912,0,15,"Block Group 2, Census Tract 86.23, Honolulu County, Hawaii",850800,82667,976,284,0.502284944,0.502284944,0,2539,284,0,0,0,284,0,0,0,0,0,0,,284,215,69,0,0,0,0
ACSSF,HI,150,0,15,3,8623,3,1500000US150030086233,"Block Group 3, Census Tract 86.23, Honolulu County, Hawaii",,,1.50E+11,421915,0,15,"Block Group 3, Census Tract 86.23, Honolulu County, Hawaii",599600,148098,2173,587,0.162902296,0.162902296,0,,573,56,346,171,0,0,0,0,0,0,0,2013,573,573,0,14,0,0,14
ACSSF,HI,150,0,15,3,8623,4,1500000US150030086234,"Block Group 4, Census Tract 86.23, Honolulu County, Hawaii",,,1.50E+11,3015940,0,15,"Block Group 4, Census Tract 86.23, Honolulu County, Hawaii",,,15,0,1.164461017,1.164461017,0,,0,0,0,0,0,0,0,0,0,0,0,,0,0,0,0,0,0,0
ACSSF,HI,150,0,15,3,8624,1,1500000US150030086241,"Block Group 1, Census Tract 86.24, Honolulu County, Hawaii",,,1.50E+11,405886,0,15,"Block Group 1, Census Tract 86.24, Honolulu County, Hawaii",729500,142292,1820,455,0.156713471,0.156713471,0,2359,455,0,0,6,404,31,0,0,0,0,14,1995,455,359,96,0,0,0,0
ACSSF,HI,150,0,15,3,8624,2,1500000US150030086242,"Block Group 2, Census Tract 86.24, Honolulu County, Hawaii",,,1.50E+11,523788,0,15,"Block Group 2, Census Tract 86.24, Honolulu County, Hawaii",866600,152813,1742,334,0.202235684,0.202235684,0,3122,334,0,0,0,257,72,5,0,0,0,0,1994,334,225,109,0,0,0,0
ACSSF,HI,150,0,15,3,8625,1,1500000US150030086251,"Block Group 1, Census Tract 86.25, Honolulu County, Hawaii",,,1.50E+11,175349,0,15,"Block Group 1, Census Tract 86.25, Honolulu County, Hawaii",646800,,1225,292,0.067702629,0.067702629,0,269,292,0,0,0,100,176,16,0,0,0,0,1987,292,230,62,0,0,0,0
ACSSF,HI,150,0,15,3,8625,2,1500000US150030086252,"Block Group 2, Census Tract 86.25, Honolulu County, Hawaii",,,1.50E+11,547194,0,15,"Block Group 2, Census Tract 86.25, Honolulu County, Hawaii",789800,71111,2220,702,0.211272791,0.211272791,0,1099,658,0,91,124,120,206,0,10,101,0,6,1992,658,352,306,44,44,0,0
ACSSF,HI,150,0,15,3,8626,1,1500000US150030086261,"Block Group 1, Census Tract 86.26, Honolulu County, Hawaii",,,1.50E+11,1226524,0,15,"Block Group 1, Census Tract 86.26, Honolulu County, Hawaii",775000,,1462,495,0.473563582,0.473563582,0,1200,495,0,245,189,22,0,0,0,0,0,39,2010,495,252,243,0,0,0,0
ACSSF,HI,150,0,15,3,8626,2,1500000US150030086262,"Block Group 2, Census Tract 86.26, Honolulu County, Hawaii",,,1.50E+11,1160864,0,15,"Block Group 2, Census Tract 86.26, Honolulu County, Hawaii",828100,112941,1792,505,0.448212117,0.448212117,0,1088,460,0,68,27,206,18,0,18,0,58,65,1994,460,314,146,45,0,0,45
ACSSF,HI,150,0,15,3,8627,1,1500000US150030086271,"Block Group 1, Census Tract 86.27, Honolulu County, Hawaii",,,1.50E+11,60108855,10282,15,"Block Group 1, Census Tract 86.27, Honolulu County, Hawaii",,77159,1477,311,23.21212959,23.2081604,0.003969903,3203,311,0,117,103,0,0,46,45,0,0,0,2006,311,13,298,0,0,0,0
ACSSF,HI,150,0,15,3,8627,2,1500000US150030086272,"Block Group 2, Census Tract 86.27, Honolulu County, Hawaii",,,1.50E+11,3487210,0,15,"Block Group 2, Census Tract 86.27, Honolulu County, Hawaii",960800,181250,1836,532,1.346419334,1.346419334,0,3501,517,0,72,434,11,0,0,0,0,0,0,2006,517,403,114,15,0,0,15
ACSSF,HI,150,0,15,3,8627,3,1500000US150030086273,"Block Group 3, Census Tract 86.27, Honolulu County, Hawaii",,,1.50E+11,474011,0,15,"Block Group 3, Census Tract 86.27, Honolulu County, Hawaii",982600,177000,857,319,0.183016673,0.183016673,0,,270,0,0,62,48,118,42,0,0,0,0,1990,270,218,52,49,49,0,0
ACSSF,HI,150,0,15,3,8627,4,1500000US150030086274,"Block Group 4, Census Tract 86.27, Honolulu County, Hawaii",,,1.50E+11,1739672,0,15,"Block Group 4, Census Tract 86.27, Honolulu County, Hawaii",729900,77464,2437,674,0.67169112,0.67169112,0,1739,657,15,539,0,0,103,0,0,0,0,0,2014,657,127,530,17,0,0,17
ACSSF,HI,150,0,15,3,8627,5,1500000US150030086275,"Block Group 5, Census Tract 86.27, Honolulu County, Hawaii",,,1.50E+11,7705184,0,15,"Block Group 5, Census Tract 86.27, Honolulu County, Hawaii",769900,110405,2589,708,2.974988222,2.974988222,0,,708,93,444,0,41,34,63,16,17,0,0,2014,708,530,178,0,0,0,0
ACSSF,HI,150,0,15,3,8628,1,1500000US150030086281,"Block Group 1, Census Tract 86.28, Honolulu County, Hawaii",,,1.50E+11,338526,0,15,"Block Group 1, Census Tract 86.28, Honolulu County, Hawaii",755400,126798,2378,607,0.130705625,0.130705625,0,,578,0,71,0,463,44,0,0,0,0,0,1995,578,578,0,29,0,0,29
ACSSF,HI,150,0,15,3,8628,2,1500000US150030086282,"Block Group 2, Census Tract 86.28, Honolulu County, Hawaii",,,1.50E+11,304394,0,15,"Block Group 2, Census Tract 86.28, Honolulu County, Hawaii",899800,120583,1404,532,0.117527187,0.117527187,0,1728,483,0,12,31,342,83,0,15,0,0,0,1994,483,345,138,49,0,0,49
ACSSF,HI,150,0,15,3,8629,1,1500000US150030086291,"Block Group 1, Census Tract 86.29, Honolulu County, Hawaii",,,1.50E+11,265563,0,15,"Block Group 1, Census Tract 86.29, Honolulu County, Hawaii",698900,97813,2006,785,0.102534451,0.102534451,0,,690,0,140,22,500,28,0,0,0,0,0,1996,690,496,194,95,0,39,56
ACSSF,HI,150,0,15,3,8630,1,1500000US150030086301,"Block Group 1, Census Tract 86.30, Honolulu County, Hawaii",,,1.50E+11,376229,0,15,"Block Group 1, Census Tract 86.30, Honolulu County, Hawaii",566500,79392,2194,534,0.145262837,0.145262837,0,1852,534,0,17,44,8,240,203,22,0,0,0,1982,534,389,145,0,0,0,0
ACSSF,HI,150,0,15,3,8630,2,1500000US150030086302,"Block Group 2, Census Tract 86.30, Honolulu County, Hawaii",,,1.50E+11,351759,0,15,"Block Group 2, Census Tract 86.30, Honolulu County, Hawaii",800400,133846,1506,397,0.13581492,0.13581492,0,3183,372,0,0,52,25,174,87,0,34,0,0,1984,372,284,88,25,0,0,25
ACSSF,HI,150,0,15,3,8631,1,1500000US150030086311,"Block Group 1, Census Tract 86.31, Honolulu County, Hawaii",,,1.50E+11,488736,0,15,"Block Group 1, Census Tract 86.31, Honolulu County, Hawaii",497300,104444,1545,492,0.188702032,0.188702032,0,2267,492,0,0,49,368,67,8,0,0,0,0,1995,492,324,168,0,0,0,0
ACSSF,HI,150,0,15,3,8631,2,1500000US150030086312,"Block Group 2, Census Tract 86.31, Honolulu County, Hawaii",,,1.50E+11,3840901,0,15,"Block Group 2, Census Tract 86.31, Honolulu County, Hawaii",867600,129900,1443,686,1.482980251,1.482980251,0,2337,686,0,0,403,223,6,54,0,0,0,0,2001,686,554,132,0,0,0,0
ACSSF,HI,150,0,15,3,8632,1,1500000US150030086321,"Block Group 1, Census Tract 86.32, Honolulu County, Hawaii",,,1.50E+11,440940,0,15,"Block Group 1, Census Tract 86.32, Honolulu County, Hawaii",623500,111597,523,185,0.170247898,0.170247898,0,,165,0,0,0,23,8,62,72,0,0,0,1973,165,165,0,20,20,0,0
ACSSF,HI,150,0,15,3,8632,2,1500000US150030086322,"Block Group 2, Census Tract 86.32, Honolulu County, Hawaii",,,1.50E+11,531669,0,15,"Block Group 2, Census Tract 86.32, Honolulu County, Hawaii",778400,111435,2637,743,0.205278561,0.205278561,0,3501,735,0,0,7,46,41,102,470,51,0,18,1966,735,665,70,8,0,0,8
ACSSF,HI,150,0,15,3,8632,3,1500000US150030086323,"Block Group 3, Census Tract 86.32, Honolulu County, Hawaii",,,1.50E+11,283292,0,15,"Block Group 3, Census Tract 86.32, Honolulu County, Hawaii",614200,108125,1066,256,0.109379657,0.109379657,0,2813,244,0,0,0,16,18,152,43,15,0,0,1974,244,205,39,12,0,0,12
ACSSF,HI,150,0,15,3,8632,4,1500000US150030086324,"Block Group 4, Census Tract 86.32, Honolulu County, Hawaii",,,1.50E+11,1576835,0,15,"Block Group 4, Census Tract 86.32, Honolulu County, Hawaii",810700,134375,970,216,0.608819425,0.608819425,0,2313,216,0,0,0,0,26,69,121,0,0,0,1969,216,192,24,0,0,0,0
ACSSF,HI,150,0,15,3,8633,1,1500000US150030086331,"Block Group 1, Census Tract 86.33, Honolulu County, Hawaii",,,1.50E+11,1196041,0,15,"Block Group 1, Census Tract 86.33, Honolulu County, Hawaii",632800,106250,3130,1014,0.461794019,0.461794019,0,1774,970,0,317,168,0,168,310,0,0,7,0,1989,970,824,146,44,0,0,44
ACSSF,HI,150,0,15,3,8634,1,1500000US150030086341,"Block Group 1, Census Tract 86.34, Honolulu County, Hawaii",,,1.50E+11,194763,0,15,"Block Group 1, Census Tract 86.34, Honolulu County, Hawaii",827700,,766,265,0.075198419,0.075198419,0,,251,0,22,80,78,18,6,47,0,0,0,1998,251,107,144,14,0,0,14
ACSSF,HI,150,0,15,3,8634,2,1500000US150030086342,"Block Group 2, Census Tract 86.34, Honolulu County, Hawaii",,,1.50E+11,274370,0,15,"Block Group 2, Census Tract 86.34, Honolulu County, Hawaii",646700,111389,1159,352,0.105934851,0.105934851,0,2383,352,0,0,19,67,55,140,0,71,0,0,1978,352,242,110,0,0,0,0
ACSSF,HI,150,0,15,3,8634,3,1500000US150030086343,"Block Group 3, Census Tract 86.34, Honolulu County, Hawaii",,,1.50E+11,215799,0,15,"Block Group 3, Census Tract 86.34, Honolulu County, Hawaii",628600,100326,1310,466,0.083320461,0.083320461,0,1733,466,0,0,28,149,69,186,34,0,0,0,1982,466,270,196,0,0,0,0
ACSSF,HI,150,0,15,3,8702,1,1500000US150030087021,"Block Group 1, Census Tract 87.02, Honolulu County, Hawaii",,,1.50E+11,511650,0,15,"Block Group 1, Census Tract 87.02, Honolulu County, Hawaii",364800,65321,2804,997,0.197549179,0.197549179,0,1192,902,0,18,525,47,10,104,124,64,10,0,2002,902,452,450,95,25,0,70
ACSSF,HI,150,0,15,3,8702,2,1500000US150030087022,"Block Group 2, Census Tract 87.02, Honolulu County, Hawaii",,,1.50E+11,411814,0,15,"Block Group 2, Census Tract 87.02, Honolulu County, Hawaii",828600,71250,1316,368,0.159002274,0.159002274,0,1313,368,0,0,67,0,18,110,28,117,14,14,1971,368,130,238,0,0,0,0
ACSSF,HI,150,0,15,3,8702,3,1500000US150030087023,"Block Group 3, Census Tract 87.02, Honolulu County, Hawaii",,,1.50E+11,151111,0,15,"Block Group 3, Census Tract 87.02, Honolulu County, Hawaii",928200,83125,1189,273,0.058344286,0.058344286,0,1567,227,0,0,0,0,6,52,155,14,0,0,1966,227,123,104,46,0,0,46
ACSSF,HI,150,0,15,3,8704,1,1500000US150030087041,"Block Group 1, Census Tract 87.04, Honolulu County, Hawaii",,,1.50E+11,1575946,0,15,"Block Group 1, Census Tract 87.04, Honolulu County, Hawaii",471000,126532,564,208,0.608476162,0.608476162,0,2534,188,0,0,7,0,76,20,61,24,0,0,1980,188,106,82,20,0,0,20
ACSSF,HI,150,0,15,3,8704,2,1500000US150030087042,"Block Group 2, Census Tract 87.04, Honolulu County, Hawaii",,,1.50E+11,382768,0,15,"Block Group 2, Census Tract 87.04, Honolulu County, Hawaii",758700,115815,2143,463,0.147787556,0.147787556,0,1768,427,0,0,63,26,33,25,161,119,0,0,1966,427,339,88,36,36,0,0
ACSSF,HI,150,0,15,3,8705,1,1500000US150030087051,"Block Group 1, Census Tract 87.05, Honolulu County, Hawaii",,,1.50E+11,453986,164912,15,"Block Group 1, Census Tract 87.05, Honolulu County, Hawaii",,50174,1969,497,0.238957867,0.175284982,0.063672885,1455,497,0,0,0,1,36,281,97,58,0,24,1972,497,42,455,0,0,0,0
ACSSF,HI,150,0,15,3,8705,2,1500000US150030087052,"Block Group 2, Census Tract 87.05, Honolulu County, Hawaii",,,1.50E+11,184255,0,15,"Block Group 2, Census Tract 87.05, Honolulu County, Hawaii",276700,76250,1616,336,0.071141258,0.071141258,0,1621,336,0,0,0,93,12,109,110,12,0,0,1974,336,86,250,0,0,0,0
ACSSF,HI,150,0,15,3,8706,1,1500000US150030087061,"Block Group 1, Census Tract 87.06, Honolulu County, Hawaii",,,1.50E+11,175469,0,15,"Block Group 1, Census Tract 87.06, Honolulu County, Hawaii",779200,118281,954,221,0.067748964,0.067748964,0,,221,0,0,0,89,106,26,0,0,0,0,1988,221,199,22,0,0,0,0
ACSSF,HI,150,0,15,3,8706,2,1500000US150030087062,"Block Group 2, Census Tract 87.06, Honolulu County, Hawaii",,,1.50E+11,514361,0,15,"Block Group 2, Census Tract 87.06, Honolulu County, Hawaii",,,1182,324,0.198595896,0.198595896,0,1172,324,0,0,0,0,0,50,198,49,0,27,1964,324,12,312,0,0,0,0
ACSSF,HI,150,0,15,3,8706,3,1500000US150030087063,"Block Group 3, Census Tract 87.06, Honolulu County, Hawaii",,,1.50E+11,617353,1679794,15,"Block Group 3, Census Tract 87.06, Honolulu County, Hawaii",832900,119792,1804,541,0.886933446,0.238361329,0.648572087,3226,541,0,0,0,196,251,69,20,0,5,0,1987,541,354,187,0,0,0,0
ACSSF,HI,150,0,15,3,8707,1,1500000US150030087071,"Block Group 1, Census Tract 87.07, Honolulu County, Hawaii",,,1.50E+11,197651,0,15,"Block Group 1, Census Tract 87.07, Honolulu County, Hawaii",882200,85880,1744,363,0.076313481,0.076313481,0,1690,363,0,0,0,0,0,127,204,32,0,0,1967,363,237,126,0,0,0,0
ACSSF,HI,150,0,15,3,8707,2,1500000US150030087072,"Block Group 2, Census Tract 87.07, Honolulu County, Hawaii",,,1.50E+11,184497,0,15,"Block Group 2, Census Tract 87.07, Honolulu County, Hawaii",683600,141701,947,291,0.071234696,0.071234696,0,,255,0,0,0,86,22,27,120,0,0,0,1970,255,212,43,36,0,0,36
ACSSF,HI,150,0,15,3,8707,3,1500000US150030087073,"Block Group 3, Census Tract 87.07, Honolulu County, Hawaii",,,1.50E+11,233739,0,15,"Block Group 3, Census Tract 87.07, Honolulu County, Hawaii",801600,97695,1897,349,0.090247139,0.090247139,0,1785,313,0,0,0,40,23,67,145,29,9,0,1968,313,226,87,36,0,0,36
ACSSF,HI,150,0,15,3,8707,4,1500000US150030087074,"Block Group 4, Census Tract 87.07, Honolulu County, Hawaii",,,1.50E+11,204349,0,15,"Block Group 4, Census Tract 87.07, Honolulu County, Hawaii",804700,58966,1610,374,0.078899592,0.078899592,0,1232,366,0,0,11,0,9,75,231,0,8,32,1966,366,106,260,8,0,8,0
ACSSF,HI,150,0,15,3,8801,1,1500000US150030088011,"Block Group 1, Census Tract 88.01, Honolulu County, Hawaii",,,1.50E+11,206770,0,15,"Block Group 1, Census Tract 88.01, Honolulu County, Hawaii",834500,112188,1544,362,0.079834349,0.079834349,0,1115,362,0,0,0,10,110,175,28,39,0,0,1977,362,247,115,0,0,0,0
ACSSF,HI,150,0,15,3,8801,2,1500000US150030088012,"Block Group 2, Census Tract 88.01, Honolulu County, Hawaii",,,1.50E+11,193784,0,15,"Block Group 2, Census Tract 88.01, Honolulu County, Hawaii",872900,119625,1908,457,0.074820422,0.074820422,0,1722,457,0,0,9,0,35,373,10,30,0,0,1975,457,413,44,0,0,0,0
ACSSF,HI,150,0,15,3,8802,1,1500000US150030088021,"Block Group 1, Census Tract 88.02, Honolulu County, Hawaii",,,1.50E+11,384300,0,15,"Block Group 1, Census Tract 88.02, Honolulu County, Hawaii",876500,164063,1072,291,0.148379073,0.148379073,0,,270,0,0,222,8,19,11,0,10,0,0,2003,270,234,36,21,0,0,21
ACSSF,HI,150,0,15,3,8802,2,1500000US150030088022,"Block Group 2, Census Tract 88.02, Honolulu County, Hawaii",,,1.50E+11,287157,0,15,"Block Group 2, Census Tract 88.02, Honolulu County, Hawaii",773500,125446,2233,535,0.110871941,0.110871941,0,,496,0,76,0,25,0,18,267,110,0,0,1966,496,470,26,39,9,30,0
ACSSF,HI,150,0,15,3,8802,3,1500000US150030088023,"Block Group 3, Census Tract 88.02, Honolulu County, Hawaii",,,1.50E+11,422267,0,15,"Block Group 3, Census Tract 88.02, Honolulu County, Hawaii",776400,67031,1445,309,0.163038209,0.163038209,0,1172,309,15,9,26,10,182,67,0,0,0,0,1985,309,161,148,0,0,0,0
ACSSF,HI,150,0,15,3,8906,1,1500000US150030089061,"Block Group 1, Census Tract 89.06, Honolulu County, Hawaii",,,1.50E+11,933810,0,15,"Block Group 1, Census Tract 89.06, Honolulu County, Hawaii",689500,133188,1188,430,0.360546082,0.360546082,0,2615,419,0,0,0,45,68,300,6,0,0,0,1977,419,329,90,11,0,0,11
ACSSF,HI,150,0,15,3,8906,2,1500000US150030089062,"Block Group 2, Census Tract 89.06, Honolulu County, Hawaii",,,1.50E+11,325652,0,15,"Block Group 2, Census Tract 89.06, Honolulu County, Hawaii",754300,95807,1369,599,0.12573494,0.12573494,0,1648,549,0,61,16,50,0,422,0,0,0,0,1976,549,423,126,50,50,0,0
ACSSF,HI,150,0,15,3,8906,3,1500000US150030089063,"Block Group 3, Census Tract 89.06, Honolulu County, Hawaii",,,1.50E+11,398725,0,15,"Block Group 3, Census Tract 89.06, Honolulu County, Hawaii",810800,115313,1117,431,0.15394859,0.15394859,0,3368,431,0,10,11,10,19,269,112,0,0,0,1974,431,322,109,0,0,0,0
ACSSF,HI,150,0,15,3,8909,1,1500000US150030089091,"Block Group 1, Census Tract 89.09, Honolulu County, Hawaii",,,1.50E+11,254171,0,15,"Block Group 1, Census Tract 89.09, Honolulu County, Hawaii",868100,135114,931,339,0.098135978,0.098135978,0,,339,0,0,11,36,10,273,9,0,0,0,1976,339,329,10,0,0,0,0
ACSSF,HI,150,0,15,3,8909,2,1500000US150030089092,"Block Group 2, Census Tract 89.09, Honolulu County, Hawaii",,,1.50E+11,409402,0,15,"Block Group 2, Census Tract 89.09, Honolulu County, Hawaii",583300,110682,1748,668,0.158070996,0.158070996,0,2151,668,0,0,9,112,107,440,0,0,0,0,1978,668,560,108,0,0,0,0
ACSSF,HI,150,0,15,3,8909,3,1500000US150030089093,"Block Group 3, Census Tract 89.09, Honolulu County, Hawaii",,,1.50E+11,340743,0,15,"Block Group 3, Census Tract 89.09, Honolulu County, Hawaii",847000,156696,1313,393,0.131561607,0.131561607,0,,393,0,0,0,0,56,304,33,0,0,0,1975,393,325,68,0,0,0,0
ACSSF,HI,150,0,15,3,8912,1,1500000US150030089121,"Block Group 1, Census Tract 89.12, Honolulu County, Hawaii",,,1.50E+11,239601,0,15,"Block Group 1, Census Tract 89.12, Honolulu County, Hawaii",881400,131563,1643,281,0.092510469,0.092510469,0,,281,0,0,4,22,21,139,84,11,0,0,1973,281,258,23,0,0,0,0
ACSSF,HI,150,0,15,3,8912,2,1500000US150030089122,"Block Group 2, Census Tract 89.12, Honolulu County, Hawaii",,,1.50E+11,258383,0,15,"Block Group 2, Census Tract 89.12, Honolulu County, Hawaii",873500,126364,1480,288,0.099762239,0.099762239,0,1443,288,0,0,6,0,12,210,27,33,0,0,1974,288,242,46,0,0,0,0
ACSSF,HI,150,0,15,3,8913,1,1500000US150030089131,"Block Group 1, Census Tract 89.13, Honolulu County, Hawaii",,,1.50E+11,387659,0,15,"Block Group 1, Census Tract 89.13, Honolulu County, Hawaii",814000,141875,1834,332,0.14967598,0.14967598,0,,278,0,0,18,7,0,9,227,7,10,0,1965,278,278,0,54,54,0,0
ACSSF,HI,150,0,15,3,8913,2,1500000US150030089132,"Block Group 2, Census Tract 89.13, Honolulu County, Hawaii",,,1.50E+11,189524,0,15,"Block Group 2, Census Tract 89.13, Honolulu County, Hawaii",850000,117604,1068,204,0.073175631,0.073175631,0,1750,199,0,0,0,26,7,11,133,22,0,0,1966,199,162,37,5,0,5,0
ACSSF,HI,150,0,15,3,8913,3,1500000US150030089133,"Block Group 3, Census Tract 89.13, Honolulu County, Hawaii",,,1.50E+11,245349,0,15,"Block Group 3, Census Tract 89.13, Honolulu County, Hawaii",898900,150417,1306,249,0.094729781,0.094729781,0,1923,233,0,0,4,0,9,55,120,22,23,0,1965,233,189,44,16,0,0,16
ACSSF,HI,150,0,15,3,8917,1,1500000US150030089171,"Block Group 1, Census Tract 89.17, Honolulu County, Hawaii",,,1.50E+11,260339,0,15,"Block Group 1, Census Tract 89.17, Honolulu County, Hawaii",896300,159219,751,295,0.100517452,0.100517452,0,,295,0,12,0,10,254,19,0,0,0,0,1985,295,255,40,0,0,0,0
ACSSF,HI,150,0,15,3,8917,2,1500000US150030089172,"Block Group 2, Census Tract 89.17, Honolulu County, Hawaii",,,1.50E+11,503080,0,15,"Block Group 2, Census Tract 89.17, Honolulu County, Hawaii",885200,137083,603,251,0.194240287,0.194240287,0,,251,0,0,0,44,199,8,0,0,0,0,1986,251,216,35,0,0,0,0
ACSSF,HI,150,0,15,3,8917,3,1500000US150030089173,"Block Group 3, Census Tract 89.17, Honolulu County, Hawaii",,,1.50E+11,764879,0,15,"Block Group 3, Census Tract 89.17, Honolulu County, Hawaii",913300,166036,1509,592,0.295321435,0.295321435,0,,592,0,0,31,0,545,16,0,0,0,0,,592,580,12,0,0,0,0
ACSSF,HI,150,0,15,3,8917,4,1500000US150030089174,"Block Group 4, Census Tract 89.17, Honolulu County, Hawaii",,,1.50E+11,256458,0,15,"Block Group 4, Census Tract 89.17, Honolulu County, Hawaii",828800,69318,710,340,0.099018991,0.099018991,0,1868,330,0,0,0,22,283,25,0,0,0,0,,330,181,149,10,10,0,0
ACSSF,HI,150,0,15,3,8917,5,1500000US150030089175,"Block Group 5, Census Tract 89.17, Honolulu County, Hawaii",,,1.50E+11,200855,0,15,"Block Group 5, Census Tract 89.17, Honolulu County, Hawaii",875900,117222,1033,306,0.077550553,0.077550553,0,2636,306,0,0,0,11,260,22,13,0,0,0,1985,306,196,110,0,0,0,0
ACSSF,HI,150,0,15,3,8918,1,1500000US150030089181,"Block Group 1, Census Tract 89.18, Honolulu County, Hawaii",,,1.50E+11,699842,0,15,"Block Group 1, Census Tract 89.18, Honolulu County, Hawaii",1044800,183375,1254,345,0.270210505,0.270210505,0,,345,0,0,19,29,285,12,0,0,0,0,1986,345,324,21,0,0,0,0
ACSSF,HI,150,0,15,3,8918,2,1500000US150030089182,"Block Group 2, Census Tract 89.18, Honolulu County, Hawaii",,,1.50E+11,980502,0,15,"Block Group 2, Census Tract 89.18, Honolulu County, Hawaii",885600,118375,1316,487,0.378573954,0.378573954,0,2591,487,0,0,19,26,267,157,9,9,0,0,1983,487,410,77,0,0,0,0
ACSSF,HI,150,0,15,3,8918,3,1500000US150030089183,"Block Group 3, Census Tract 89.18, Honolulu County, Hawaii",,,1.50E+11,252759,0,15,"Block Group 3, Census Tract 89.18, Honolulu County, Hawaii",820900,108698,928,279,0.097590797,0.097590797,0,3283,279,0,0,0,0,21,249,9,0,0,0,1975,279,244,35,0,0,0,0
ACSSF,HI,150,0,15,3,8918,4,1500000US150030089184,"Block Group 4, Census Tract 89.18, Honolulu County, Hawaii",,,1.50E+11,186863,0,15,"Block Group 4, Census Tract 89.18, Honolulu County, Hawaii",482900,82625,954,501,0.072148211,0.072148211,0,2156,437,0,0,0,0,25,385,17,10,0,0,,437,364,73,64,0,0,64
ACSSF,HI,150,0,15,3,8918,5,1500000US150030089185,"Block Group 5, Census Tract 89.18, Honolulu County, Hawaii",,,1.50E+11,226696,0,15,"Block Group 5, Census Tract 89.18, Honolulu County, Hawaii",811900,113281,664,233,0.087527819,0.087527819,0,,233,0,0,0,0,11,200,22,0,0,0,1975,233,201,32,0,0,0,0
ACSSF,HI,150,0,15,3,8921,1,1500000US150030089211,"Block Group 1, Census Tract 89.21, Honolulu County, Hawaii",,,1.50E+11,244268,0,15,"Block Group 1, Census Tract 89.21, Honolulu County, Hawaii",880700,125625,1293,333,0.094312407,0.094312407,0,,320,0,15,19,21,0,67,181,17,0,0,1968,320,276,44,13,0,0,13
ACSSF,HI,150,0,15,3,8921,2,1500000US150030089212,"Block Group 2, Census Tract 89.21, Honolulu County, Hawaii",,,1.50E+11,642559,0,15,"Block Group 2, Census Tract 89.21, Honolulu County, Hawaii",834900,119844,1194,266,0.248093426,0.248093426,0,,261,0,0,17,53,19,124,32,0,12,4,1977,261,244,17,5,5,0,0
ACSSF,HI,150,0,15,3,8926,1,1500000US150030089261,"Block Group 1, Census Tract 89.26, Honolulu County, Hawaii",,,1.50E+11,2317363,0,15,"Block Group 1, Census Tract 89.26, Honolulu County, Hawaii",551900,86042,1769,815,0.894738913,0.894738913,0,2444,793,0,15,155,499,118,0,6,0,0,0,1996,793,513,280,22,0,0,22
ACSSF,HI,150,0,15,3,8928,1,1500000US150030089281,"Block Group 1, Census Tract 89.28, Honolulu County, Hawaii",,,1.50E+11,622559,0,15,"Block Group 1, Census Tract 89.28, Honolulu County, Hawaii",899000,147708,1788,564,0.240371391,0.240371391,0,3450,564,0,0,444,97,12,11,0,0,0,0,2004,564,501,63,0,0,0,0
ACSSF,HI,150,0,15,3,8928,2,1500000US150030089282,"Block Group 2, Census Tract 89.28, Honolulu County, Hawaii",,,1.50E+11,655172,0,15,"Block Group 2, Census Tract 89.28, Honolulu County, Hawaii",1030400,167083,2154,746,0.252963334,0.252963334,0,1030,675,0,60,389,215,0,0,11,0,0,0,2004,675,606,69,71,35,0,36
ACSSF,HI,150,0,15,3,8929,1,1500000US150030089291,"Block Group 1, Census Tract 89.29, Honolulu County, Hawaii",,,1.50E+11,347579,0,15,"Block Group 1, Census Tract 89.29, Honolulu County, Hawaii",484400,120250,687,303,0.134201005,0.134201005,0,2069,303,0,0,0,303,0,0,0,0,0,0,,303,241,62,0,0,0,0
ACSSF,HI,150,0,15,3,8929,2,1500000US150030089292,"Block Group 2, Census Tract 89.29, Honolulu County, Hawaii",,,1.50E+11,402145,0,15,"Block Group 2, Census Tract 89.29, Honolulu County, Hawaii",776800,79460,1660,690,0.155269057,0.155269057,0,,589,0,0,0,496,16,19,25,18,0,15,1995,589,497,92,101,0,0,101
ACSSF,HI,150,0,15,3,8929,3,1500000US150030089293,"Block Group 3, Census Tract 89.29, Honolulu County, Hawaii",,,1.50E+11,322766,0,15,"Block Group 3, Census Tract 89.29, Honolulu County, Hawaii",665400,134000,1043,350,0.124620654,0.124620654,0,2298,350,0,0,36,291,17,0,6,0,0,0,1995,350,313,37,0,0,0,0
ACSSF,HI,150,0,15,3,8929,4,1500000US150030089294,"Block Group 4, Census Tract 89.29, Honolulu County, Hawaii",,,1.50E+11,171780,0,15,"Block Group 4, Census Tract 89.29, Honolulu County, Hawaii",428800,91932,600,207,0.066324629,0.066324629,0,1841,207,0,0,9,160,38,0,0,0,0,0,1994,207,136,71,0,0,0,0
ACSSF,HI,150,0,15,3,8929,5,1500000US150030089295,"Block Group 5, Census Tract 89.29, Honolulu County, Hawaii",,,1.50E+11,110887,0,15,"Block Group 5, Census Tract 89.29, Honolulu County, Hawaii",463100,83088,1520,694,0.042813711,0.042813711,0,2283,694,0,58,121,395,101,19,0,0,0,0,1996,694,326,368,0,0,0,0
ACSSF,HI,150,0,15,3,8930,1,1500000US150030089301,"Block Group 1, Census Tract 89.30, Honolulu County, Hawaii",,,1.50E+11,593122,0,15,"Block Group 1, Census Tract 89.30, Honolulu County, Hawaii",1051600,149650,927,349,0.229005694,0.229005694,0,,313,0,0,15,279,11,0,8,0,0,0,1995,313,293,20,36,15,0,21
ACSSF,HI,150,0,15,3,8930,2,1500000US150030089302,"Block Group 2, Census Tract 89.30, Honolulu County, Hawaii",,,1.50E+11,445601,0,15,"Block Group 2, Census Tract 89.30, Honolulu County, Hawaii",960500,153333,1397,524,0.172047511,0.172047511,0,3219,508,0,0,21,463,19,0,5,0,0,0,,508,430,78,16,0,0,16
ACSSF,HI,150,0,15,3,8931,1,1500000US150030089311,"Block Group 1, Census Tract 89.31, Honolulu County, Hawaii",,,1.50E+11,46948943,0,15,"Block Group 1, Census Tract 89.31, Honolulu County, Hawaii",,,250,0,18.12708855,18.12708855,0,,0,0,0,0,0,0,0,0,0,0,0,,0,0,0,0,0,0,0
ACSSF,HI,150,0,15,3,8931,2,1500000US150030089312,"Block Group 2, Census Tract 89.31, Honolulu County, Hawaii",,,1.50E+11,770094,0,15,"Block Group 2, Census Tract 89.31, Honolulu County, Hawaii",1125000,185795,1476,415,0.297334969,0.297334969,0,3501,391,0,0,363,0,28,0,0,0,0,0,2005,391,322,69,24,7,0,17
ACSSF,HI,150,0,15,3,8931,3,1500000US150030089313,"Block Group 3, Census Tract 89.31, Honolulu County, Hawaii",,,1.50E+11,24260381,0,15,"Block Group 3, Census Tract 89.31, Honolulu County, Hawaii",1085600,187109,1637,417,9.366985321,9.366985321,0,,417,0,22,380,15,0,0,0,0,0,0,,417,402,15,0,0,0,0
ACSSF,HI,150,0,15,3,8932,1,1500000US150030089321,"Block Group 1, Census Tract 89.32, Honolulu County, Hawaii",,,1.50E+11,225660,0,15,"Block Group 1, Census Tract 89.32, Honolulu County, Hawaii",919400,100833,479,208,0.08712782,0.08712782,0,,184,0,0,7,0,26,143,0,8,0,0,1976,184,154,30,24,24,0,0
ACSSF,HI,150,0,15,3,8932,2,1500000US150030089322,"Block Group 2, Census Tract 89.32, Honolulu County, Hawaii",,,1.50E+11,574761,0,15,"Block Group 2, Census Tract 89.32, Honolulu County, Hawaii",885100,140833,1737,546,0.221916467,0.221916467,0,2981,546,0,0,0,13,211,293,29,0,0,0,1978,546,513,33,0,0,0,0
ACSSF,HI,150,0,15,3,8933,1,1500000US150030089331,"Block Group 1, Census Tract 89.33, Honolulu County, Hawaii",,,1.50E+11,3717214,0,15,"Block Group 1, Census Tract 89.33, Honolulu County, Hawaii",909200,123375,2270,806,1.435224414,1.435224414,0,3501,776,0,0,0,9,162,455,42,108,0,0,1975,776,718,58,30,0,0,30
ACSSF,HI,150,0,15,3,8933,2,1500000US150030089332,"Block Group 2, Census Tract 89.33, Honolulu County, Hawaii",,,1.50E+11,293438,0,15,"Block Group 2, Census Tract 89.33, Honolulu County, Hawaii",863300,134722,1172,366,0.113297053,0.113297053,0,3501,366,0,0,0,0,30,325,0,0,0,11,1975,366,319,47,0,0,0,0
ACSSF,HI,150,0,15,3,8934,1,1500000US150030089341,"Block Group 1, Census Tract 89.34, Honolulu County, Hawaii",,,1.50E+11,578546,0,15,"Block Group 1, Census Tract 89.34, Honolulu County, Hawaii",864300,136444,1489,404,0.223377869,0.223377869,0,,404,0,0,226,144,0,0,0,34,0,0,2001,404,321,83,0,0,0,0
ACSSF,HI,150,0,15,3,8934,2,1500000US150030089342,"Block Group 2, Census Tract 89.34, Honolulu County, Hawaii",,,1.50E+11,575509,0,15,"Block Group 2, Census Tract 89.34, Honolulu County, Hawaii",871800,156549,1523,486,0.222205281,0.222205281,0,3500,486,0,0,219,222,45,0,0,0,0,0,1999,486,434,52,0,0,0,0
ACSSF,HI,150,0,15,3,8934,3,1500000US150030089343,"Block Group 3, Census Tract 89.34, Honolulu County, Hawaii",,,1.50E+11,20501035,8307,15,"Block Group 3, Census Tract 89.34, Honolulu County, Hawaii",835100,148000,832,238,7.918702126,7.915494442,0.003207351,3501,238,0,0,81,143,14,0,0,0,0,0,1997,238,207,31,0,0,0,0
ACSSF,HI,150,0,15,3,8935,1,1500000US150030089351,"Block Group 1, Census Tract 89.35, Honolulu County, Hawaii",,,1.50E+11,452314,0,15,"Block Group 1, Census Tract 89.35, Honolulu County, Hawaii",848500,153333,971,341,0.174639419,0.174639419,0,3145,316,0,0,186,55,63,12,0,0,0,0,2002,316,235,81,25,0,0,25
ACSSF,HI,150,0,15,3,8935,2,1500000US150030089352,"Block Group 2, Census Tract 89.35, Honolulu County, Hawaii",,,1.50E+11,240460,0,15,"Block Group 2, Census Tract 89.35, Honolulu County, Hawaii",624500,51100,2787,953,0.092842132,0.092842132,0,2340,900,0,0,11,499,274,105,11,0,0,0,1992,900,496,404,53,28,0,25
ACSSF,HI,150,0,15,3,8936,1,1500000US150030089361,"Block Group 1, Census Tract 89.36, Honolulu County, Hawaii",,,1.50E+11,434248,0,15,"Block Group 1, Census Tract 89.36, Honolulu County, Hawaii",757300,136000,1350,432,0.167664096,0.167664096,0,1750,378,0,10,0,17,315,14,0,13,9,0,,378,357,21,54,25,0,29
ACSSF,HI,150,0,15,3,8936,2,1500000US150030089362,"Block Group 2, Census Tract 89.36, Honolulu County, Hawaii",,,1.50E+11,363930,0,15,"Block Group 2, Census Tract 89.36, Honolulu County, Hawaii",809500,102857,1422,405,0.140514165,0.140514165,0,2604,386,0,0,0,6,242,51,74,13,0,0,1982,386,329,57,19,0,0,19
ACSSF,HI,150,0,15,3,8937,1,1500000US150030089371,"Block Group 1, Census Tract 89.37, Honolulu County, Hawaii",,,1.50E+11,252134,0,15,"Block Group 1, Census Tract 89.37, Honolulu County, Hawaii",319000,102708,2091,557,0.097349487,0.097349487,0,1694,525,0,49,0,0,41,62,302,62,9,0,1966,525,202,323,32,0,0,32
ACSSF,HI,150,0,15,3,8938,1,1500000US150030089381,"Block Group 1, Census Tract 89.38, Honolulu County, Hawaii",,,1.50E+11,110763,0,15,"Block Group 1, Census Tract 89.38, Honolulu County, Hawaii",,64722,1194,338,0.042765833,0.042765833,0,2229,320,0,0,26,0,50,71,113,18,42,0,1968,320,0,320,18,0,0,18
ACSSF,HI,150,0,15,3,8938,2,1500000US150030089382,"Block Group 2, Census Tract 89.38, Honolulu County, Hawaii",,,1.50E+11,195870,0,15,"Block Group 2, Census Tract 89.38, Honolulu County, Hawaii",417600,105625,2638,386,0.075625829,0.075625829,0,2181,386,0,0,19,0,134,42,118,40,17,16,1970,386,232,154,0,0,0,0
ACSSF,HI,150,0,15,3,8939,1,1500000US150030089391,"Block Group 1, Census Tract 89.39, Honolulu County, Hawaii",,,1.50E+11,718008,0,15,"Block Group 1, Census Tract 89.39, Honolulu County, Hawaii",,,0,0,0.277224451,0.277224451,0,,0,0,0,0,0,0,0,0,0,0,0,,0,0,0,0,0,0,0
ACSSF,HI,150,0,15,3,8939,2,1500000US150030089392,"Block Group 2, Census Tract 89.39, Honolulu County, Hawaii",,,1.50E+11,312921,0,15,"Block Group 2, Census Tract 89.39, Honolulu County, Hawaii",358200,79706,1086,498,0.120819479,0.120819479,0,2106,474,0,0,0,7,70,333,17,47,0,0,1975,474,304,170,24,0,0,24
ACSSF,HI,150,0,15,3,8939,3,1500000US150030089393,"Block Group 3, Census Tract 89.39, Honolulu County, Hawaii",,,1.50E+11,258391,0,15,"Block Group 3, Census Tract 89.39, Honolulu County, Hawaii",409100,100000,1286,511,0.099765331,0.099765331,0,1782,458,0,33,0,89,42,235,51,0,8,0,1978,458,313,145,53,0,0,53
ACSSF,HI,150,0,15,3,8940,1,1500000US150030089401,"Block Group 1, Census Tract 89.40, Honolulu County, Hawaii",,,1.50E+11,979620,0,15,"Block Group 1, Census Tract 89.40, Honolulu County, Hawaii",690100,86224,2224,689,0.378233403,0.378233403,0,1234,593,0,19,12,0,23,31,307,191,10,0,1964,593,522,71,96,0,32,64
ACSSF,HI,150,0,15,3,8940,2,1500000US150030089402,"Block Group 2, Census Tract 89.40, Honolulu County, Hawaii",,,1.50E+11,269177,0,15,"Block Group 2, Census Tract 89.40, Honolulu County, Hawaii",835100,130300,797,248,0.103929825,0.103929825,0,,248,0,0,0,0,211,9,0,5,0,23,1984,248,248,0,0,0,0,0
ACSSF,HI,150,0,15,3,8941,1,1500000US150030089411,"Block Group 1, Census Tract 89.41, Honolulu County, Hawaii",,,1.50E+11,730558,0,15,"Block Group 1, Census Tract 89.41, Honolulu County, Hawaii",852700,145625,2089,699,0.282070041,0.282070041,0,2490,699,0,0,11,24,71,330,245,0,18,0,1973,699,510,189,0,0,0,0
ACSSF,HI,150,0,15,3,8942,1,1500000US150030089421,"Block Group 1, Census Tract 89.42, Honolulu County, Hawaii",,,1.50E+11,401992,0,15,"Block Group 1, Census Tract 89.42, Honolulu County, Hawaii",804900,93750,1677,488,0.155209988,0.155209988,0,1302,488,0,0,0,5,51,366,31,29,0,6,1975,488,301,187,0,0,0,0
ACSSF,HI,150,0,15,3,8942,2,1500000US150030089422,"Block Group 2, Census Tract 89.42, Honolulu County, Hawaii",,,1.50E+11,200898,0,15,"Block Group 2, Census Tract 89.42, Honolulu County, Hawaii",307900,57576,611,234,0.077567153,0.077567153,0,1789,234,0,0,0,30,16,111,77,0,0,0,1974,234,67,167,0,0,0,0
ACSSF,HI,150,0,15,3,8943,1,1500000US150030089431,"Block Group 1, Census Tract 89.43, Honolulu County, Hawaii",,,1.50E+11,487814,0,15,"Block Group 1, Census Tract 89.43, Honolulu County, Hawaii",1055500,178393,1039,395,0.188346043,0.188346043,0,3263,395,0,0,34,298,46,9,8,0,0,0,1995,395,359,36,0,0,0,0
ACSSF,HI,150,0,15,3,8944,1,1500000US150030089441,"Block Group 1, Census Tract 89.44, Honolulu County, Hawaii",,,1.50E+11,150148,0,15,"Block Group 1, Census Tract 89.44, Honolulu County, Hawaii",622900,103636,945,314,0.057972468,0.057972468,0,2866,314,0,10,255,23,26,0,0,0,0,0,2004,314,157,157,0,0,0,0
ACSSF,HI,150,0,15,3,8944,2,1500000US150030089442,"Block Group 2, Census Tract 89.44, Honolulu County, Hawaii",,,1.50E+11,318094,0,15,"Block Group 2, Census Tract 89.44, Honolulu County, Hawaii",940100,192682,1920,561,0.122816786,0.122816786,0,3501,561,0,0,460,80,10,11,0,0,0,0,2004,561,509,52,0,0,0,0
ACSSF,HI,150,0,15,3,8944,3,1500000US150030089443,"Block Group 3, Census Tract 89.44, Honolulu County, Hawaii",,,1.50E+11,167589,0,15,"Block Group 3, Census Tract 89.44, Honolulu County, Hawaii",577700,95208,984,451,0.064706475,0.064706475,0,1911,451,0,0,332,119,0,0,0,0,0,0,2003,451,233,218,0,0,0,0
ACSSF,HI,150,0,15,3,8945,1,1500000US150030089451,"Block Group 1, Census Tract 89.45, Honolulu County, Hawaii",,,1.50E+11,4332486,0,15,"Block Group 1, Census Tract 89.45, Honolulu County, Hawaii",772900,74503,1754,658,1.672782302,1.672782302,0,2255,593,0,0,0,98,367,98,14,16,0,0,1985,593,294,299,65,23,0,42
ACSSF,HI,150,0,15,3,8946,1,1500000US150030089461,"Block Group 1, Census Tract 89.46, Honolulu County, Hawaii",,,1.50E+11,137621,0,15,"Block Group 1, Census Tract 89.46, Honolulu County, Hawaii",466700,74816,1141,491,0.053135768,0.053135768,0,2169,491,0,0,0,0,370,78,43,0,0,0,1983,491,366,125,0,0,0,0
ACSSF,HI,150,0,15,3,8946,2,1500000US150030089462,"Block Group 2, Census Tract 89.46, Honolulu County, Hawaii",,,1.50E+11,283458,0,15,"Block Group 2, Census Tract 89.46, Honolulu County, Hawaii",475600,87216,562,261,0.109443754,0.109443754,0,2109,261,0,12,39,10,132,38,30,0,0,0,1985,261,200,61,0,0,0,0
ACSSF,HI,150,0,15,3,8946,3,1500000US150030089463,"Block Group 3, Census Tract 89.46, Honolulu County, Hawaii",,,1.50E+11,165451,0,15,"Block Group 3, Census Tract 89.46, Honolulu County, Hawaii",746600,125250,1109,464,0.063880987,0.063880987,0,2289,439,0,17,7,8,314,70,0,0,12,11,1984,439,388,51,25,0,0,25
ACSSF,HI,150,0,15,3,8947,1,1500000US150030089471,"Block Group 1, Census Tract 89.47, Honolulu County, Hawaii",,,1.50E+11,272431,0,15,"Block Group 1, Census Tract 89.47, Honolulu County, Hawaii",641800,95583,1621,677,0.105186202,0.105186202,0,1966,633,0,6,19,84,464,36,24,0,0,0,1985,633,462,171,44,44,0,0
ACSSF,HI,150,0,15,3,8948,1,1500000US150030089481,"Block Group 1, Census Tract 89.48, Honolulu County, Hawaii",,,1.50E+11,216960,0,15,"Block Group 1, Census Tract 89.48, Honolulu County, Hawaii",397400,100125,977,485,0.083768725,0.083768725,0,1886,456,0,0,0,9,389,58,0,0,0,0,1984,456,265,191,29,0,0,29
ACSSF,HI,150,0,15,3,8948,2,1500000US150030089482,"Block Group 2, Census Tract 89.48, Honolulu County, Hawaii",,,1.50E+11,189770,0,15,"Block Group 2, Census Tract 89.48, Honolulu County, Hawaii",754400,114028,648,220,0.073270611,0.073270611,0,2250,220,0,0,0,25,73,86,36,0,0,0,1979,220,185,35,0,0,0,0
ACSSF,HI,150,0,15,3,8948,3,1500000US150030089483,"Block Group 3, Census Tract 89.48, Honolulu County, Hawaii",,,1.50E+11,218082,0,15,"Block Group 3, Census Tract 89.48, Honolulu County, Hawaii",412700,82353,963,467,0.084201932,0.084201932,0,1805,440,0,0,0,42,364,34,0,0,0,0,1985,440,338,102,27,0,0,27
ACSSF,HI,150,0,15,3,8949,1,1500000US150030089491,"Block Group 1, Census Tract 89.49, Honolulu County, Hawaii",,,1.50E+11,728667,0,15,"Block Group 1, Census Tract 89.49, Honolulu County, Hawaii",738700,116726,2060,741,0.281339914,0.281339914,0,2460,725,0,0,66,433,19,70,32,0,105,0,1993,725,555,170,16,0,16,0
ACSSF,HI,150,0,15,3,8950,1,1500000US150030089501,"Block Group 1, Census Tract 89.50, Honolulu County, Hawaii",,,1.50E+11,415010,0,15,"Block Group 1, Census Tract 89.50, Honolulu County, Hawaii",845600,119631,1697,553,0.160236269,0.160236269,0,,499,0,0,4,57,409,6,23,0,0,0,1985,499,472,27,54,0,54,0
ACSSF,HI,150,0,15,3,8951,1,1500000US150030089511,"Block Group 1, Census Tract 89.51, Honolulu County, Hawaii",,,1.50E+11,162311,0,15,"Block Group 1, Census Tract 89.51, Honolulu County, Hawaii",642400,123897,925,272,0.062668629,0.062668629,0,,259,0,0,8,0,216,35,0,0,0,0,1985,259,259,0,13,0,0,13
ACSSF,HI,150,0,15,3,8951,2,1500000US150030089512,"Block Group 2, Census Tract 89.51, Honolulu County, Hawaii",,,1.50E+11,128644,0,15,"Block Group 2, Census Tract 89.51, Honolulu County, Hawaii",852200,129864,923,301,0.049669728,0.049669728,0,,301,0,0,0,0,284,16,1,0,0,0,1985,301,301,0,0,0,0,0
ACSSF,HI,150,0,15,3,8952,1,1500000US150030089521,"Block Group 1, Census Tract 89.52, Honolulu County, Hawaii",,,1.50E+11,2322638,0,15,"Block Group 1, Census Tract 89.52, Honolulu County, Hawaii",596600,103946,1526,771,0.896775603,0.896775603,0,2699,685,0,0,118,506,49,12,0,0,0,0,1995,685,374,311,86,0,0,86
ACSSF,HI,150,0,15,3,8952,2,1500000US150030089522,"Block Group 2, Census Tract 89.52, Honolulu County, Hawaii",,,1.50E+11,762220,0,15,"Block Group 2, Census Tract 89.52, Honolulu County, Hawaii",801700,132278,1727,495,0.294294804,0.294294804,0,,495,0,0,0,481,0,14,0,0,0,0,,495,442,53,0,0,0,0
ACSSF,HI,150,0,15,3,8952,3,1500000US150030089523,"Block Group 3, Census Tract 89.52, Honolulu County, Hawaii",,,1.50E+11,921290,0,15,"Block Group 3, Census Tract 89.52, Honolulu County, Hawaii",653200,120577,2238,1072,0.355712086,0.355712086,0,2337,1072,0,0,171,798,76,27,0,0,0,0,1995,1072,711,361,0,0,0,0
ACSSF,HI,150,0,15,3,9000,1,1500000US150030090001,"Block Group 1, Census Tract 90, Honolulu County, Hawaii",,,1.50E+11,1929011,0,15,"Block Group 1, Census Tract 90, Honolulu County, Hawaii",,61886,1202,548,0.744795322,0.744795322,0,2734,450,0,48,90,35,36,185,29,11,11,5,1981,450,0,450,98,5,0,93
ACSSF,HI,150,0,15,3,9000,2,1500000US150030090002,"Block Group 2, Census Tract 90, Honolulu County, Hawaii",,,1.50E+11,4780357,0,15,"Block Group 2, Census Tract 90, Honolulu County, Hawaii",,88214,1017,379,1.845706224,1.845706224,0,2809,358,0,56,28,41,0,39,72,15,37,70,1968,358,4,354,21,0,0,21
ACSSF,HI,150,0,15,3,9100,1,1500000US150030091001,"Block Group 1, Census Tract 91, Honolulu County, Hawaii",,,1.50E+11,1455927,0,15,"Block Group 1, Census Tract 91, Honolulu County, Hawaii",672600,143854,825,201,0.56213659,0.56213659,0,,201,0,0,0,46,141,14,0,0,0,0,1986,201,191,10,0,0,0,0
ACSSF,HI,150,0,15,3,9100,2,1500000US150030091002,"Block Group 2, Census Tract 91, Honolulu County, Hawaii",,,1.50E+11,31246051,296694,15,"Block Group 2, Census Tract 91, Honolulu County, Hawaii",698100,83370,2680,762,12.17872238,12.06416893,0.114554197,2650,702,0,133,31,47,32,80,62,78,130,109,1970,702,325,377,60,0,0,60
ACSSF,HI,150,0,15,3,9100,3,1500000US150030091003,"Block Group 3, Census Tract 91, Honolulu County, Hawaii",,,1.50E+11,169428,0,15,"Block Group 3, Census Tract 91, Honolulu County, Hawaii",637800,95962,1543,370,0.065416522,0.065416522,0,1429,310,0,0,34,13,106,124,14,0,19,0,1978,310,203,107,60,22,0,38
ACSSF,HI,150,0,15,3,9201,1,1500000US150030092011,"Block Group 1, Census Tract 92.01, Honolulu County, Hawaii",,,1.50E+11,357052,0,15,"Block Group 1, Census Tract 92.01, Honolulu County, Hawaii",845500,131250,1219,389,0.137858555,0.137858555,0,1413,354,0,0,45,0,47,125,19,100,0,18,1972,354,307,47,35,0,0,35
ACSSF,HI,150,0,15,3,9201,2,1500000US150030092012,"Block Group 2, Census Tract 92.01, Honolulu County, Hawaii",,,1.50E+11,269705,0,15,"Block Group 2, Census Tract 92.01, Honolulu County, Hawaii",369700,75563,1402,605,0.104133688,0.104133688,0,1806,603,0,7,0,0,121,203,121,135,16,0,1971,603,368,235,2,2,0,0
ACSSF,HI,150,0,15,3,9201,3,1500000US150030092013,"Block Group 3, Census Tract 92.01, Honolulu County, Hawaii",,,1.50E+11,754024,0,15,"Block Group 3, Census Tract 92.01, Honolulu County, Hawaii",833300,115125,439,151,0.291130304,0.291130304,0,,151,0,0,0,0,0,20,75,56,0,0,1963,151,108,43,0,0,0,0
ACSSF,HI,150,0,15,3,9202,1,1500000US150030092021,"Block Group 1, Census Tract 92.02, Honolulu County, Hawaii",,,1.50E+11,612432,3166,15,"Block Group 1, Census Tract 92.02, Honolulu County, Hawaii",633900,78910,414,236,0.237683728,0.236461326,0.0012224,1115,230,0,14,43,0,0,14,7,106,7,39,1956,230,139,91,6,0,0,6
ACSSF,HI,150,0,15,3,9202,2,1500000US150030092022,"Block Group 2, Census Tract 92.02, Honolulu County, Hawaii",,,1.50E+11,597440,0,15,"Block Group 2, Census Tract 92.02, Honolulu County, Hawaii",673400,121047,1717,593,0.230672881,0.230672881,0,2512,513,0,37,0,10,65,22,159,125,39,56,1965,513,376,137,80,0,0,80
ACSSF,HI,150,0,15,3,9203,1,1500000US150030092031,"Block Group 1, Census Tract 92.03, Honolulu County, Hawaii",,,1.50E+11,965057,13047,15,"Block Group 1, Census Tract 92.03, Honolulu County, Hawaii",601700,81991,2331,835,0.377648085,0.372610599,0.005037475,1685,782,0,24,52,0,9,48,310,215,104,20,1962,782,428,354,53,0,34,19
ACSSF,HI,150,0,15,3,9301,1,1500000US150030093011,"Block Group 1, Census Tract 93.01, Honolulu County, Hawaii",,,1.50E+11,361794,31557,15,"Block Group 1, Census Tract 93.01, Honolulu County, Hawaii",435300,47413,1605,541,0.151873678,0.139689445,0.012184226,1174,467,0,0,10,89,44,58,128,0,61,77,1967,467,124,343,74,0,25,49
ACSSF,HI,150,0,15,3,9302,1,1500000US150030093021,"Block Group 1, Census Tract 93.02, Honolulu County, Hawaii",,,1.50E+11,451107,0,15,"Block Group 1, Census Tract 93.02, Honolulu County, Hawaii",798300,103142,1392,409,0.1741734,0.1741734,0,1622,409,7,0,0,15,125,46,13,143,33,27,1961,409,215,194,0,0,0,0
ACSSF,HI,150,0,15,3,9302,2,1500000US150030093022,"Block Group 2, Census Tract 93.02, Honolulu County, Hawaii",,,1.50E+11,140639,11109,15,"Block Group 2, Census Tract 93.02, Honolulu County, Hawaii",639100,,605,267,0.058590233,0.054301023,0.004289209,727,267,0,14,42,76,27,54,0,3,0,51,1989,267,79,188,0,0,0,0
ACSSF,HI,150,0,15,3,9302,3,1500000US150030093023,"Block Group 3, Census Tract 93.02, Honolulu County, Hawaii",,,1.50E+11,238617,14059,15,"Block Group 3, Census Tract 93.02, Honolulu County, Hawaii",638000,132708,1668,485,0.097558752,0.092130542,0.00542821,1416,485,0,0,14,29,11,43,59,114,108,107,1952,485,365,120,0,0,0,0
ACSSF,HI,150,0,15,3,9401,1,1500000US150030094011,"Block Group 1, Census Tract 94.01, Honolulu County, Hawaii",,,1.50E+11,624390,374428,15,"Block Group 1, Census Tract 94.01, Honolulu County, Hawaii",651900,88548,1276,557,0.385645807,0.241078332,0.14456746,1500,492,0,0,2,14,14,126,261,64,11,0,1967,492,283,209,65,46,0,19
ACSSF,HI,150,0,15,3,9402,1,1500000US150030094021,"Block Group 1, Census Tract 94.02, Honolulu County, Hawaii",,,1.50E+11,164599,0,15,"Block Group 1, Census Tract 94.02, Honolulu County, Hawaii",,54621,1316,530,0.063552029,0.063552029,0,1420,442,0,64,0,81,12,36,116,94,22,17,1968,442,79,363,88,26,0,62
ACSSF,HI,150,0,15,3,9402,2,1500000US150030094022,"Block Group 2, Census Tract 94.02, Honolulu County, Hawaii",,,1.50E+11,253115,45735,15,"Block Group 2, Census Tract 94.02, Honolulu County, Hawaii",709700,67750,1064,435,0.115386635,0.097728252,0.017658383,1585,391,0,0,0,65,21,18,118,150,0,19,1963,391,191,200,44,0,0,44
ACSSF,HI,150,0,15,3,9402,3,1500000US150030094023,"Block Group 3, Census Tract 94.02, Honolulu County, Hawaii",,,1.50E+11,139027,160044,15,"Block Group 3, Census Tract 94.02, Honolulu County, Hawaii",,,952,449,0.115471967,0.053678628,0.061793335,923,392,0,0,0,11,72,186,72,51,0,0,1972,392,0,392,57,19,0,38
ACSSF,HI,150,0,15,3,9507,1,1500000US150030095071,"Block Group 1, Census Tract 95.07, Honolulu County, Hawaii",,,1.50E+11,1370127,0,15,"Block Group 1, Census Tract 95.07, Honolulu County, Hawaii",,57071,1621,598,0.529009044,0.529009044,0,2667,500,0,0,0,32,28,140,64,144,92,0,1962,500,0,500,98,0,0,98
ACSSF,HI,150,0,15,3,9507,2,1500000US150030095072,"Block Group 2, Census Tract 95.07, Honolulu County, Hawaii",,,1.50E+11,385259,0,15,"Block Group 2, Census Tract 95.07, Honolulu County, Hawaii",,,1211,0,0.148749337,0.148749337,0,,0,0,0,0,0,0,0,0,0,0,0,,0,0,0,0,0,0,0
ACSSF,HI,150,0,15,3,9508,1,1500000US150030095081,"Block Group 1, Census Tract 95.08, Honolulu County, Hawaii",,,1.50E+11,704460,0,15,"Block Group 1, Census Tract 95.08, Honolulu County, Hawaii",,69453,1968,693,0.271993548,0.271993548,0,2789,668,0,138,119,303,23,34,50,0,0,1,1997,668,0,668,25,0,0,25
ACSSF,HI,150,0,15,3,9509,1,1500000US150030095091,"Block Group 1, Census Tract 95.09, Honolulu County, Hawaii",,,1.50E+11,224751,0,15,"Block Group 1, Census Tract 95.09, Honolulu County, Hawaii",,63894,1461,415,0.086776853,0.086776853,0,3147,415,0,174,137,79,9,0,16,0,0,0,2008,415,0,415,0,0,0,0
ACSSF,HI,150,0,15,3,9509,2,1500000US150030095092,"Block Group 2, Census Tract 95.09, Honolulu County, Hawaii",,,1.50E+11,527963,0,15,"Block Group 2, Census Tract 95.09, Honolulu County, Hawaii",,75625,1894,529,0.203847662,0.203847662,0,3263,516,0,171,237,26,27,39,6,10,0,0,2007,516,0,516,13,0,0,13
ACSSF,HI,150,0,15,3,9510,1,1500000US150030095101,"Block Group 1, Census Tract 95.10, Honolulu County, Hawaii",,,1.50E+11,160494,0,15,"Block Group 1, Census Tract 95.10, Honolulu County, Hawaii",,86406,999,296,0.061967082,0.061967082,0,3085,296,0,116,102,11,67,0,0,0,0,0,2007,296,0,296,0,0,0,0
ACSSF,HI,150,0,15,3,9510,2,1500000US150030095102,"Block Group 2, Census Tract 95.10, Honolulu County, Hawaii",,,1.50E+11,221380,0,15,"Block Group 2, Census Tract 95.10, Honolulu County, Hawaii",,88182,426,186,0.085475296,0.085475296,0,2979,186,0,53,73,0,0,53,7,0,0,0,2005,186,0,186,0,0,0,0
ACSSF,HI,150,0,15,3,9511,1,1500000US150030095111,"Block Group 1, Census Tract 95.11, Honolulu County, Hawaii",,,1.50E+11,318581,0,15,"Block Group 1, Census Tract 95.11, Honolulu County, Hawaii",,62209,1806,628,0.123004816,0.123004816,0,3084,592,0,49,194,109,207,22,0,0,0,11,1997,592,10,582,36,0,0,36
ACSSF,HI,150,0,15,3,9511,2,1500000US150030095112,"Block Group 2, Census Tract 95.11, Honolulu County, Hawaii",,,1.50E+11,622686,0,15,"Block Group 2, Census Tract 95.11, Honolulu County, Hawaii",,62431,1411,496,0.240420416,0.240420416,0,3213,462,0,243,155,24,10,20,0,0,0,10,2011,462,0,462,34,0,0,34
ACSSF,HI,150,0,15,3,9512,1,1500000US150030095121,"Block Group 1, Census Tract 95.12, Honolulu County, Hawaii",,,1.50E+11,827745,4701,15,"Block Group 1, Census Tract 95.12, Honolulu County, Hawaii",,82292,1292,498,0.321409225,0.319594145,0.001815066,3304,415,0,13,15,15,28,36,52,27,66,163,1949,415,0,415,83,0,0,83
ACSSF,HI,150,0,15,3,9512,2,1500000US150030095122,"Block Group 2, Census Tract 95.12, Honolulu County, Hawaii",,,1.50E+11,1098828,0,15,"Block Group 2, Census Tract 95.12, Honolulu County, Hawaii",,,3409,0,0.424259871,0.424259871,0,,0,0,0,0,0,0,0,0,0,0,0,,0,0,0,0,0,0,0
ACSSF,HI,150,0,15,3,9512,3,1500000US150030095123,"Block Group 3, Census Tract 95.12, Honolulu County, Hawaii",,,1.50E+11,715339,0,15,"Block Group 3, Census Tract 95.12, Honolulu County, Hawaii",,73750,635,167,0.276193947,0.276193947,0,3501,163,0,78,59,9,5,7,5,0,0,0,2010,163,0,163,4,4,0,0
ACSSF,HI,150,0,15,3,9608,1,1500000US150030096081,"Block Group 1, Census Tract 96.08, Honolulu County, Hawaii",,,1.50E+11,331438,2103,15,"Block Group 1, Census Tract 96.08, Honolulu County, Hawaii",508900,55064,1058,388,0.128780901,0.127968937,0.000811973,1634,360,0,10,27,0,33,146,41,0,40,63,1973,360,195,165,28,0,0,28
ACSSF,HI,150,0,15,3,9608,2,1500000US150030096082,"Block Group 2, Census Tract 96.08, Honolulu County, Hawaii",,,1.50E+11,43534880,30328,15,"Block Group 2, Census Tract 96.08, Honolulu County, Hawaii",538600,46007,1036,386,16.82062149,16.80891228,0.011709707,2114,353,0,0,20,16,28,169,43,25,49,3,1974,353,185,168,33,0,0,33
ACSSF,HI,150,0,15,3,9608,3,1500000US150030096083,"Block Group 3, Census Tract 96.08, Honolulu County, Hawaii",,,1.50E+11,1067699,5550529,15,"Block Group 3, Census Tract 96.08, Honolulu County, Hawaii",504300,68125,1519,351,2.555312157,0.412240893,2.143071413,1236,298,0,0,18,85,0,182,0,9,4,0,1976,298,151,147,53,0,0,53
ACSSF,HI,150,0,15,3,9608,4,1500000US150030096084,"Block Group 4, Census Tract 96.08, Honolulu County, Hawaii",,,1.50E+11,730146,0,15,"Block Group 4, Census Tract 96.08, Honolulu County, Hawaii",438600,105500,1579,358,0.281910956,0.281910956,0,1204,354,0,0,0,186,27,38,39,62,0,2,1991,354,255,99,4,0,0,4
ACSSF,HI,150,0,15,3,9609,1,1500000US150030096091,"Block Group 1, Census Tract 96.09, Honolulu County, Hawaii",,,1.50E+11,3872379,0,15,"Block Group 1, Census Tract 96.09, Honolulu County, Hawaii",668200,95771,2967,717,1.495133996,1.495133996,0,,668,31,381,186,17,0,36,0,0,17,0,2011,668,612,56,49,0,0,49
ACSSF,HI,150,0,15,3,9609,2,1500000US150030096092,"Block Group 2, Census Tract 96.09, Honolulu County, Hawaii",,,1.50E+11,167432,0,15,"Block Group 2, Census Tract 96.09, Honolulu County, Hawaii",587200,125481,751,203,0.064645857,0.064645857,0,,203,0,19,0,173,11,0,0,0,0,0,1995,203,203,0,0,0,0,0
ACSSF,HI,150,0,15,3,9609,3,1500000US150030096093,"Block Group 3, Census Tract 96.09, Honolulu County, Hawaii",,,1.50E+11,1016467,0,15,"Block Group 3, Census Tract 96.09, Honolulu County, Hawaii",686600,90000,2178,552,0.392460108,0.392460108,0,,552,0,66,336,54,0,61,35,0,0,0,2004,552,397,155,0,0,0,0
ACSSF,HI,150,0,15,3,9610,1,1500000US150030096101,"Block Group 1, Census Tract 96.10, Honolulu County, Hawaii",,,1.50E+11,306090,20028,15,"Block Group 1, Census Tract 96.10, Honolulu County, Hawaii",565600,73333,1216,313,0.125914872,0.118182018,0.007732854,2500,200,28,0,0,0,0,90,39,14,21,8,1965,200,90,110,113,0,46,67
ACSSF,HI,150,0,15,3,9610,2,1500000US150030096102,"Block Group 2, Census Tract 96.10, Honolulu County, Hawaii",,,1.50E+11,495605,22916,15,"Block Group 2, Census Tract 96.10, Honolulu County, Hawaii",471500,124717,2233,648,0.200202093,0.19135417,0.008847917,1972,540,0,47,0,102,0,166,119,63,0,43,1973,540,289,251,108,43,65,0
ACSSF,HI,150,0,15,3,9610,3,1500000US150030096103,"Block Group 3, Census Tract 96.10, Honolulu County, Hawaii",,,1.50E+11,433206,2790946,15,"Block Group 3, Census Tract 96.10, Honolulu County, Hawaii",575600,,467,336,1.244852066,0.167261779,1.077590346,,217,0,0,0,13,9,110,0,14,0,71,1977,217,129,88,119,0,0,119
ACSSF,HI,150,0,15,3,9610,4,1500000US150030096104,"Block Group 4, Census Tract 96.10, Honolulu County, Hawaii",,,1.50E+11,292125,0,15,"Block Group 4, Census Tract 96.10, Honolulu County, Hawaii",699600,113750,792,318,0.1127901,0.1127901,0,2278,245,0,0,25,53,50,0,60,57,0,0,1983,245,99,146,73,73,0,0
ACSSF,HI,150,0,15,3,9610,5,1500000US150030096105,"Block Group 5, Census Tract 96.10, Honolulu County, Hawaii",,,1.50E+11,270429,0,15,"Block Group 5, Census Tract 96.10, Honolulu County, Hawaii",459700,81932,2206,514,0.104413226,0.104413226,0,3068,469,0,47,45,32,67,92,174,12,0,0,1978,469,232,237,45,0,0,45
ACSSF,HI,150,0,15,3,9704,1,1500000US150030097041,"Block Group 1, Census Tract 97.04, Honolulu County, Hawaii",,,1.50E+11,3971069,0,15,"Block Group 1, Census Tract 97.04, Honolulu County, Hawaii",849300,81513,1866,433,1.533238411,1.533238411,0,1750,403,0,20,36,13,33,0,171,90,18,22,1963,403,276,127,30,0,0,30
ACSSF,HI,150,0,15,3,9704,2,1500000US150030097042,"Block Group 2, Census Tract 97.04, Honolulu County, Hawaii",,,1.50E+11,1737016,13175,15,"Block Group 2, Census Tract 97.04, Honolulu County, Hawaii",537000,110000,1458,344,0.67575258,0.670665681,0.005086896,2000,326,0,19,42,89,70,92,10,3,0,1,1987,326,307,19,18,0,0,18
ACSSF,HI,150,0,15,3,9705,1,1500000US150030097051,"Block Group 1, Census Tract 97.05, Honolulu County, Hawaii",,,1.50E+11,160076,0,15,"Block Group 1, Census Tract 97.05, Honolulu County, Hawaii",596300,112350,1062,359,0.061805692,0.061805692,0,,359,0,9,55,118,0,74,103,0,0,0,1990,359,332,27,0,0,0,0
ACSSF,HI,150,0,15,3,9705,2,1500000US150030097052,"Block Group 2, Census Tract 97.05, Honolulu County, Hawaii",,,1.50E+11,836275,1647915,15,"Block Group 2, Census Tract 97.05, Honolulu County, Hawaii",634400,104167,951,294,0.959151149,0.322887599,0.636263549,1851,262,0,38,51,9,0,12,6,123,21,2,1962,262,160,102,32,0,0,32
ACSSF,HI,150,0,15,3,9705,3,1500000US150030097053,"Block Group 3, Census Tract 97.05, Honolulu County, Hawaii",,,1.50E+11,377281,0,15,"Block Group 3, Census Tract 97.05, Honolulu County, Hawaii",452900,,1086,379,0.145669013,0.145669013,0,1277,344,0,48,80,97,19,53,23,24,0,0,1996,344,156,188,35,25,0,10
ACSSF,HI,150,0,15,3,9706,1,1500000US150030097061,"Block Group 1, Census Tract 97.06, Honolulu County, Hawaii",,,1.50E+11,2281878,0,15,"Block Group 1, Census Tract 97.06, Honolulu County, Hawaii",371100,92639,1029,236,0.88103807,0.88103807,0,,234,6,0,38,16,93,64,0,3,14,0,1984,234,219,15,2,0,0,2
ACSSF,HI,150,0,15,3,9706,2,1500000US150030097062,"Block Group 2, Census Tract 97.06, Honolulu County, Hawaii",,,1.50E+11,1238596,0,15,"Block Group 2, Census Tract 97.06, Honolulu County, Hawaii",568600,90417,935,254,0.478224605,0.478224605,0,,222,0,0,40,0,0,48,53,81,0,0,1969,222,120,102,32,6,2,24
ACSSF,HI,150,0,15,3,9706,3,1500000US150030097063,"Block Group 3, Census Tract 97.06, Honolulu County, Hawaii",,,1.50E+11,374869,0,15,"Block Group 3, Census Tract 97.06, Honolulu County, Hawaii",351600,107500,1626,321,0.144737735,0.144737735,0,,302,0,6,21,109,43,113,4,0,6,0,1987,302,296,6,19,0,0,19
ACSSF,HI,150,0,15,3,9707,1,1500000US150030097071,"Block Group 1, Census Tract 97.07, Honolulu County, Hawaii",,,1.50E+11,363953,0,15,"Block Group 1, Census Tract 97.07, Honolulu County, Hawaii",185000,45972,2197,560,0.140523046,0.140523046,0,1139,537,0,74,31,41,63,263,39,26,0,0,1978,537,200,337,23,0,0,23
ACSSF,HI,150,0,15,3,9707,2,1500000US150030097072,"Block Group 2, Census Tract 97.07, Honolulu County, Hawaii",,,1.50E+11,767873,0,15,"Block Group 2, Census Tract 97.07, Honolulu County, Hawaii",223200,38893,974,553,0.296477437,0.296477437,0,1453,481,0,0,0,16,33,388,44,0,0,0,1975,481,117,364,72,48,0,24
ACSSF,HI,150,0,15,3,9707,3,1500000US150030097073,"Block Group 3, Census Tract 97.07, Honolulu County, Hawaii",,,1.50E+11,658468,4188661,15,"Block Group 3, Census Tract 97.07, Honolulu County, Hawaii",522200,,2143,726,1.871487021,0.254235923,1.617251158,1164,675,0,84,0,16,46,307,107,71,24,20,1974,675,257,418,51,0,0,51
ACSSF,HI,150,0,15,3,9707,4,1500000US150030097074,"Block Group 4, Census Tract 97.07, Honolulu County, Hawaii",,,1.50E+11,17973886,15778,15,"Block Group 4, Census Tract 97.07, Honolulu County, Hawaii",494700,104861,1308,292,6.945848465,6.939756393,0.00609192,,265,0,47,19,44,29,103,9,0,14,0,1979,265,229,36,27,0,0,27
ACSSF,HI,150,0,15,3,9801,1,1500000US150030098011,"Block Group 1, Census Tract 98.01, Honolulu County, Hawaii",,,1.50E+11,51371184,12016633,15,"Block Group 1, Census Tract 98.01, Honolulu County, Hawaii",637200,143194,654,334,24.4741745,19.83452606,4.639647961,,241,0,6,27,58,24,31,57,38,0,0,1972,241,211,30,93,0,0,93
ACSSF,HI,150,0,15,3,9801,2,1500000US150030098012,"Block Group 2, Census Tract 98.01, Honolulu County, Hawaii",,,1.50E+11,3223076,0,15,"Block Group 2, Census Tract 98.01, Honolulu County, Hawaii",233900,49000,2062,1307,1.244436622,1.244436622,0,1551,918,0,62,8,0,64,754,21,9,0,0,1976,918,409,509,389,9,14,366
ACSSF,HI,150,0,15,3,9803,1,1500000US150030098031,"Block Group 1, Census Tract 98.03, Honolulu County, Hawaii",,,1.50E+11,202794,0,15,"Block Group 1, Census Tract 98.03, Honolulu County, Hawaii",491300,68516,1455,233,0.078299202,0.078299202,0,1927,212,0,6,0,0,26,90,56,34,0,0,1973,212,84,128,21,0,0,21
ACSSF,HI,150,0,15,3,9803,2,1500000US150030098032,"Block Group 2, Census Tract 98.03, Honolulu County, Hawaii",,,1.50E+11,445518,5201969,15,"Block Group 2, Census Tract 98.03, Honolulu County, Hawaii",736800,122589,643,517,2.180506945,0.172015473,2.008491516,2224,281,0,38,7,18,42,52,95,29,0,0,1976,281,70,211,236,0,0,236
ACSSF,HI,150,0,15,3,9803,3,1500000US150030098033,"Block Group 3, Census Tract 98.03, Honolulu County, Hawaii",,,1.50E+11,198538,0,15,"Block Group 3, Census Tract 98.03, Honolulu County, Hawaii",510400,29326,1064,374,0.076655954,0.076655954,0,2031,362,0,0,0,0,163,142,51,6,0,0,1978,362,81,281,12,12,0,0
ACSSF,HI,150,0,15,3,9804,1,1500000US150030098041,"Block Group 1, Census Tract 98.04, Honolulu County, Hawaii",,,1.50E+11,89071,0,15,"Block Group 1, Census Tract 98.04, Honolulu County, Hawaii",474000,84167,860,270,0.034390505,0.034390505,0,1474,250,0,23,0,53,59,86,26,3,0,0,1980,250,198,52,20,20,0,0
ACSSF,HI,150,0,15,3,9804,2,1500000US150030098042,"Block Group 2, Census Tract 98.04, Honolulu County, Hawaii",,,1.50E+11,1022602,0,15,"Block Group 2, Census Tract 98.04, Honolulu County, Hawaii",418800,,1761,467,0.394828856,0.394828856,0,1775,382,0,0,8,4,202,84,28,29,27,0,1978,382,43,339,85,0,0,85
ACSSF,HI,150,0,15,3,9804,3,1500000US150030098043,"Block Group 3, Census Tract 98.04, Honolulu County, Hawaii",,,1.50E+11,689843,0,15,"Block Group 3, Census Tract 98.04, Honolulu County, Hawaii",497200,101932,865,283,0.266349882,0.266349882,0,2548,224,0,22,0,17,65,53,28,6,33,0,1977,224,177,47,59,0,21,38
ACSSF,HI,150,0,15,3,9902,1,1500000US150030099021,"Block Group 1, Census Tract 99.02, Honolulu County, Hawaii",,,1.50E+11,1375759,1045940,15,"Block Group 1, Census Tract 99.02, Honolulu County, Hawaii",1135400,,481,335,0.935023248,0.531183541,0.403839707,834,228,0,34,0,8,0,121,30,17,18,0,1972,228,87,141,107,0,0,107
ACSSF,HI,150,0,15,3,9902,2,1500000US150030099022,"Block Group 2, Census Tract 99.02, Honolulu County, Hawaii",,,1.50E+11,538445,30808,15,"Block Group 2, Census Tract 99.02, Honolulu County, Hawaii",1022700,91187,1231,413,0.219789818,0.207894787,0.011895035,2045,387,0,0,19,49,197,7,64,0,44,7,1983,387,256,131,26,0,0,26
ACSSF,HI,150,0,15,3,9902,3,1500000US150030099023,"Block Group 3, Census Tract 99.02, Honolulu County, Hawaii",,,1.50E+11,1261513,0,15,"Block Group 3, Census Tract 99.02, Honolulu County, Hawaii",723100,123917,1197,257,0.487072915,0.487072915,0,2347,257,0,0,9,19,127,59,8,35,0,0,1982,257,212,45,0,0,0,0
ACSSF,HI,150,0,15,3,9902,4,1500000US150030099024,"Block Group 4, Census Tract 99.02, Honolulu County, Hawaii",,,1.50E+11,738408,0,15,"Block Group 4, Census Tract 99.02, Honolulu County, Hawaii",951000,116786,675,243,0.285100937,0.285100937,0,1297,172,0,0,0,16,54,36,22,28,0,16,1974,172,112,60,71,0,0,71
ACSSF,HI,150,0,15,3,9905,1,1500000US150030099051,"Block Group 1, Census Tract 99.05, Honolulu County, Hawaii",,,1.50E+11,1442668,0,15,"Block Group 1, Census Tract 99.05, Honolulu County, Hawaii",716200,74333,941,348,0.557017267,0.557017267,0,855,292,0,17,0,17,0,30,39,51,46,92,1952,292,156,136,56,0,0,56
ACSSF,HI,150,0,15,3,9905,2,1500000US150030099052,"Block Group 2, Census Tract 99.05, Honolulu County, Hawaii",,,1.50E+11,971675,0,15,"Block Group 2, Census Tract 99.05, Honolulu County, Hawaii",933400,95909,671,264,0.37516582,0.37516582,0,1707,232,0,0,0,0,0,43,34,105,27,23,1957,232,163,69,32,0,0,32
ACSSF,HI,150,0,15,3,9905,3,1500000US150030099053,"Block Group 3, Census Tract 99.05, Honolulu County, Hawaii",,,1.50E+11,748724,513761,15,"Block Group 3, Census Tract 99.05, Honolulu County, Hawaii",887200,98250,1335,572,0.487448215,0.289083958,0.198364243,2314,457,0,5,51,0,16,146,89,141,0,9,1971,457,258,199,115,0,0,115
ACSSF,HI,150,0,15,3,9906,1,1500000US150030099061,"Block Group 1, Census Tract 99.06, Honolulu County, Hawaii",,,1.50E+11,358118,1271318,15,"Block Group 1, Census Tract 99.06, Honolulu County, Hawaii",840300,84938,1267,766,0.629128754,0.13827014,0.490858644,2507,603,0,13,34,28,110,306,44,44,0,24,1976,603,301,302,163,12,9,142
ACSSF,HI,150,0,15,3,9906,2,1500000US150030099062,"Block Group 2, Census Tract 99.06, Honolulu County, Hawaii",,,1.50E+11,84278321,6608902,15,"Block Group 2, Census Tract 99.06, Honolulu County, Hawaii",1217600,81417,508,228,35.09175491,32.54004288,2.551711321,2188,167,0,5,20,25,24,29,49,9,6,0,1976,167,113,54,61,0,11,50
ACSSF,HI,150,0,15,3,9906,3,1500000US150030099063,"Block Group 3, Census Tract 99.06, Honolulu County, Hawaii",,,1.50E+11,3029958,0,15,"Block Group 3, Census Tract 99.06, Honolulu County, Hawaii",,,12,38,1.169873357,1.169873357,0,,12,0,0,0,0,0,0,0,12,0,0,,12,0,12,26,0,0,26
ACSSF,HI,150,0,15,3,10000,1,1500000US150030100001,"Block Group 1, Census Tract 100, Honolulu County, Hawaii",,,1.50E+11,160335282,4485610,15,"Block Group 1, Census Tract 100, Honolulu County, Hawaii",1245400,102736,1201,511,63.63770676,61.90579987,1.731903791,2631,453,0,9,0,8,25,51,135,72,32,121,1962,453,242,211,58,0,0,58
ACSSF,HI,150,0,15,3,10000,2,1500000US150030100002,"Block Group 2, Census Tract 100, Honolulu County, Hawaii",,,1.50E+11,28712281,23990,15,"Block Group 2, Census Tract 100, Honolulu County, Hawaii",1178600,44375,1070,449,11.09513664,11.0858736,0.009262592,2970,386,0,68,110,112,20,20,51,5,0,0,1996,386,32,354,63,26,0,37
ACSSF,HI,150,0,15,3,10000,3,1500000US150030100003,"Block Group 3, Census Tract 100, Honolulu County, Hawaii",,,1.50E+11,837864,0,15,"Block Group 3, Census Tract 100, Honolulu County, Hawaii",,79049,2365,915,0.32350111,0.32350111,0,2842,814,0,217,58,188,74,248,19,0,6,4,1995,814,0,814,101,53,0,48
ACSSF,HI,150,0,15,3,10101,1,1500000US150030101011,"Block Group 1, Census Tract 101.01, Honolulu County, Hawaii",,,1.50E+11,2056342,2364375,15,"Block Group 1, Census Tract 101.01, Honolulu County, Hawaii",1455400,94719,1046,414,1.706848502,0.793958127,0.912890315,2606,353,0,0,14,36,96,113,52,29,13,0,1978,353,139,214,61,0,0,61
ACSSF,HI,150,0,15,3,10101,2,1500000US150030101012,"Block Group 2, Census Tract 101.01, Honolulu County, Hawaii",,,1.50E+11,4835481,14083,15,"Block Group 2, Census Tract 101.01, Honolulu County, Hawaii",1533300,110347,1331,560,1.872427225,1.866989732,0.005437477,1938,468,0,71,68,27,108,102,5,0,48,39,1985,468,186,282,92,0,0,92
ACSSF,HI,150,0,15,3,10102,1,1500000US150030101021,"Block Group 1, Census Tract 101.02, Honolulu County, Hawaii",,,1.50E+11,14816877,2296188,15,"Block Group 1, Census Tract 101.02, Honolulu County, Hawaii",1076500,97852,1921,543,6.607391357,5.720828533,0.886563182,2193,543,0,0,0,50,0,283,34,86,90,0,1972,543,425,118,0,0,0,0
ACSSF,HI,150,0,15,3,10102,2,1500000US150030101022,"Block Group 2, Census Tract 101.02, Honolulu County, Hawaii",,,1.50E+11,5758730,2176894,15,"Block Group 2, Census Tract 101.02, Honolulu County, Hawaii",1666700,142644,937,304,3.063961744,2.22345829,0.840503514,1983,223,0,15,0,35,15,10,66,56,26,0,1971,223,126,97,81,0,0,81
ACSSF,HI,150,0,15,3,10103,1,1500000US150030101031,"Block Group 1, Census Tract 101.03, Honolulu County, Hawaii",,,1.50E+11,48277438,8227279,15,"Block Group 1, Census Tract 101.03, Honolulu County, Hawaii",711800,71429,365,578,21.81659508,18.64002419,3.176570415,2467,176,0,0,17,7,12,131,0,4,3,2,1977,176,144,32,402,6,0,396
ACSSF,HI,150,0,15,3,10103,2,1500000US150030101032,"Block Group 2, Census Tract 101.03, Honolulu County, Hawaii",,,1.50E+11,2490507,3477189,15,"Block Group 2, Census Tract 101.03, Honolulu County, Hawaii",678900,71758,2274,626,2.304140329,0.961590171,1.342550278,1486,561,0,10,0,29,271,124,13,13,44,57,1980,561,312,249,65,0,0,65
ACSSF,HI,150,0,15,3,10202,1,1500000US150030102021,"Block Group 1, Census Tract 102.02, Honolulu County, Hawaii",,,1.50E+11,2379025,0,15,"Block Group 1, Census Tract 102.02, Honolulu County, Hawaii",857800,115104,2065,315,0.918546736,0.918546736,0,,223,0,5,0,30,4,154,6,19,5,0,1975,223,127,96,92,0,0,92
ACSSF,HI,150,0,15,3,10202,2,1500000US150030102022,"Block Group 2, Census Tract 102.02, Honolulu County, Hawaii",,,1.50E+11,29054522,224678,15,"Block Group 2, Census Tract 102.02, Honolulu County, Hawaii",1057700,82656,966,248,11.30476284,11.21801376,0.086748667,2323,193,0,8,0,8,18,43,48,52,16,0,1967,193,98,95,55,0,0,55
ACSSF,HI,150,0,15,3,10202,3,1500000US150030102023,"Block Group 3, Census Tract 102.02, Honolulu County, Hawaii",,,1.50E+11,435212,0,15,"Block Group 3, Census Tract 102.02, Honolulu County, Hawaii",975000,109800,2509,582,0.168036297,0.168036297,0,2424,556,0,70,26,11,28,251,97,48,17,8,1974,556,173,383,26,0,0,26
ACSSF,HI,150,0,15,3,10202,4,1500000US150030102024,"Block Group 4, Census Tract 102.02, Honolulu County, Hawaii",,,1.50E+11,1476698,6464284,15,"Block Group 4, Census Tract 102.02, Honolulu County, Hawaii",1171400,103750,1440,567,3.066030502,0.570156336,2.495874166,2432,373,0,0,30,80,45,100,34,28,23,33,1976,373,166,207,194,15,0,179
ACSSF,HI,150,0,15,3,10203,1,1500000US150030102031,"Block Group 1, Census Tract 102.03, Honolulu County, Hawaii",,,1.50E+11,21505355,3849233,15,"Block Group 1, Census Tract 102.03, Honolulu County, Hawaii",687500,83929,917,562,9.789461136,8.303264618,1.486197233,1892,338,0,31,35,68,29,123,16,11,11,14,1977,338,133,205,224,0,0,224
ACSSF,HI,150,0,15,3,10204,1,1500000US150030102041,"Block Group 1, Census Tract 102.04, Honolulu County, Hawaii",,,1.50E+11,12733285,758224,15,"Block Group 1, Census Tract 102.04, Honolulu County, Hawaii",801800,123000,532,234,5.2091012,4.916348934,0.292751938,2250,144,4,12,0,0,21,62,10,6,29,0,1976,144,95,49,90,0,0,90
ACSSF,HI,150,0,15,3,10204,2,1500000US150030102042,"Block Group 2, Census Tract 102.04, Honolulu County, Hawaii",,,1.50E+11,1049349,662988,15,"Block Group 2, Census Tract 102.04, Honolulu County, Hawaii",851500,101667,1914,569,0.661137044,0.405155927,0.255981117,2513,442,0,78,18,62,39,70,73,96,0,6,1977,442,235,207,127,22,0,105
ACSSF,HI,150,0,15,3,10205,1,1500000US150030102051,"Block Group 1, Census Tract 102.05, Honolulu County, Hawaii",,,1.50E+11,30971746,1977581,15,"Block Group 1, Census Tract 102.05, Honolulu County, Hawaii",858300,127679,1494,691,12.72180748,11.95825863,0.763548315,1783,547,0,104,22,39,30,199,87,10,56,0,1975,547,382,165,144,0,7,137
ACSSF,HI,150,0,15,3,10303,1,1500000US150030103031,"Block Group 1, Census Tract 103.03, Honolulu County, Hawaii",,,1.50E+11,8362338,1349523,15,"Block Group 1, Census Tract 103.03, Honolulu County, Hawaii",977800,127222,1164,460,3.749770641,3.22871685,0.521053791,1597,368,0,45,53,10,22,129,38,59,0,12,1979,368,188,180,92,0,0,92
ACSSF,HI,150,0,15,3,10303,2,1500000US150030103032,"Block Group 2, Census Tract 103.03, Honolulu County, Hawaii",,,1.50E+11,10424146,0,15,"Block Group 2, Census Tract 103.03, Honolulu County, Hawaii",1060200,121132,2579,678,4.024785519,4.024785519,0,2046,678,11,47,19,57,145,221,131,27,20,0,1977,678,515,163,0,0,0,0
ACSSF,HI,150,0,15,3,10303,3,1500000US150030103033,"Block Group 3, Census Tract 103.03, Honolulu County, Hawaii",,,1.50E+11,22910179,4292073,15,"Block Group 3, Census Tract 103.03, Honolulu County, Hawaii",1065000,78194,997,366,10.50284863,8.8456707,1.65717876,1922,334,0,12,38,18,131,38,57,21,13,6,1982,334,219,115,32,0,0,32
ACSSF,HI,150,0,15,3,10305,1,1500000US150030103051,"Block Group 1, Census Tract 103.05, Honolulu County, Hawaii",,,1.50E+11,872099,0,15,"Block Group 1, Census Tract 103.05, Honolulu County, Hawaii",955900,143462,2333,583,0.336719334,0.336719334,0,3501,556,0,0,10,47,244,145,101,9,0,0,1980,556,496,60,27,0,27,0
ACSSF,HI,150,0,15,3,10305,2,1500000US150030103052,"Block Group 2, Census Tract 103.05, Honolulu County, Hawaii",,,1.50E+11,401752,0,15,"Block Group 2, Census Tract 103.05, Honolulu County, Hawaii",910200,76607,1173,397,0.155117318,0.155117318,0,1731,373,0,20,18,0,68,102,136,19,10,0,1973,373,173,200,24,0,0,24
ACSSF,HI,150,0,15,3,10305,3,1500000US150030103053,"Block Group 3, Census Tract 103.05, Honolulu County, Hawaii",,,1.50E+11,2737652,6549474,15,"Block Group 3, Census Tract 103.05, Honolulu County, Hawaii",1244100,125000,2485,712,3.585779667,1.057013392,2.528766155,2564,658,0,100,18,0,40,153,66,254,27,0,1968,658,458,200,54,0,54,0
ACSSF,HI,150,0,15,3,10308,1,1500000US150030103081,"Block Group 1, Census Tract 103.08, Honolulu County, Hawaii",,,1.50E+11,872791,0,15,"Block Group 1, Census Tract 103.08, Honolulu County, Hawaii",912700,101667,1425,522,0.336986512,0.336986512,0,1618,522,0,80,0,18,113,22,244,45,0,0,1969,522,448,74,0,0,0,0
ACSSF,HI,150,0,15,3,10308,2,1500000US150030103082,"Block Group 2, Census Tract 103.08, Honolulu County, Hawaii",,,1.50E+11,934108,0,15,"Block Group 2, Census Tract 103.08, Honolulu County, Hawaii",1010600,159353,2045,634,0.360661119,0.360661119,0,,634,0,0,43,9,79,64,372,67,0,0,1967,634,613,21,0,0,0,0
ACSSF,HI,150,0,15,3,10308,3,1500000US150030103083,"Block Group 3, Census Tract 103.08, Honolulu County, Hawaii",,,1.50E+11,8080711,0,15,"Block Group 3, Census Tract 103.08, Honolulu County, Hawaii",,,0,0,3.119980097,3.119980097,0,,0,0,0,0,0,0,0,0,0,0,0,,0,0,0,0,0,0,0
ACSSF,HI,150,0,15,3,10309,1,1500000US150030103091,"Block Group 1, Census Tract 103.09, Honolulu County, Hawaii",,,1.50E+11,6471240,0,15,"Block Group 1, Census Tract 103.09, Honolulu County, Hawaii",1809500,165000,955,360,2.498559952,2.498559952,0,,360,0,0,0,0,0,266,84,0,10,0,1973,360,326,34,0,0,0,0
ACSSF,HI,150,0,15,3,10309,2,1500000US150030103092,"Block Group 2, Census Tract 103.09, Honolulu County, Hawaii",,,1.50E+11,638757,0,15,"Block Group 2, Census Tract 103.09, Honolulu County, Hawaii",781500,111875,1957,759,0.246625468,0.246625468,0,1932,759,0,0,34,12,27,361,315,10,0,0,1972,759,667,92,0,0,0,0
ACSSF,HI,150,0,15,3,10309,3,1500000US150030103093,"Block Group 3, Census Tract 103.09, Honolulu County, Hawaii",,,1.50E+11,1905823,0,15,"Block Group 3, Census Tract 103.09, Honolulu County, Hawaii",988600,177969,837,302,0.735842407,0.735842407,0,,302,0,0,0,35,204,17,26,0,0,20,1984,302,274,28,0,0,0,0
ACSSF,HI,150,0,15,3,10310,1,1500000US150030103101,"Block Group 1, Census Tract 103.10, Honolulu County, Hawaii",,,1.50E+11,2998284,182966,15,"Block Group 1, Census Tract 103.10, Honolulu County, Hawaii",739800,153015,1903,674,1.228287578,1.157643914,0.070643574,2785,623,0,0,20,0,151,413,39,0,0,0,1976,623,501,122,51,0,0,51
ACSSF,HI,150,0,15,3,10310,2,1500000US150030103102,"Block Group 2, Census Tract 103.10, Honolulu County, Hawaii",,,1.50E+11,134401,0,15,"Block Group 2, Census Tract 103.10, Honolulu County, Hawaii",621300,113239,682,294,0.051892519,0.051892519,0,3142,294,0,0,0,14,0,269,0,11,0,0,,294,219,75,0,0,0,0
ACSSF,HI,150,0,15,3,10503,1,1500000US150030105031,"Block Group 1, Census Tract 105.03, Honolulu County, Hawaii",,,1.50E+11,732592,0,15,"Block Group 1, Census Tract 105.03, Honolulu County, Hawaii",,,383,0,0.282855362,0.282855362,0,,0,0,0,0,0,0,0,0,0,0,0,,0,0,0,0,0,0,0
ACSSF,HI,150,0,15,3,10503,2,1500000US150030105032,"Block Group 2, Census Tract 105.03, Honolulu County, Hawaii",,,1.50E+11,647243,0,15,"Block Group 2, Census Tract 105.03, Honolulu County, Hawaii",916300,108958,1760,542,0.249901935,0.249901935,0,1891,514,0,28,18,0,31,63,200,130,33,11,1964,514,326,188,28,18,0,10
ACSSF,HI,150,0,15,3,10505,1,1500000US150030105051,"Block Group 1, Census Tract 105.05, Honolulu County, Hawaii",,,1.50E+11,1306158,3517131,15,"Block Group 1, Census Tract 105.05, Honolulu County, Hawaii",1068800,160714,1074,310,1.862282395,0.504310429,1.357971907,,310,0,8,16,8,27,111,59,81,0,0,1971,310,302,8,0,0,0,0
ACSSF,HI,150,0,15,3,10505,2,1500000US150030105052,"Block Group 2, Census Tract 105.05, Honolulu County, Hawaii",,,1.50E+11,422934,0,15,"Block Group 2, Census Tract 105.05, Honolulu County, Hawaii",990200,120063,1370,467,0.163295731,0.163295731,0,1356,445,0,0,9,5,7,116,225,83,0,0,1966,445,406,39,22,22,0,0
ACSSF,HI,150,0,15,3,10505,3,1500000US150030105053,"Block Group 3, Census Tract 105.05, Honolulu County, Hawaii",,,1.50E+11,338933,0,15,"Block Group 3, Census Tract 105.05, Honolulu County, Hawaii",1536100,170781,836,336,0.130862772,0.130862772,0,,289,0,8,0,5,0,78,158,8,32,0,1967,289,266,23,47,0,26,21
ACSSF,HI,150,0,15,3,10507,1,1500000US150030105071,"Block Group 1, Census Tract 105.07, Honolulu County, Hawaii",,,1.50E+11,513120,0,15,"Block Group 1, Census Tract 105.07, Honolulu County, Hawaii",522600,95583,2089,808,0.19811675,0.19811675,0,1876,732,0,39,0,32,349,204,80,28,0,0,1982,732,382,350,76,0,9,67
ACSSF,HI,150,0,15,3,10507,2,1500000US150030105072,"Block Group 2, Census Tract 105.07, Honolulu County, Hawaii",,,1.50E+11,142034,0,15,"Block Group 2, Census Tract 105.07, Honolulu County, Hawaii",426900,64667,1123,252,0.054839637,0.054839637,0,1732,252,0,0,54,0,42,124,32,0,0,0,1978,252,62,190,0,0,0,0
ACSSF,HI,150,0,15,3,10507,3,1500000US150030105073,"Block Group 3, Census Tract 105.07, Honolulu County, Hawaii",,,1.50E+11,276074,0,15,"Block Group 3, Census Tract 105.07, Honolulu County, Hawaii",887700,140104,830,317,0.106592774,0.106592774,0,,317,0,9,0,0,13,220,75,0,0,0,1974,317,297,20,0,0,0,0
ACSSF,HI,150,0,15,3,10507,4,1500000US150030105074,"Block Group 4, Census Tract 105.07, Honolulu County, Hawaii",,,1.50E+11,333323,0,15,"Block Group 4, Census Tract 105.07, Honolulu County, Hawaii",964500,155000,1233,378,0.12869674,0.12869674,0,,378,0,0,0,35,215,64,54,0,0,10,1983,378,378,0,0,0,0,0
ACSSF,HI,150,0,15,3,10508,1,1500000US150030105081,"Block Group 1, Census Tract 105.08, Honolulu County, Hawaii",,,1.50E+11,270569,935124,15,"Block Group 1, Census Tract 105.08, Honolulu County, Hawaii",1119000,112500,850,273,0.46552068,0.10446728,0.361053407,3068,228,0,20,54,15,33,39,8,37,15,7,1978,228,155,73,45,0,0,45
ACSSF,HI,150,0,15,3,10508,2,1500000US150030105082,"Block Group 2, Census Tract 105.08, Honolulu County, Hawaii",,,1.50E+11,533053,0,15,"Block Group 2, Census Tract 105.08, Honolulu County, Hawaii",727200,107321,1960,821,0.205812916,0.205812916,0,2773,773,0,0,49,95,220,270,49,52,38,0,1980,773,527,246,48,0,0,48
ACSSF,HI,150,0,15,3,10509,1,1500000US150030105091,"Block Group 1, Census Tract 105.09, Honolulu County, Hawaii",,,1.50E+11,127825,0,15,"Block Group 1, Census Tract 105.09, Honolulu County, Hawaii",1118200,25326,547,266,0.04935351,0.04935351,0,734,266,0,0,7,37,25,48,70,42,10,27,1968,266,65,201,0,0,0,0
ACSSF,HI,150,0,15,3,10509,2,1500000US150030105092,"Block Group 2, Census Tract 105.09, Honolulu County, Hawaii",,,1.50E+11,275963,0,15,"Block Group 2, Census Tract 105.09, Honolulu County, Hawaii",860500,,763,272,0.106549911,0.106549911,0,1906,272,0,0,0,12,17,44,51,148,0,0,1959,272,196,76,0,0,0,0
ACSSF,HI,150,0,15,3,10510,1,1500000US150030105101,"Block Group 1, Census Tract 105.10, Honolulu County, Hawaii",,,1.50E+11,444481,334296,15,"Block Group 1, Census Tract 105.10, Honolulu County, Hawaii",929100,136618,2138,636,0.300687492,0.171615079,0.129072413,2822,636,0,36,6,133,23,166,143,85,14,30,1973,636,497,139,0,0,0,0
ACSSF,HI,150,0,15,3,10510,2,1500000US150030105102,"Block Group 2, Census Tract 105.10, Honolulu County, Hawaii",,,1.50E+11,419284,0,15,"Block Group 2, Census Tract 105.10, Honolulu County, Hawaii",978800,125114,1403,390,0.161886469,0.161886469,0,,363,0,0,13,0,208,37,60,10,35,0,1982,363,342,21,27,0,0,27
ACSSF,HI,150,0,15,3,10601,1,1500000US150030106011,"Block Group 1, Census Tract 106.01, Honolulu County, Hawaii",,,1.50E+11,560013,132618,15,"Block Group 1, Census Tract 106.01, Honolulu County, Hawaii",895000,117125,801,253,0.267426342,0.216222242,0.051204097,,253,0,0,12,0,62,0,43,136,0,0,1959,253,225,28,0,0,0,0
ACSSF,HI,150,0,15,3,10601,2,1500000US150030106012,"Block Group 2, Census Tract 106.01, Honolulu County, Hawaii",,,1.50E+11,379621,0,15,"Block Group 2, Census Tract 106.01, Honolulu County, Hawaii",959600,,1286,579,0.1465725,0.1465725,0,1202,519,0,0,80,83,65,68,0,137,86,0,1971,519,245,274,60,0,0,60
ACSSF,HI,150,0,15,3,10601,3,1500000US150030106013,"Block Group 3, Census Tract 106.01, Honolulu County, Hawaii",,,1.50E+11,214480,0,15,"Block Group 3, Census Tract 106.01, Honolulu County, Hawaii",906500,119353,1220,311,0.082811192,0.082811192,0,,311,0,25,24,0,42,44,166,10,0,0,1969,311,258,53,0,0,0,0
ACSSF,HI,150,0,15,3,10602,1,1500000US150030106021,"Block Group 1, Census Tract 106.02, Honolulu County, Hawaii",,,1.50E+11,573925,0,15,"Block Group 1, Census Tract 106.02, Honolulu County, Hawaii",949600,110688,1402,511,0.221593693,0.221593693,0,,511,0,14,29,36,138,50,211,33,0,0,1972,511,433,78,0,0,0,0
ACSSF,HI,150,0,15,3,10602,2,1500000US150030106022,"Block Group 2, Census Tract 106.02, Honolulu County, Hawaii",,,1.50E+11,632955,0,15,"Block Group 2, Census Tract 106.02, Honolulu County, Hawaii",1045900,144265,1913,651,0.244385302,0.244385302,0,2848,644,0,11,73,7,95,115,248,41,0,54,1969,644,486,158,7,0,0,7
ACSSF,HI,150,0,15,3,10602,3,1500000US150030106023,"Block Group 3, Census Tract 106.02, Honolulu County, Hawaii",,,1.50E+11,798641,0,15,"Block Group 3, Census Tract 106.02, Honolulu County, Hawaii",982300,152297,2077,621,0.30835703,0.30835703,0,1700,573,0,66,16,19,16,41,111,250,54,0,1960,573,519,54,48,0,0,48
ACSSF,HI,150,0,15,3,10701,1,1500000US150030107011,"Block Group 1, Census Tract 107.01, Honolulu County, Hawaii",,,1.50E+11,1359756,0,15,"Block Group 1, Census Tract 107.01, Honolulu County, Hawaii",1106500,135313,1553,580,0.525004745,0.525004745,0,1919,572,0,34,36,31,60,130,168,105,8,0,1971,572,436,136,8,0,0,8
ACSSF,HI,150,0,15,3,10701,2,1500000US150030107012,"Block Group 2, Census Tract 107.01, Honolulu County, Hawaii",,,1.50E+11,896105,0,15,"Block Group 2, Census Tract 107.01, Honolulu County, Hawaii",883000,160139,901,351,0.345988095,0.345988095,0,3063,351,0,18,20,72,43,117,42,32,7,0,1978,351,279,72,0,0,0,0
ACSSF,HI,150,0,15,3,10701,3,1500000US150030107013,"Block Group 3, Census Tract 107.01, Honolulu County, Hawaii",,,1.50E+11,849870,1734368,15,"Block Group 3, Census Tract 107.01, Honolulu County, Hawaii",1420500,174250,1782,477,0.997779906,0.328136653,0.669643283,1850,477,0,31,133,43,74,47,28,88,24,9,1986,477,355,122,0,0,0,0
ACSSF,HI,150,0,15,3,10702,1,1500000US150030107021,"Block Group 1, Census Tract 107.02, Honolulu County, Hawaii",,,1.50E+11,3448380,0,15,"Block Group 1, Census Tract 107.02, Honolulu County, Hawaii",847300,100481,1496,552,1.331426978,1.331426978,0,3501,511,0,8,0,0,112,106,222,20,3,40,1969,511,336,175,41,9,0,32
ACSSF,HI,150,0,15,3,10702,2,1500000US150030107022,"Block Group 2, Census Tract 107.02, Honolulu County, Hawaii",,,1.50E+11,272289,0,15,"Block Group 2, Census Tract 107.02, Honolulu County, Hawaii",912100,97434,1045,336,0.105131373,0.105131373,0,,302,0,29,23,14,25,10,138,63,0,0,1966,302,269,33,34,0,0,34
ACSSF,HI,150,0,15,3,10702,3,1500000US150030107023,"Block Group 3, Census Tract 107.02, Honolulu County, Hawaii",,,1.50E+11,436598,0,15,"Block Group 3, Census Tract 107.02, Honolulu County, Hawaii",1005000,158056,1468,374,0.168571442,0.168571442,0,,374,0,0,22,36,0,50,200,48,18,0,1966,374,332,42,0,0,0,0
ACSSF,HI,150,0,15,3,10901,1,1500000US150030109011,"Block Group 1, Census Tract 109.01, Honolulu County, Hawaii",,,1.50E+11,487065,0,15,"Block Group 1, Census Tract 109.01, Honolulu County, Hawaii",1500000,173828,800,247,0.188056856,0.188056856,0,,247,0,0,7,0,0,22,148,19,28,23,1964,247,240,7,0,0,0,0
ACSSF,HI,150,0,15,3,10901,2,1500000US150030109012,"Block Group 2, Census Tract 109.01, Honolulu County, Hawaii",,,1.50E+11,2763270,0,15,"Block Group 2, Census Tract 109.01, Honolulu County, Hawaii",1201700,154565,2237,631,1.066904545,1.066904545,0,1909,596,13,0,16,0,31,128,225,183,0,0,1965,596,497,99,35,0,0,35
ACSSF,HI,150,0,15,3,10903,1,1500000US150030109031,"Block Group 1, Census Tract 109.03, Honolulu County, Hawaii",,,1.50E+11,494778,0,15,"Block Group 1, Census Tract 109.03, Honolulu County, Hawaii",1016600,123047,2195,818,0.191034868,0.191034868,0,3501,803,0,15,27,21,94,76,165,269,113,23,1960,803,580,223,15,15,0,0
ACSSF,HI,150,0,15,3,10903,2,1500000US150030109032,"Block Group 2, Census Tract 109.03, Honolulu County, Hawaii",,,1.50E+11,142739,0,15,"Block Group 2, Census Tract 109.03, Honolulu County, Hawaii",649300,59028,564,283,0.055111837,0.055111837,0,1603,267,0,0,37,9,21,87,36,61,16,0,1971,267,43,224,16,0,0,16
ACSSF,HI,150,0,15,3,10903,3,1500000US150030109033,"Block Group 3, Census Tract 109.03, Honolulu County, Hawaii",,,1.50E+11,186532,0,15,"Block Group 3, Census Tract 109.03, Honolulu County, Hawaii",1037900,112750,1177,373,0.072020411,0.072020411,0,1880,373,0,12,13,0,65,24,38,132,74,15,1957,373,207,166,0,0,0,0
ACSSF,HI,150,0,15,3,10904,1,1500000US150030109041,"Block Group 1, Census Tract 109.04, Honolulu County, Hawaii",,,1.50E+11,164795,0,15,"Block Group 1, Census Tract 109.04, Honolulu County, Hawaii",1093300,121000,603,185,0.063627705,0.063627705,0,3359,170,0,0,0,0,10,45,26,33,56,0,1961,170,116,54,15,0,0,15
ACSSF,HI,150,0,15,3,10904,2,1500000US150030109042,"Block Group 2, Census Tract 109.04, Honolulu County, Hawaii",,,1.50E+11,239377,0,15,"Block Group 2, Census Tract 109.04, Honolulu County, Hawaii",1082900,127734,886,344,0.092423983,0.092423983,0,,317,0,0,0,0,46,38,3,127,100,3,1954,317,267,50,27,17,0,10
ACSSF,HI,150,0,15,3,10904,3,1500000US150030109043,"Block Group 3, Census Tract 109.04, Honolulu County, Hawaii",,,1.50E+11,371523,0,15,"Block Group 3, Census Tract 109.04, Honolulu County, Hawaii",1686600,250001,1636,398,0.143445835,0.143445835,0,3501,383,0,0,4,0,13,0,72,280,14,0,1957,383,272,111,15,0,0,15
ACSSF,HI,150,0,15,3,10904,4,1500000US150030109044,"Block Group 4, Census Tract 109.04, Honolulu County, Hawaii",,,1.50E+11,190046,0,15,"Block Group 4, Census Tract 109.04, Honolulu County, Hawaii",1138500,108728,795,230,0.073377177,0.073377177,0,3232,230,0,0,0,0,0,35,109,84,0,2,1963,230,131,99,0,0,0,0
ACSSF,HI,150,0,15,3,10905,1,1500000US150030109051,"Block Group 1, Census Tract 109.05, Honolulu County, Hawaii",,,1.50E+11,201997,0,15,"Block Group 1, Census Tract 109.05, Honolulu County, Hawaii",888900,92566,954,425,0.077991478,0.077991478,0,1839,425,7,7,0,33,38,48,102,93,78,19,1962,425,202,223,0,0,0,0
ACSSF,HI,150,0,15,3,10905,2,1500000US150030109052,"Block Group 2, Census Tract 109.05, Honolulu County, Hawaii",,,1.50E+11,346327,0,15,"Block Group 2, Census Tract 109.05, Honolulu County, Hawaii",1072100,108438,1665,563,0.133717611,0.133717611,0,3125,535,0,15,36,43,9,46,102,127,147,10,1958,535,378,157,28,28,0,0
ACSSF,HI,150,0,15,3,11000,1,1500000US150030110001,"Block Group 1, Census Tract 110, Honolulu County, Hawaii",,,1.50E+11,17205525,0,15,"Block Group 1, Census Tract 110, Honolulu County, Hawaii",1282200,177273,2068,654,6.643090248,6.643090248,0,3501,648,0,11,12,20,43,165,351,41,3,2,1968,648,577,71,6,3,0,3
ACSSF,HI,150,0,15,3,11000,2,1500000US150030110002,"Block Group 2, Census Tract 110, Honolulu County, Hawaii",,,1.50E+11,7510848,0,15,"Block Group 2, Census Tract 110, Honolulu County, Hawaii",1173400,124844,1698,562,2.899954796,2.899954796,0,2284,527,0,6,0,23,21,8,412,43,0,14,1965,527,367,160,35,0,0,35
ACSSF,HI,150,0,15,3,11103,1,1500000US150030111031,"Block Group 1, Census Tract 111.03, Honolulu County, Hawaii",,,1.50E+11,2207127,0,15,"Block Group 1, Census Tract 111.03, Honolulu County, Hawaii",1146700,164444,2512,951,0.852176547,0.852176547,0,2913,936,0,23,0,81,140,582,91,19,0,0,1976,936,831,105,15,6,0,9
ACSSF,HI,150,0,15,3,11103,2,1500000US150030111032,"Block Group 2, Census Tract 111.03, Honolulu County, Hawaii",,,1.50E+11,1040729,0,15,"Block Group 2, Census Tract 111.03, Honolulu County, Hawaii",1135900,113832,1182,313,0.401827723,0.401827723,0,2135,313,0,27,0,0,0,46,97,143,0,0,1961,313,268,45,0,0,0,0
ACSSF,HI,150,0,15,3,11104,1,1500000US150030111041,"Block Group 1, Census Tract 111.04, Honolulu County, Hawaii",,,1.50E+11,377354,2349,15,"Block Group 1, Census Tract 111.04, Honolulu County, Hawaii",1120900,163750,1584,470,0.146604151,0.145697206,0.000906954,,470,0,0,10,0,0,10,221,229,0,0,1960,470,464,6,0,0,0,0
ACSSF,HI,150,0,15,3,11104,2,1500000US150030111042,"Block Group 2, Census Tract 111.04, Honolulu County, Hawaii",,,1.50E+11,442678,196125,15,"Block Group 2, Census Tract 111.04, Honolulu County, Hawaii",1222700,155167,952,365,0.24664323,0.170918941,0.075724289,3501,346,0,0,49,18,70,101,108,0,0,0,1976,346,241,105,19,0,0,19
ACSSF,HI,150,0,15,3,11104,3,1500000US150030111043,"Block Group 3, Census Tract 111.04, Honolulu County, Hawaii",,,1.50E+11,360483,0,15,"Block Group 3, Census Tract 111.04, Honolulu County, Hawaii",1105200,146375,1678,451,0.139183268,0.139183268,0,3501,429,0,44,0,0,6,38,184,157,0,0,1963,429,284,145,22,0,0,22
ACSSF,HI,150,0,15,3,11104,4,1500000US150030111044,"Block Group 4, Census Tract 111.04, Honolulu County, Hawaii",,,1.50E+11,463599,150514,15,"Block Group 4, Census Tract 111.04, Honolulu County, Hawaii",1225000,175500,1108,358,0.237110361,0.178996578,0.058113784,3423,358,0,0,0,8,14,48,248,40,0,0,1966,358,336,22,0,0,0,0
ACSSF,HI,150,0,15,3,11105,1,1500000US150030111051,"Block Group 1, Census Tract 111.05, Honolulu County, Hawaii",,,1.50E+11,510830,26586,15,"Block Group 1, Census Tract 111.05, Honolulu County, Hawaii",2000001,183241,1217,389,0.207497492,0.197232574,0.010264913,3501,332,0,46,0,0,0,100,108,50,28,0,1966,332,222,110,57,0,0,57
ACSSF,HI,150,0,15,3,11105,2,1500000US150030111052,"Block Group 2, Census Tract 111.05, Honolulu County, Hawaii",,,1.50E+11,313710,0,15,"Block Group 2, Census Tract 111.05, Honolulu County, Hawaii",735800,124531,1478,769,0.121124111,0.121124111,0,2940,741,0,75,61,19,188,237,116,22,23,0,1978,741,394,347,28,0,0,28
ACSSF,HI,150,0,15,3,11105,3,1500000US150030111053,"Block Group 3, Census Tract 111.05, Honolulu County, Hawaii",,,1.50E+11,262829,0,15,"Block Group 3, Census Tract 111.05, Honolulu County, Hawaii",838600,142813,760,487,0.101478845,0.101478845,0,2458,380,0,130,0,10,101,110,29,0,0,0,1982,380,147,233,107,28,0,79
ACSSF,HI,150,0,15,3,11106,1,1500000US150030111061,"Block Group 1, Census Tract 111.06, Honolulu County, Hawaii",,,1.50E+11,364340,0,15,"Block Group 1, Census Tract 111.06, Honolulu County, Hawaii",1086600,159375,1620,385,0.14067246,0.14067246,0,,374,10,0,0,0,13,8,138,177,28,0,1959,374,342,32,11,0,0,11
ACSSF,HI,150,0,15,3,11106,2,1500000US150030111062,"Block Group 2, Census Tract 111.06, Honolulu County, Hawaii",,,1.50E+11,1729957,30252,15,"Block Group 2, Census Tract 111.06, Honolulu County, Hawaii",1223400,114219,1038,406,0.679620504,0.66794014,0.011680363,,313,0,0,23,21,28,75,137,29,0,0,1971,313,289,24,93,31,0,62
ACSSF,HI,150,0,15,3,11106,3,1500000US150030111063,"Block Group 3, Census Tract 111.06, Honolulu County, Hawaii",,,1.50E+11,1214726,0,15,"Block Group 3, Census Tract 111.06, Honolulu County, Hawaii",1418400,147149,1709,497,0.469008356,0.469008356,0,3501,497,0,0,48,121,168,144,16,0,0,0,1985,497,422,75,0,0,0,0
ACSSF,HI,150,0,15,3,11106,4,1500000US150030111064,"Block Group 4, Census Tract 111.06, Honolulu County, Hawaii",,,1.50E+11,224107,0,15,"Block Group 4, Census Tract 111.06, Honolulu County, Hawaii",984400,105767,1024,393,0.086528197,0.086528197,0,2298,393,0,0,0,0,69,35,32,257,0,0,1958,393,239,154,0,0,0,0
ACSSF,HI,150,0,15,3,11106,5,1500000US150030111065,"Block Group 5, Census Tract 111.06, Honolulu County, Hawaii",,,1.50E+11,324990,0,15,"Block Group 5, Census Tract 111.06, Honolulu County, Hawaii",1157300,164926,1258,383,0.125479341,0.125479341,0,3481,325,0,0,0,0,23,59,162,81,0,0,1966,325,286,39,58,29,0,29
ACSSF,HI,150,0,15,3,11201,1,1500000US150030112011,"Block Group 1, Census Tract 112.01, Honolulu County, Hawaii",,,1.50E+11,481391,0,15,"Block Group 1, Census Tract 112.01, Honolulu County, Hawaii",1814200,182958,1271,446,0.185866117,0.185866117,0,2087,359,0,15,27,10,0,41,75,132,59,0,1959,359,266,93,87,0,0,87
ACSSF,HI,150,0,15,3,11201,2,1500000US150030112012,"Block Group 2, Census Tract 112.01, Honolulu County, Hawaii",,,1.50E+11,563167,240626,15,"Block Group 2, Census Tract 112.01, Honolulu County, Hawaii",2000001,213000,723,426,0.310346216,0.217440009,0.092906222,,306,0,0,7,8,7,0,52,156,68,8,1956,306,288,18,120,0,0,120
ACSSF,HI,150,0,15,3,11201,3,1500000US150030112013,"Block Group 3, Census Tract 112.01, Honolulu County, Hawaii",,,1.50E+11,437245,340159,15,"Block Group 3, Census Tract 112.01, Honolulu County, Hawaii",1525000,233393,782,333,0.300157368,0.168821245,0.131336123,3501,273,0,106,19,17,26,0,98,7,0,0,1998,273,137,136,60,0,0,60
ACSSF,HI,150,0,15,3,11201,4,1500000US150030112014,"Block Group 4, Census Tract 112.01, Honolulu County, Hawaii",,,1.50E+11,335649,144419,15,"Block Group 4, Census Tract 112.01, Honolulu County, Hawaii",1946400,94038,660,286,0.185355306,0.129594803,0.055760492,3501,286,0,0,0,9,18,8,55,100,83,13,1955,286,259,27,0,0,0,0
ACSSF,HI,150,0,15,3,11201,5,1500000US150030112015,"Block Group 5, Census Tract 112.01, Honolulu County, Hawaii",,,1.50E+11,634448,509811,15,"Block Group 5, Census Tract 112.01, Honolulu County, Hawaii",2000001,136500,1146,378,0.441800892,0.244961753,0.196839139,,344,0,0,14,0,55,106,21,138,0,10,1963,344,328,16,34,0,0,34
ACSSF,HI,150,0,15,3,11202,1,1500000US150030112021,"Block Group 1, Census Tract 112.02, Honolulu County, Hawaii",,,1.50E+11,351555,0,15,"Block Group 1, Census Tract 112.02, Honolulu County, Hawaii",2000001,165125,1007,371,0.135736153,0.135736153,0,2380,311,0,32,76,49,27,26,32,31,13,25,1979,311,235,76,60,17,0,43
ACSSF,HI,150,0,15,3,11202,2,1500000US150030112022,"Block Group 2, Census Tract 112.02, Honolulu County, Hawaii",,,1.50E+11,981758,3484273,15,"Block Group 2, Census Tract 112.02, Honolulu County, Hawaii",1920500,93333,934,417,1.724344254,0.379058897,1.345285416,3501,356,0,7,0,7,6,28,37,150,54,67,1954,356,271,85,61,17,0,44
ACSSF,HI,150,0,15,3,11300,1,1500000US150030113001,"Block Group 1, Census Tract 113, Honolulu County, Hawaii",,,1.50E+11,9866687,0,15,"Block Group 1, Census Tract 113, Honolulu County, Hawaii",1085900,125476,903,246,3.809549332,3.809549332,0,,216,0,46,16,42,68,31,0,13,0,0,1987,216,134,82,30,0,0,30
ACSSF,HI,150,0,15,3,11300,2,1500000US150030113002,"Block Group 2, Census Tract 113, Honolulu County, Hawaii",,,1.50E+11,4291572,0,15,"Block Group 2, Census Tract 113, Honolulu County, Hawaii",654700,111250,1150,407,1.656985283,1.656985283,0,1819,341,4,109,62,6,0,30,87,35,8,0,1977,341,247,94,66,0,0,66
ACSSF,HI,150,0,15,3,11300,3,1500000US150030113003,"Block Group 3, Census Tract 113, Honolulu County, Hawaii",,,1.50E+11,998781,0,15,"Block Group 3, Census Tract 113, Honolulu County, Hawaii",642700,144821,3690,718,0.385631502,0.385631502,0,1736,685,0,0,0,74,0,517,50,33,0,11,1975,685,556,129,33,33,0,0
ACSSF,HI,150,0,15,3,11401,1,1500000US150030114011,"Block Group 1, Census Tract 114.01, Honolulu County, Hawaii",,,1.50E+11,1017669,819639,15,"Block Group 1, Census Tract 114.01, Honolulu County, Hawaii",,61778,590,313,0.709388614,0.392924219,0.316464394,2909,268,0,28,17,140,22,36,6,0,0,19,1992,268,0,268,45,45,0,0
ACSSF,HI,150,0,15,3,11401,2,1500000US150030114012,"Block Group 2, Census Tract 114.01, Honolulu County, Hawaii",,,1.50E+11,1018306,0,15,"Block Group 2, Census Tract 114.01, Honolulu County, Hawaii",,77426,1233,559,0.393170148,0.393170148,0,2804,559,0,21,12,212,101,94,77,0,12,30,1987,559,0,559,0,0,0,0
ACSSF,HI,150,0,15,3,11500,1,1500000US150030115001,"Block Group 1, Census Tract 115, Honolulu County, Hawaii",,,1.50E+11,297521,0,15,"Block Group 1, Census Tract 115, Honolulu County, Hawaii",585300,96230,2280,751,0.114873506,0.114873506,0,2500,706,0,201,427,53,15,5,5,0,0,0,2006,706,480,226,45,0,45,0
ACSSF,HI,150,0,15,3,11500,2,1500000US150030115002,"Block Group 2, Census Tract 115, Honolulu County, Hawaii",,,1.50E+11,408509,0,15,"Block Group 2, Census Tract 115, Honolulu County, Hawaii",645000,99314,1806,580,0.157726213,0.157726213,0,1841,580,0,149,95,289,0,47,0,0,0,0,1998,580,432,148,0,0,0,0
ACSSF,HI,150,0,15,3,11500,3,1500000US150030115003,"Block Group 3, Census Tract 115, Honolulu County, Hawaii",,,1.50E+11,1075741,0,15,"Block Group 3, Census Tract 115, Honolulu County, Hawaii",665000,156680,2386,649,0.415345937,0.415345937,0,3241,642,0,11,588,25,11,0,4,3,0,0,,642,558,84,7,0,3,4
ACSSF,HI,150,0,15,3,11500,4,1500000US150030115004,"Block Group 4, Census Tract 115, Honolulu County, Hawaii",,,1.50E+11,860699,0,15,"Block Group 4, Census Tract 115, Honolulu County, Hawaii",665800,147863,4107,1333,0.33231777,0.33231777,0,3129,1333,18,1162,126,0,0,0,0,27,0,0,2014,1333,1205,128,0,0,0,0
ACSSF,HI,150,0,15,3,11500,5,1500000US150030115005,"Block Group 5, Census Tract 115, Honolulu County, Hawaii",,,1.50E+11,1748857,0,15,"Block Group 5, Census Tract 115, Honolulu County, Hawaii",,105669,998,551,0.675237477,0.675237477,0,2865,551,43,444,18,22,0,0,24,0,0,0,2015,551,0,551,0,0,0,0
ACSSF,HI,150,0,15,3,11600,1,1500000US150030116001,"Block Group 1, Census Tract 116, Honolulu County, Hawaii",,,1.50E+11,5437033,0,15,"Block Group 1, Census Tract 116, Honolulu County, Hawaii",1345200,197614,545,284,2.099250317,2.099250317,0,2250,233,0,0,9,13,8,46,33,56,27,41,1959,233,178,55,51,14,4,33
ACSSF,HI,150,0,15,3,11600,2,1500000US150030116002,"Block Group 2, Census Tract 116, Honolulu County, Hawaii",,,1.50E+11,610402,0,15,"Block Group 2, Census Tract 116, Honolulu County, Hawaii",1174700,140625,1285,499,0.23567754,0.23567754,0,3076,469,1,1,108,17,3,9,124,120,25,61,1962,469,416,53,30,0,2,28
ACSSF,HI,150,0,15,3,940003,1,1500000US150039400031,"Block Group 1, Census Tract 9400.03, Honolulu County, Hawaii",,,1.50E+11,1265005,213052,15,"Block Group 1, Census Tract 9400.03, Honolulu County, Hawaii",1028300,103750,2149,654,0.570681036,0.488421172,0.082259841,2411,608,6,32,54,35,26,36,140,111,133,35,1960,608,511,97,46,0,0,46
ACSSF,HI,150,0,15,3,940004,1,1500000US150039400041,"Block Group 1, Census Tract 9400.04, Honolulu County, Hawaii",,,1.50E+11,6513977,4493292,15,"Block Group 1, Census Tract 9400.04, Honolulu County, Hawaii",583300,115417,2326,549,4.249930382,2.515060663,1.734869838,791,538,5,7,83,182,41,112,48,30,11,19,1990,538,428,110,11,3,0,8
ACSSF,HI,150,0,15,3,940005,1,1500000US150039400051,"Block Group 1, Census Tract 9400.05, Honolulu County, Hawaii",,,1.50E+11,15402137,0,15,"Block Group 1, Census Tract 9400.05, Honolulu County, Hawaii",457600,147679,2558,589,5.946798801,5.946798801,0,,572,0,0,17,278,81,174,16,6,0,0,1990,572,560,12,17,0,0,17
ACSSF,HI,150,0,15,3,940006,1,1500000US150039400061,"Block Group 1, Census Tract 9400.06, Honolulu County, Hawaii",,,1.50E+11,1451659,2427762,15,"Block Group 1, Census Tract 9400.06, Honolulu County, Hawaii",389800,75114,2482,644,1.497852921,0.560488701,0.937364161,609,629,0,98,63,61,40,186,116,48,12,5,1977,629,516,113,15,0,0,15
ACSSF,HI,150,0,15,3,940007,1,1500000US150039400071,"Block Group 1, Census Tract 9400.07, Honolulu County, Hawaii",,,1.50E+11,770613,1269951,15,"Block Group 1, Census Tract 9400.07, Honolulu County, Hawaii",217000,81250,2326,604,0.787866175,0.29753536,0.490330845,1913,536,0,8,0,66,19,306,99,25,0,13,1974,536,149,387,68,20,0,48
ACSSF,HI,150,0,15,3,980000,1,1500000US150039800001,"Block Group 1, Census Tract 9800, Honolulu County, Hawaii",,,1.50E+11,4989905,2286839,15,"Block Group 1, Census Tract 9800, Honolulu County, Hawaii",,,0,0,2.809566736,1.926613212,0.882953525,,0,0,0,0,0,0,0,0,0,0,0,,0,0,0,0,0,0,0
ACSSF,HI,150,0,15,3,980200,1,1500000US150039802001,"Block Group 1, Census Tract 9802, Honolulu County, Hawaii",,,1.50E+11,9010033,3413815,15,"Block Group 1, Census Tract 9802, Honolulu County, Hawaii",,,341,0,4.796874523,3.478793383,1.318081379,,0,0,0,0,0,0,0,0,0,0,0,,0,0,0,0,0,0,0
ACSSF,HI,150,0,15,3,980300,1,1500000US150039803001,"Block Group 1, Census Tract 9803, Honolulu County, Hawaii",,,1.50E+11,5797098,2519490,15,"Block Group 1, Census Tract 9803, Honolulu County, Hawaii",,,0,0,3.211052656,2.23827219,0.972780585,,0,0,0,0,0,0,0,0,0,0,0,,0,0,0,0,0,0,0
ACSSF,HI,150,0,15,3,980600,1,1500000US150039806001,"Block Group 1, Census Tract 9806, Honolulu County, Hawaii",,,1.50E+11,30230272,0,15,"Block Group 1, Census Tract 9806, Honolulu County, Hawaii",,,100,20,11.67197418,11.67197418,0,,20,0,0,20,0,0,0,0,0,0,0,,20,0,20,0,0,0,0
ACSSF,HI,150,0,15,3,980700,1,1500000US150039807001,"Block Group 1, Census Tract 9807, Honolulu County, Hawaii",,,1.50E+11,20470253,395265,15,"Block Group 1, Census Tract 9807, Honolulu County, Hawaii",,,0,0,8.056221008,7.903608799,0.152612671,,0,0,0,0,0,0,0,0,0,0,0,,0,0,0,0,0,0,0
ACSSF,HI,150,0,15,3,980800,1,1500000US150039808001,"Block Group 1, Census Tract 9808, Honolulu County, Hawaii",,,1.50E+11,1939134,0,15,"Block Group 1, Census Tract 9808, Honolulu County, Hawaii",,,0,0,0.748703837,0.748703837,0,,0,0,0,0,0,0,0,0,0,0,0,,0,0,0,0,0,0,0
ACSSF,HI,150,0,15,3,981000,1,1500000US150039810001,"Block Group 1, Census Tract 9810, Honolulu County, Hawaii",,,1.50E+11,3530439,0,15,"Block Group 1, Census Tract 9810, Honolulu County, Hawaii",,,0,0,1.363110185,1.363110185,0,,0,0,0,0,0,0,0,0,0,0,0,,0,0,0,0,0,0,0
ACSSF,HI,150,0,15,3,981100,1,1500000US150039811001,"Block Group 1, Census Tract 9811, Honolulu County, Hawaii",,,1.50E+11,5938141,0,15,"Block Group 1, Census Tract 9811, Honolulu County, Hawaii",,,89,3,2.292729139,2.292729139,0,,3,0,0,0,0,0,3,0,0,0,0,,3,0,3,0,0,0,0
ACSSF,HI,150,0,15,3,981200,1,1500000US150039812001,"Block Group 1, Census Tract 9812, Honolulu County, Hawaii",,,1.50E+11,8117179,2651365621,15,"Block Group 1, Census Tract 9812, Honolulu County, Hawaii",,,0,0,1026.832153,3.134060383,1023.698059,,0,0,0,0,0,0,0,0,0,0,0,,0,0,0,0,0,0,0
ACSSF,HI,150,0,15,3,981300,1,1500000US150039813001,"Block Group 1, Census Tract 9813, Honolulu County, Hawaii",,,1.50E+11,1891419,5848,15,"Block Group 1, Census Tract 9813, Honolulu County, Hawaii",,81400,283,64,0.732538939,0.730280995,0.002257925,3224,64,0,31,27,0,0,0,0,6,0,0,2010,64,0,64,0,0,0,0
ACSSF,HI,150,0,15,3,981400,1,1500000US150039814001,"Block Group 1, Census Tract 9814, Honolulu County, Hawaii",,,1.50E+11,1560611,4565993,15,"Block Group 1, Census Tract 9814, Honolulu County, Hawaii",,,27,14,2.365495205,0.602555275,1.762939811,,6,0,0,6,0,0,0,0,0,0,0,,6,0,6,8,0,0,8
ACSSF,HI,150,0,15,3,981700,1,1500000US150039817001,"Block Group 1, Census Tract 9817, Honolulu County, Hawaii",,,1.50E+11,5677257,1976910,15,"Block Group 1, Census Tract 9817, Honolulu County, Hawaii",,53699,3557,908,2.955290556,2.192001343,0.763289273,2917,862,0,110,356,191,94,45,6,26,15,19,2000,862,0,862,46,17,0,29
ACSSF,HI,150,0,15,3,981801,1,1500000US150039818011,"Block Group 1, Census Tract 9818.01, Honolulu County, Hawaii",,,1.50E+11,906843,0,15,"Block Group 1, Census Tract 9818.01, Honolulu County, Hawaii",,75490,3333,1209,0.350134045,0.350134045,0,3361,1089,0,573,275,145,19,50,8,0,19,0,2009,1089,27,1062,120,0,0,120
ACSSF,HI,150,0,15,3,981802,1,1500000US150039818021,"Block Group 1, Census Tract 9818.02, Honolulu County, Hawaii",,,1.50E+11,2133892,1413221,15,"Block Group 1, Census Tract 9818.02, Honolulu County, Hawaii",,128889,1392,436,1.369548082,0.823900342,0.545647681,3501,436,18,125,93,107,3,90,0,0,0,0,2002,436,3,433,0,0,0,0
ACSSF,HI,150,0,15,3,981803,1,1500000US150039818031,"Block Group 1, Census Tract 9818.03, Honolulu County, Hawaii",,,1.50E+11,2767847,1247052,15,"Block Group 1, Census Tract 9818.03, Honolulu County, Hawaii",,41500,3401,472,1.550161242,1.068671703,0.48148948,3158,388,0,69,162,105,24,19,6,0,0,3,2003,388,0,388,84,10,0,74
ACSSF,HI,150,0,15,3,981900,1,1500000US150039819001,"Block Group 1, Census Tract 9819, Honolulu County, Hawaii",,,1.50E+11,7898149,3576660,15,"Block Group 1, Census Tract 9819, Honolulu County, Hawaii",,,586,14,4.430448532,3.049492598,1.380956173,,14,0,0,14,0,0,0,0,0,0,0,,14,0,14,0,0,0,0
ACSSF,HI,150,0,15,3,982000,1,1500000US150039820001,"Block Group 1, Census Tract 9820, Honolulu County, Hawaii",,,1.50E+11,4214479,0,15,"Block Group 1, Census Tract 9820, Honolulu County, Hawaii",,156120,1054,221,1.627219558,1.627219558,0,3501,187,0,35,88,5,19,0,12,17,0,11,2004,187,0,187,34,0,0,34
ACSSF,HI,150,0,15,3,982100,1,1500000US150039821001,"Block Group 1, Census Tract 9821, Honolulu County, Hawaii",,,1.50E+11,47892,0,15,"Block Group 1, Census Tract 9821, Honolulu County, Hawaii",,,0,0,0.018491205,0.018491205,0,,0,0,0,0,0,0,0,0,0,0,0,,0,0,0,0,0,0,0
ACSSF,HI,150,0,15,3,982200,1,1500000US150039822001,"Block Group 1, Census Tract 9822, Honolulu County, Hawaii",,,1.50E+11,8329938,5954400,15,"Block Group 1, Census Tract 9822, Honolulu County, Hawaii",,,181,0,5.515213966,3.216207266,2.299006701,,0,0,0,0,0,0,0,0,0,0,0,,0,0,0,0,0,0,0
ACSSF,HI,150,0,15,3,990001,0,1500000US150039900010,"Block Group 0, Census Tract 9900.01, Honolulu County, Hawaii",,,1.50E+11,0,1231943129,15,"Block Group 0, Census Tract 9900.01, Honolulu County, Hawaii",,,0,0,475.6559448,0,475.6559448,,0,0,0,0,0,0,0,0,0,0,0,,0,0,0,0,0,0,0
