OBJECTID,ZONE_,SECTION_,PLAT,ZSP,CREATED_USER,CREATED_DATE,LAST_EDITED_USER,LAST_EDITED_DATE,GLOBALID,Shape__Area,Shape__Length
1,9,1,080,91080,,,GIS_EDITOR,10/31/2019 5:38:54 PM,ea8c7a57-c6a3-4fa9-b14f-9213fac8d494,500132.619567871,6063.09234581712
2,9,1,079,91079,,,GIS_EDITOR,10/31/2019 5:38:54 PM,626d231c-022e-4773-99c6-824a802ef4ea,661224.617645264,5517.44189360287
3,9,1,152,91152,,,GIS_EDITOR,10/31/2019 5:38:54 PM,1f7d30d6-6e1a-4aa8-b30c-02816bfbc9b8,837526.404624939,11259.6601035399
4,9,1,153,91153,,,GIS_EDITOR,10/31/2019 5:38:54 PM,82a41a75-570b-4620-8c62-e3f044640061,1061111.51994324,15848.3536139082
5,9,1,149,91149,,,rpa,11/16/2018 8:41:31 AM,f265eadc-d667-44cc-875b-7970ab3f4c98,2786126.57633209,7532.21400057257
6,9,1,151,91151,,,GIS_EDITOR,10/31/2019 5:38:54 PM,fa66a565-0c0a-48e6-b4b4-61e7779d313e,2112493.04473114,25647.5633882513
7,2,4,013,24013,,,rpa,2/19/2016 12:13:46 PM,c070f425-f7b9-4c42-ae79-1b39620e1b78,847513.824417114,3747.87349263997
8,9,7,031,97031,,,GIS_EDITOR,11/19/2019 1:46:29 AM,27d17c54-d1c0-46b9-999a-7c2e300e80fe,960395.416191101,4667.17605990342
9,3,1,023,31023,,,GIS_EDITOR,11/19/2019 12:38:29 AM,5414d9c6-3230-476c-b9ff-fb5c09de9714,661077.885772705,3330.06651790723
10,9,1,178,91178,GIS_EDITOR,10/31/2019 5:38:35 PM,GIS_EDITOR,11/8/2019 5:54:30 PM,2ce21421-3d7f-4603-ad27-a59e9e3fe6ad,753096.689056396,8378.63698170987
11,4,5,092,45092,,,rpa,2/19/2016 12:13:46 PM,2cfd3906-af3a-4aa3-8ee7-f0ebfe50a5e4,1030862.55612183,4474.15542381742
12,3,2,002,32002,,,rpa,12/3/2018 10:02:30 AM,fdd8b606-e0ae-470d-8848-1481f6f80eeb,588583.798072815,3109.00083787625
13,1,5,005,15005,GIS_EDITOR,1/9/2020 7:50:05 PM,GIS_EDITOR,2/6/2020 7:11:12 PM,50b3f64c-0e01-4493-9bc5-6ea76b5f0d0f,677443.55191803,4313.93377461384
14,9,7,092,97092,GIS_EDITOR,1/28/2020 7:36:06 PM,GIS_EDITOR,1/28/2020 8:54:27 PM,f1ce5003-59fd-46f5-ba4d-94fdcaed966e,641928.976882935,5863.02063088446
15,2,1,001,21001,,,GIS_EDITOR,1/6/2020 7:36:11 PM,5df89c30-fde2-4f9d-a281-91cf10a9f776,2388316.61252594,11092.4844110693
16,9,7,048,97048,GIS_EDITOR,1/28/2020 8:57:44 PM,GIS_EDITOR,1/28/2020 8:58:18 PM,783c7360-2e78-4fb8-a7e7-071edfc8eb95,1052266.04496765,14451.4110358091
17,2,7,010,27010,,,rpa,2/19/2016 12:13:46 PM,4058944c-cead-4ddf-b77a-833f94215921,309355.55381012,2923.94257515026
18,9,7,047,97047,GIS_EDITOR,1/28/2020 7:52:25 PM,GIS_EDITOR,1/28/2020 7:52:44 PM,9a93b4ee-f1aa-4632-9851-422338bcb38e,590102.843536377,8295.10735395901
19,6,6,019,66019,,,GIS_EDITOR,2/14/2020 12:50:05 AM,943a2f93-20cd-4a96-bbc0-230f7d35bae2,2079316.36039734,6944.16641535461
20,5,7,006,57006,rpa,8/25/2016 3:12:36 PM,GIS_EDITOR,1/17/2020 12:49:45 AM,c4b88291-137f-42d1-9ca9-fb88d7abf4a6,3863458.66033936,11290.4863746813
21,1,5,006,15006,,,GIS_EDITOR,1/9/2020 8:33:48 PM,d479b75d-e214-45fa-9236-15e3dfc7d4d3,612110.353607178,3557.13345555579
22,9,7,023,97023,,,GIS_EDITOR,1/30/2020 9:49:11 PM,c0495507-4f45-49f8-892b-5a96e9fa87ad,2878956.26177979,8022.01262283759
23,2,1,012,21012,,,rpa,2/19/2016 12:13:46 PM,26f8cb26-09a5-4319-a487-dd317ec8b5f3,238742.832313538,2165.32710276433
24,1,7,043,17043,GIS_EDITOR,1/22/2020 5:39:07 PM,GIS_EDITOR,1/22/2020 5:41:11 PM,1c0e3f86-c90a-4216-b81d-4806df2c4ed4,381686.891105652,2545.7004375884
25,9,2,049,92049,,,GIS_EDITOR,12/18/2019 6:29:28 PM,a0b26fbe-f605-47a2-9bbc-78eb482bdd06,90084671.2127075,73077.1648720727
26,2,9,075,29075,,,GIS_EDITOR,1/24/2020 8:32:25 PM,b211cdfa-56e1-4bc0-918b-c8e0c5e0c6e6,637392.001686096,4832.36322301092
27,3,1,009,31009,,,GIS_EDITOR,11/19/2019 9:52:33 PM,dbd6593e-badd-46f1-9899-d0780bdddc29,386525.19052124,3037.22209123691
28,2,6,027,26027,,,GIS_EDITOR,1/8/2020 8:34:28 PM,c5b60b11-198c-4703-90c2-0698adfc606e,513996.490093231,2998.55515582003
29,1,5,007,15007,,,GIS_EDITOR,1/8/2020 7:35:11 PM,e3523aed-3e3f-4809-b575-def38c49ba67,1047271.82655334,4340.5385534658
30,2,7,008,27008,,,rpa,2/19/2016 12:13:46 PM,f4cde42c-51c8-4b83-b9a5-615040fcf9dc,573568.41999054,3241.09315098477
31,2,7,034,27034,,,GIS_EDITOR,2/28/2020 7:49:26 PM,d7af039a-84a4-47fb-8bd1-357a75ef432d,431629.625930786,2976.51271313432
32,4,1,027,41027,,,GIS_EDITOR,3/12/2020 12:45:41 AM,ac72b956-3032-472b-ade9-6eb755b9b753,11978683.8304672,15185.8789374988
33,4,1,011,41011,,,GIS_EDITOR,3/12/2020 12:45:41 AM,ba627e4d-7909-4a8c-9692-5820e29ddee8,56129949.2258148,62778.8907583578
34,9,4,114,94114,,,rpa,2/19/2016 12:13:46 PM,92914329-c2f3-412d-8518-d7a5d0a65d10,1100259.14077759,4936.47514983011
35,4,5,098,45098,,,rpa,2/19/2016 12:13:46 PM,8b72e42d-c824-444a-9351-f0dabc710ea5,434000.554870605,2840.3466586282
36,4,1,008,41008,GIS_EDITOR,2/6/2020 8:39:24 PM,GIS_EDITOR,3/14/2020 12:09:45 AM,1d876461-b327-4ef9-b3f8-da60322fc816,25879613.9370956,46049.4960708152
37,3,2,019,32019,,,GIS_EDITOR,3/31/2020 1:12:16 AM,164b2f6c-a0d7-4489-aea5-85aa4977e485,474796.298088074,2980.40868986456
38,9,4,002,94002,,,GIS_EDITOR,3/27/2020 10:07:41 PM,2c3fcf68-de30-4f0c-b564-7b7696855ec5,48123689.0874329,103308.279506071
39,2,3,012,23012,,,SDE,4/27/2020 6:34:06 PM,6523a8a9-1407-4308-8d66-350624a75f43,465624.036499023,2796.74372471341
40,2,1,030,21030,,,GIS_EDITOR,4/24/2020 11:26:14 PM,2a07845b-d5bf-40cf-ba15-777c4993708b,599289.427368164,3426.19242474182
41,3,2,058,32058,,,GIS_EDITOR,5/1/2020 1:43:46 AM,338b97af-ee02-4cee-a057-797dc0a0ada0,656263.663002014,3244.25278942424
42,1,5,024,15024,,,GIS_EDITOR,4/7/2020 1:41:19 AM,8dbe7df4-3bd7-4853-bd85-f872add11bbf,552031.238967896,3740.80744352182
43,2,4,016,24016,,,GIS_EDITOR,4/25/2020 12:13:31 AM,088e645a-60c8-4653-a686-f418865f189a,825854.142311096,3769.04499061446
44,2,1,055,21055,,,GIS_EDITOR,4/16/2020 1:05:07 AM,0db6a6a6-0895-4d99-ac77-736c3c92eff3,542831.365699768,3300.03695938897
45,2,1,015,21015,,,GIS_EDITOR,3/17/2020 6:14:38 PM,7ece4359-af16-4f7a-aea6-2c423da33e17,5072537.11557007,11296.0780646872
46,2,8,027,28027,,,GIS_EDITOR,4/29/2020 9:50:46 PM,1709253f-ee6f-4682-804d-03d0457aa79e,292500.391815186,2797.45301833182
47,4,7,009,47009,,,GIS_EDITOR,5/8/2020 12:56:01 AM,42c537c5-9e39-4e0f-af9c-b11cca458e9f,422932.186752319,3720.95599902673
48,2,6,002,26002,,,GIS_EDITOR,5/13/2020 7:00:28 PM,90da8b61-b16d-4947-989e-51ab2fc26965,1223672.89600754,4815.02625034198
49,,,,,SDE,5/14/2020 12:48:55 AM,SDE,5/14/2020 12:48:55 AM,6e6091b5-1682-4a8e-a203-f72ee5b2a202,50415.4791564941,902.562690449697
50,,,,,SDE,5/14/2020 12:48:55 AM,SDE,5/14/2020 12:48:55 AM,639ce11a-87f1-4701-8e4f-5d1d08ac9c47,20935.8425674438,675.474429867071
51,,,,,SDE,5/14/2020 12:48:55 AM,SDE,5/14/2020 12:48:55 AM,157edc4e-8b4e-4e38-b494-22c13ff92387,18768.8849182129,545.78713026181
52,,,,,SDE,5/14/2020 12:48:55 AM,SDE,5/14/2020 12:48:55 AM,0e7506ed-44f1-421c-9ce2-c2cb57d8df7e,51434.0875244141,942.783058394217
53,,,,,SDE,5/14/2020 12:48:55 AM,SDE,5/14/2020 12:48:55 AM,b33f483e-2fe5-4d94-9986-d6411917268e,3010.6752166748,677.516165298337
54,,,,,SDE,5/14/2020 12:48:55 AM,SDE,5/14/2020 12:48:55 AM,e516ac7a-30ac-44f3-9070-b73a7925fad9,20935.8425674438,675.474429867071
55,,,,,SDE,5/14/2020 12:48:55 AM,SDE,5/14/2020 12:48:55 AM,77fa0824-4012-43ec-afba-7a3ee4fe1c90,18768.8849182129,545.78713026181
56,,,,,SDE,5/14/2020 12:48:55 AM,SDE,5/14/2020 12:48:55 AM,2593a561-4791-4278-81e8-e33828bda17b,91467.6718139648,1323.75995996245
57,,,,,SDE,5/14/2020 12:48:55 AM,SDE,5/14/2020 12:48:55 AM,f0607e29-bd9a-41eb-b913-0ea0f1a786bf,426088.497207642,2672.54876236438
58,,,,,SDE,5/14/2020 12:48:55 AM,SDE,5/14/2020 12:48:55 AM,64cc75aa-27b0-472d-a962-b5b97e9aacdd,116138.243034363,6065.77195213633
59,,,,,SDE,5/14/2020 12:48:55 AM,SDE,5/14/2020 12:48:55 AM,4e6924df-d41c-466c-a2ad-d2ec7211ade1,3010.6752166748,677.516165298337
60,,,,,SDE,5/14/2020 12:48:55 AM,SDE,5/14/2020 12:48:55 AM,6a471971-501f-49de-a3e0-a6c4c4993e18,76107.5106048584,1088.42245808811
61,9,1,118,91118,,,SDE,5/20/2020 11:11:24 PM,65072ce1-7400-442e-b4ed-8dd0124fe291,2539906.48446655,12798.9007078458
62,9,7,091,97091,GIS_EDITOR,1/28/2020 7:28:47 PM,GIS_EDITOR,5/15/2020 12:46:04 AM,12db4bce-beb5-4583-b4cf-b244b1a6b49f,1130968.21644592,8377.22386100061
63,6,4,004,64004,,,GIS_EDITOR,5/14/2020 11:58:24 PM,5f15e3c6-9e33-429c-829f-81e090aaf47a,86773160.7867126,76672.7028081345
64,6,5,005,65005,,,GIS_EDITOR,5/14/2020 11:58:24 PM,7ce79664-329a-4155-a784-63a8dde2beab,94304309.88591,48855.8880851906
65,7,1,001,71001,,,GIS_EDITOR,5/14/2020 11:58:24 PM,fa952c50-b63a-406d-9514-a47b95cb3d46,71582880.464386,42532.9789897488
66,6,4,002,64002,,,GIS_EDITOR,5/14/2020 11:58:24 PM,a90e1d8b-add3-445d-b3e8-7126c8333413,154724536.484726,96330.3537670918
67,6,4,001,64001,,,GIS_EDITOR,5/14/2020 11:58:24 PM,2b6508d0-21b0-4620-9907-83117c2fed14,59582941.7867279,47222.1568776457
68,6,4,003,64003,GIS_EDITOR,5/14/2020 11:57:37 PM,GIS_EDITOR,5/15/2020 8:44:09 PM,93564eea-a5f0-426f-94c8-bea2ec5bd690,164706844.149826,100360.300380105
69,9,9,014,99014,,,GIS_EDITOR,5/15/2020 6:47:42 PM,5970a5ed-d653-4e6a-a8d0-5b49e27dd0d9,761092.036369324,4309.38431674696
70,6,4,003,64003,,,GIS_EDITOR,5/20/2020 1:39:53 AM,d831f1b0-fb28-4bea-9a1f-4c7bed74f80c,1163010.43692017,57865.9581222116
71,5,6,003,56003,,,GIS_EDITOR,5/14/2020 9:22:20 PM,a12a59ad-6574-44a1-8cb0-a3a51a1666a8,37316992.8032227,42751.9927515481
72,,,,,SDE,5/14/2020 12:48:55 AM,SDE,5/14/2020 12:48:55 AM,03e48f90-096b-4f2c-a746-a0d2a9f24003,116138.243034363,6065.77195213633
73,,,,,SDE,5/14/2020 12:48:55 AM,SDE,5/14/2020 12:48:55 AM,ccc5783e-c195-466d-b198-1279827f424d,81066.6106796265,1132.13576553266
74,,,,,SDE,5/14/2020 12:48:55 AM,SDE,5/14/2020 12:48:55 AM,6c43ce47-575e-4e48-a82b-b077fc593bbb,501557.723175049,4196.5072147367
75,,,,,SDE,5/14/2020 12:48:55 AM,SDE,5/14/2020 12:48:55 AM,bed7634d-4733-4f1c-9346-17177ebb6430,441918.853355408,4013.73012257431
76,3,9,043,39043,,,rpa,2/19/2016 12:13:47 PM,710521c3-cd1f-407f-ba49-d75dfcb79a57,552525.035896301,3723.74432106324
77,,,,,SDE,5/14/2020 12:48:55 AM,SDE,5/14/2020 12:48:55 AM,8c292ffa-77d5-4abd-949e-6708d5ac1cc2,76107.5106048584,1088.42245808811
78,,,,,SDE,5/14/2020 12:48:55 AM,SDE,5/14/2020 12:48:55 AM,c0bb0de1-e5e3-4595-913a-7b846c7b9f66,441918.853355408,4013.73012257431
79,,,,,SDE,5/14/2020 12:48:55 AM,SDE,5/14/2020 12:48:55 AM,e05f59f7-560d-4c1f-bb13-99299b0e6a53,426088.497207642,2672.54876236438
80,,,,,SDE,5/14/2020 12:48:55 AM,SDE,5/14/2020 12:48:55 AM,25d9341c-3069-405c-914e-d3da541fbca1,50415.4791564941,902.562690449697
81,,,,,SDE,5/14/2020 12:48:55 AM,SDE,5/14/2020 12:48:55 AM,eda28e26-1c8d-4e38-b78b-51cffd9e7de0,51434.0875244141,942.783058394217
82,,,,,SDE,5/14/2020 12:48:55 AM,SDE,5/14/2020 12:48:55 AM,0e6c4277-75b9-404d-85e5-bb18c1c43161,29317.7504959106,698.046700132346
83,,,,,SDE,5/14/2020 12:48:55 AM,SDE,5/14/2020 12:48:55 AM,d989da77-a885-46ff-ba90-102190d33992,81066.6106796265,1132.13576553266
84,,,,,SDE,5/14/2020 12:48:55 AM,SDE,5/14/2020 12:48:55 AM,a3531e2b-42b0-4cf0-adaa-9c68fd79e6e1,501557.723175049,4196.5072147367
85,,,,,SDE,5/14/2020 12:48:55 AM,SDE,5/14/2020 12:48:55 AM,5d4e84e3-6cfc-4fa2-b164-4ae89abb4524,29317.7504959106,698.046700132346
86,,,,,SDE,5/14/2020 12:48:55 AM,SDE,5/14/2020 12:48:55 AM,3acdffe4-f787-4433-af8c-f27479c60ca7,91467.6718139648,1323.75995996245
87,6,7,004,67004,,,GIS_EDITOR,5/15/2020 1:46:57 AM,c9972548-1e01-48c5-8aa7-8a3446ab20d7,76846973.2650146,48810.0762805789
88,7,7,001,77001,,,GIS_EDITOR,5/15/2020 1:46:57 AM,90e87bea-c9d8-4f24-a3c0-9f084c75388b,458073330.306458,200489.147387554
89,3,9,067,39067,,,rpa,2/19/2016 12:13:47 PM,1ee3e348-30cb-4ef3-848e-3b98fc88b12b,973906.743980408,4523.34744950992
90,1,1,010,11010,rpa,6/23/2016 1:49:01 PM,GIS_EDITOR,5/18/2020 11:29:21 PM,9bf5440f-6469-4c5a-aa62-948f082211c1,41607270.9131165,35917.9004679799
91,1,4,023,14023,,,rpa,2/19/2016 12:13:46 PM,dc534677-6a66-45f8-a73f-669a3a255b37,588055.931495667,3550.25913687908
92,3,3,018,33018,,,rpa,2/19/2016 12:13:52 PM,b186348f-e57b-42a0-8da1-bafb27e0aaca,1105656.9980545,4868.29706450894
93,2,6,007,26007,,,rpa,2/19/2016 12:13:53 PM,f916ef48-bf66-491c-8d90-59c66a9b968c,339479.044189453,2590.27133450919
94,9,8,039,98039,,,rpa,2/19/2016 12:13:54 PM,0025c99f-1585-408e-a5fe-8847a85f3ff8,2101469.05731964,7309.68480635567
95,3,3,031,33031,,,rpa,2/19/2016 12:13:53 PM,b58782a4-3df0-4efd-a49c-4529a85974eb,874960.720504761,4709.67163024889
96,5,3,009,53009,,,rpa,2/19/2016 12:13:53 PM,fd58c15e-8b43-42c7-9455-10a6416208ab,12540614.0210114,19872.1862862225
97,2,1,029,21029,,,rpa,5/17/2016 9:43:00 AM,38312c82-5e0b-469c-9611-1a4aed5213b4,485315.406768799,2939.97882884349
98,2,9,002,29002,,,rpa,2/19/2016 12:13:54 PM,0cbdb7f8-4e8a-4827-9e51-d723f71c4c40,594231.121925354,3450.33667482819
99,4,9,008,49008,,,rpa,2/19/2016 12:13:53 PM,35a71708-5e08-4104-a7a9-91ab348943aa,146114.677597046,4134.92538850554
100,7,5,011,75011,,,rpa,2/19/2016 12:13:53 PM,c3fc3db5-bab2-4ac1-a819-1c0d7792b1b7,824389.802139282,4092.45648233438
101,4,9,003,49003,,,rpa,2/19/2016 12:13:53 PM,5213e5e6-7f87-473b-8b89-6bc7d4f84621,8880404.98794556,14388.4290090695
102,9,7,003,97003,,,rpa,5/11/2018 12:19:01 PM,4e173712-6b38-41b7-abc7-979d550ebf6f,450742.314888,2829.17323788253
103,3,8,004,38004,,,rpa,2/19/2016 12:13:53 PM,ac3f6c45-16bf-4a41-8daf-94d1c36250fb,1114765.70586395,4300.29375684322
104,9,4,039,94039,,,rpa,2/19/2016 12:13:47 PM,79d1c890-578b-4479-b5b6-1f2915c25522,832061.273155212,3827.27078242237
105,9,5,058,95058,,,rpa,2/19/2016 12:13:46 PM,c69ddb34-4ea6-45dc-a306-37ff2e24a7cb,658994.630966187,4021.89054988319
106,9,4,094,94094,,,rpa,2/19/2016 12:13:46 PM,7696f88d-6256-40f2-9b53-bd2559696f70,502245.239486694,2835.72715611991
107,4,4,025,44025,,,rpa,2/19/2016 12:13:52 PM,b39cb8c7-1e9c-4608-a4f2-bff555518d48,465223.501708984,3266.96376157888
108,3,2,015,32015,,,rpa,10/2/2018 9:23:45 AM,6c21ff4b-d110-489b-95e8-78b120ddfbc3,440174.53565979,2790.64171707326
109,9,5,051,95051,,,rpa,2/19/2016 12:13:46 PM,a7cbfdbb-c875-4edd-bd6c-c9564ca29bb9,858074.221481323,3823.04446130278
110,3,2,004,32004,,,rpa,10/2/2018 9:23:12 AM,47b66813-0b39-4fff-989f-96e60e37f189,586145.063697815,3099.90750052696
111,2,7,001,27001,,,rpa,2/19/2016 12:13:46 PM,eb8cbda1-e76a-40b7-9510-33f864d23cd1,369813.973869324,2603.6360365997
112,9,8,054,98054,,,rpa,2/19/2016 12:13:46 PM,69eda6a3-d374-44cd-878f-706bba3a4f8f,915644.011138916,4553.12889494931
113,2,7,002,27002,,,rpa,2/19/2016 12:13:46 PM,38eeb514-4506-4fc7-868e-cb6ee96571bc,495236.15221405,2858.14846360556
114,2,9,048,29048,,,rpa,2/19/2016 12:13:47 PM,91b98eee-44bf-4fa3-a524-a7bca507a004,536893.228256226,4301.71612155849
115,1,7,006,17006,,,rpa,2/19/2016 12:13:47 PM,186b9b82-b1a6-49f8-b624-472615ac98b6,476304.10975647,2936.9871148133
116,2,7,007,27007,,,rpa,2/19/2016 12:13:46 PM,a77b3234-3ef9-4eab-b20b-28c53776cc7b,535463.376815796,3076.94311014016
117,8,6,023,86023,,,rpa,2/19/2016 12:13:53 PM,805323a4-3aeb-4941-8a0a-3e5c7d43ab7a,1115501.3586731,4989.81381247842
118,4,5,029,45029,,,rpa,2/19/2016 12:13:53 PM,e85103da-e686-41f8-9451-ee2eee905b62,1030258.08334351,4435.48522684807
119,6,7,015,67015,,,rpa,2/19/2016 12:14:00 PM,13b74de7-903f-4bde-b3a2-1c441715451f,604552.666900635,3707.56653387259
120,1,9,008,19008,,,rpa,2/19/2016 12:13:53 PM,c2695299-8e08-4dd3-82de-c260fc9595da,710996.89667511,3675.07996574471
121,1,5,026,15026,,,rpa,11/15/2018 1:46:57 PM,d8112e8a-1a90-46b8-a6da-3da73d2318f1,298091.284896851,2419.13776646254
122,3,4,035,34035,,,rpa,2/19/2016 12:14:00 PM,d93bf497-9503-4722-b56e-ce295763af9d,789902.601768494,3813.8981611663
123,9,5,026,95026,,,rpa,2/19/2016 12:13:54 PM,3892f144-0d02-447a-ae45-8d0128195208,251442.234985352,2096.70034240796
124,2,7,032,27032,,,rpa,2/19/2016 12:14:00 PM,6ab57254-5925-4c2a-b243-6c827edf4f7a,503868.40851593,3034.36947849793
125,1,1,029,11029,,,rpa,2/19/2016 12:13:54 PM,ca49af2c-44a8-40bb-966e-0a1bfec4e42f,902432.795410156,5912.91279268563
126,9,4,054,94054,,,rpa,2/19/2016 12:13:54 PM,8ae83ba2-0157-4a09-afc6-e14bd9e195a8,1720555.54336548,5337.15854125955
127,2,9,005,29005,,,rpa,2/19/2016 12:13:53 PM,e5fbd75d-40ec-4500-a81c-4ab4ff0d9013,683179.142051697,3686.66060266633
128,2,8,020,28020,,,rpa,2/19/2016 12:13:53 PM,b02ea8b1-366e-459f-8ffe-9ab5707883b1,562688.687561035,3368.46938413977
129,4,4,002,44002,,,rpa,2/19/2016 12:13:53 PM,1ae4b7b1-809f-42ba-b21f-c0f6b78a184f,959437.455657959,4206.00991851539
130,2,1,014,21014,,,rpa,2/19/2016 12:13:54 PM,d5715cac-e494-4e2b-9d7a-bcd753240f56,424081.743003845,3131.35774058255
131,2,4,043,24043,,,rpa,2/19/2016 12:13:54 PM,dbba070e-d558-40bf-afa4-ec8d44421e04,817113.68132019,4760.87268026647
132,8,7,029,87029,,,rpa,2/19/2016 12:13:54 PM,bd13843a-15c9-46c8-b555-8fd0bf3f9f5e,722642.400390625,3482.47998173333
133,2,9,074,29074,,,rpa,2/19/2016 12:13:54 PM,44b93dc7-b000-48b8-836d-32b146a52bec,543002.830604553,2966.42725636772
134,7,3,003,73003,,,rpa,2/19/2016 12:14:00 PM,bb6b999d-ae34-4ab7-b4c4-316a07bf2491,466629.334243774,3977.53506593171
135,1,8,030,18030,,,rpa,2/19/2016 12:13:53 PM,a3cce122-beda-47ef-93f7-b2863140650d,805238.758399963,4500.91849974946
136,2,9,050,29050,,,rpa,2/19/2016 12:13:54 PM,3cd86dfa-c0ca-4e00-a9ab-6371f24f0116,1916479.45616913,7581.76836426521
137,2,7,012,27012,,,rpa,2/19/2016 12:13:53 PM,330188b2-4d2a-46fc-9a46-dc1bcdcd32ef,360241.153694153,2603.92397109666
138,1,8,025,18025,,,rpa,2/19/2016 12:13:53 PM,50ab5799-0ce6-4d32-a4fc-e1a624356cb0,772833.230865479,3979.21899985815
139,2,1,047,21047,,,rpa,2/19/2016 12:13:54 PM,8c7c2d63-e235-46f5-ae3c-e950e38ecdda,449505.06388092,2713.83213629714
140,2,5,008,25008,,,rpa,2/19/2016 12:14:00 PM,87c7237e-b4d7-458e-9a59-b93342a19aca,368504.798721313,2715.64264568091
141,1,8,013,18013,,,rpa,2/19/2016 12:13:53 PM,b1d72887-17f7-4d43-9159-7ed928a9b6fc,684495.935661316,4081.56547347669
142,2,1,040,21040,,,rpa,2/19/2016 12:13:53 PM,9f712496-07d0-412e-b575-a22b9df011f8,475082.890632629,3072.60336318203
143,1,8,021,18021,,,rpa,2/19/2016 12:13:54 PM,fd9e5e7d-0374-4e7e-88b1-8af027a96a58,770007.635017395,4321.81894315402
144,9,1,060,91060,,,rpa,2/19/2016 12:14:00 PM,dcf1f509-0d2f-4e76-b0e4-204be06c3901,1472456.94636536,4746.34122595285
145,9,5,087,95087,,,rpa,2/19/2016 12:14:00 PM,f2721753-bb3d-47c0-9ac5-f5c6d0c70303,454692.957061768,3939.80674781096
146,9,5,088,95088,,,rpa,2/19/2016 12:14:01 PM,1822777e-e9d7-4950-9a3f-17b52ce59a59,836509.359069824,4163.95482574557
147,1,6,024,16024,,,rpa,2/19/2016 12:14:00 PM,d0eceec7-d1d9-4e7a-8efe-ebf464d44c03,929928.724128723,3915.67694311896
148,9,1,139,91139,,,rpa,2/19/2016 12:14:00 PM,06dad438-b373-44eb-9a04-a381031b732d,1467404.80374908,16794.2071054852
149,9,1,104,91104,,,rpa,2/19/2016 12:14:02 PM,b3661235-440d-474c-8e9c-3349211c2d37,651851.69619751,9866.233538458
150,9,1,112,91112,,,rpa,2/19/2016 12:14:01 PM,69f5c567-c3ff-493e-b5fb-af95a733e563,2002842.51203156,7756.05536860641
151,2,5,013,25013,,,rpa,2/19/2016 12:14:01 PM,11168607-f906-47ad-b0a5-7e14b43a393d,342981.035316467,4601.28407373414
152,9,5,094,95094,,,rpa,2/19/2016 12:14:01 PM,7ae3ebda-3a52-40de-86b1-55c83a39fc89,643266.181335449,4545.88341633418
153,9,1,140,91140,,,rpa,2/19/2016 12:14:01 PM,4b91f05b-59ea-4ea7-b259-03b6f0704354,1212080.06804657,16609.6239930762
154,3,8,007,38007,,,rpa,9/12/2017 2:48:10 PM,e0611967-871c-4fe6-a8f9-49bf62d6cfaf,644821.19758606,3386.98294391796
155,2,6,015,26015,,,rpa,2/19/2016 12:14:00 PM,676ece0a-84df-4bec-914b-d009d9282142,528479.515609741,2847.27162702678
156,4,3,001,43001,,,rpa,2/19/2016 12:14:00 PM,75568737-f6d5-4ba1-9795-ab3aa5449687,540253.502738953,4038.26142613416
157,1,7,009,17009,,,rpa,2/19/2016 12:14:01 PM,7d46fa2d-8cd2-4e28-b795-057a0d342fa3,346453.888023376,2676.03401025408
158,6,7,017,67017,,,rpa,2/19/2016 12:14:00 PM,d02ad103-4072-431a-b199-5d9653f62775,1035428.72113037,4393.89693111955
159,9,9,001,99001,,,rpa,9/13/2017 12:15:39 PM,1e9f86fd-953b-4b88-b2f8-92f7f455125e,121447745.454124,129707.613810775
160,2,2,029,22029,,,rpa,2/19/2016 12:14:00 PM,3eba9943-a95e-4a90-a49a-cdb3f1d3d8e9,680818.171470642,4064.67631467147
161,2,1,044,21044,,,rpa,2/19/2016 12:14:01 PM,11daac02-306c-4aab-a3ea-9c076bc5c194,1164583.75994873,4464.31944019085
162,2,1,035,21035,,,rpa,3/9/2016 6:52:58 AM,69182f2b-5be2-4296-b2a2-4f5acd07e1db,787824.635559082,3492.16962258657
163,9,2,014,92014,,,rpa,2/24/2016 6:44:19 AM,f4a42d35-e065-4158-8306-7c4e77f186a6,1216270.34786987,5977.97368199677
164,3,2,062,32062,,,rpa,3/15/2016 7:14:24 AM,c42853d5-1432-49fe-9016-3810f1a2c479,521751.904777527,3499.13335272742
165,3,3,055,33055,,,rpa,3/15/2016 7:50:51 AM,b42afd49-ff50-455f-92cc-de781b3fe6bf,487098.884803772,3647.47976627503
166,9,8,029,98029,,,rpa,4/4/2016 11:07:50 AM,f4f9cf39-799b-44f4-bac7-bdd738bbe10a,982981.543510437,4391.40505659432
167,4,5,097,45097,,,rpa,4/26/2016 9:56:34 AM,b27b0304-7219-4e34-8cf1-12fc6699691d,593749.476409912,3289.46207793801
168,4,5,038,45038,rpa,3/23/2016 8:30:38 AM,rpa,4/27/2016 12:33:07 PM,9d180717-682d-404e-89f0-66a976aad149,763592.073638916,3697.80098875731
169,8,7,034,87034,,,rpa,4/2/2018 2:29:05 PM,67001c3b-e9e2-4c6f-b4b5-3e42362eed92,856160.806343079,4012.29554037295
170,3,8,002,38002,,,rpa,6/21/2016 2:22:05 PM,44a422c8-9b04-4d99-83a7-61a0c1021ef1,865885.541931152,4265.4999847039
171,3,4,028,34028,,,rpa,6/20/2016 12:22:44 PM,b5763834-e6ff-40e8-a19a-ec060766e15a,413065.397575378,2938.2495520853
172,2,9,022,29022,,,rpa,6/28/2016 8:00:26 AM,da2ce6f9-6622-4c90-bde8-aeabf3a2e677,633873.884414673,3881.65350523747
173,9,8,034,98034,,,rpa,7/25/2016 2:55:16 PM,c6ca5422-70f1-4bcb-b48e-3bf518e8edc3,1407191.68984985,5027.43465666471
174,2,9,014,29014,,,rpa,8/4/2016 12:35:26 PM,4c80771e-2b98-40c2-b1fd-de6d3b1e632b,1096657.63920593,4583.17981509063
175,4,5,039,45039,,,rpa,8/1/2016 11:09:13 AM,d75de847-1dd4-4fe3-a6b9-e05e3d3e43c2,685968.876113892,3987.08476494976
176,9,4,158,94158,,,rpa,8/5/2016 7:03:26 AM,17c776f5-5d99-4331-9eb4-dd089553b19d,655384.513122559,3724.35921751778
177,4,5,051,45051,,,rpa,8/1/2016 11:09:13 AM,3de942b0-d1a6-4a82-8639-f03ab1b5e365,977870.91619873,4210.63640097593
178,4,2,050,42050,,,rpa,7/19/2016 2:31:25 PM,c8ca9b50-2106-4440-aa49-60d4c263a845,1109039.12130737,4979.30855968979
179,2,9,019,29019,,,rpa,9/2/2016 2:54:59 PM,1242e1de-869d-4257-ab50-68f21642d70f,608428.66658783,3228.49462522414
180,2,6,029,26029,,,rpa,12/9/2016 3:14:10 PM,2cf73a26-d083-4a07-8d9b-872346c19a8a,576359.366252899,3579.08660119209
181,4,4,021,44021,,,rpa,8/29/2016 1:24:05 PM,97b6e633-c95b-46d3-90fd-2c09e99b46c7,682015.668106079,3852.51352037701
182,4,3,048,43048,,,rpa,9/11/2018 8:13:48 AM,babf6400-f32d-4f8d-bfae-bd972f927125,488954.334564209,2806.62986746072
183,4,5,025,45025,,,rpa,9/15/2016 8:14:52 AM,97d695bc-e09a-453d-80b2-18ce078efbac,5439118.15249634,15780.5624975598
184,4,2,094,42094,,,rpa,9/30/2016 1:46:45 PM,b074e693-b424-4333-8172-a675160e4d22,293581.706848145,2355.18852158436
185,2,2,047,22047,,,rpa,10/18/2016 7:13:32 AM,ffd6556a-9994-480a-bf12-f0aaf1175f9b,5518638.14037323,14200.1088049566
186,4,5,075,45075,,,rpa,10/3/2016 8:47:25 AM,5aed9d8b-396e-448a-97a5-fe0034d74ae9,713035.378448486,3513.35626963947
187,4,5,053,45053,,,rpa,10/3/2016 8:47:28 AM,927a3352-6982-48be-8c7f-b16d173e6e9a,650737.250442505,4082.77162862893
188,4,5,074,45074,,,rpa,10/3/2016 8:47:26 AM,d53c70e1-e202-4079-afd4-361e667b2436,669653.919876099,3805.98166952152
189,3,2,005,32005,,,rpa,10/27/2016 10:43:43 AM,655bb45c-698e-434a-b458-7f2de17f1c95,590737.185874939,3114.03189622406
190,7,5,027,75027,,,rpa,7/18/2018 2:28:58 PM,1cbf622f-93d8-492e-8128-ade087c6c424,1404801.14268494,5266.21554707332
191,2,1,059,21059,,,rpa,10/24/2016 12:51:19 PM,ac56ec97-acd8-4118-8315-efb6e588980e,901009.40473938,4325.06101977235
192,2,4,004,24004,,,rpa,10/25/2016 11:44:21 AM,abb6f294-192a-4b07-8879-72efa0f921b6,948466.362449646,4134.96727062816
193,6,6,022,66022,,,rpa,12/8/2016 9:30:56 AM,b79064c3-d0b1-4cca-9ebf-8d375122e6c1,2453213.2036438,8715.8174031456
194,4,8,005,48005,,,rpa,10/27/2016 10:54:52 AM,8c936809-f89e-4778-bfb5-b3b47a97e466,1427731.82061768,6313.93228523543
195,4,7,021,47021,,,rpa,11/18/2016 1:54:25 PM,bee184ce-cd44-4b34-8949-fd01c8e3a518,491085.505935669,3444.49606607854
196,2,2,042,22042,,,rpa,10/31/2016 9:12:52 AM,e2901f03-479c-4973-a1c0-57082fdffde1,2257990.02130127,6862.21784999033
197,1,2,005,12005,,,rpa,12/8/2016 1:33:22 PM,719ddd99-45ae-4817-9ea3-fb2b97cda701,951772.057685852,4026.51754602787
198,7,5,007,75007,,,rpa,7/18/2018 2:28:59 PM,7537be46-bf97-478c-907f-46f8a37010e1,882001.935241699,3832.00106977546
199,8,1,001,81001,,,rpa,11/1/2016 1:08:12 PM,597b166c-cb2d-4c64-adc3-4781774dabc2,122577280.468948,85909.2583635456
200,9,5,038,95038,,,rpa,12/12/2016 8:31:41 AM,fdc81599-bab8-47a4-920f-d849dc29442a,635222.873840332,3214.59960195579
201,9,4,064,94064,,,rpa,12/12/2016 8:31:42 AM,ce6a0f96-e3e0-4545-94e9-8439c74faac2,1082653.42750549,4837.22983270039
202,9,4,130,94130,,,rpa,12/12/2016 8:31:34 AM,105e5ff3-3b26-403a-86d6-f2ab0e83dd9b,788529.916488647,3983.72397684945
203,9,4,079,94079,,,rpa,12/12/2016 8:31:37 AM,2b922e67-251d-4742-8a59-db7187928879,705293.582962036,3660.36641060165
204,4,1,038,41038,,,rpa,1/27/2017 11:20:44 AM,36fe5945-c529-4c0b-9e6c-581797501fbe,453051.408973694,2997.38611641337
205,9,4,061,94061,,,rpa,12/12/2016 8:31:34 AM,a3181100-0a0b-4cfb-ad2f-5bc94e3fc094,1442785.52742004,4980.25852193793
206,9,4,105,94105,,,rpa,12/12/2016 8:31:35 AM,303c6431-bc3e-4b16-bd1c-1b6bb87712b2,453587.120819092,2810.50415237057
207,9,4,138,94138,,,rpa,12/12/2016 8:31:44 AM,2eb2f38f-6fdd-457f-a56e-4364ac8df45c,642285.032913208,3593.08961992694
208,7,4,015,74015,,,rpa,7/18/2018 2:28:57 PM,03d68044-84a3-4285-9059-0a54d9825cc4,1286728.23901367,4595.36072089287
209,9,4,086,94086,,,rpa,12/12/2016 8:31:40 AM,710ecfee-1595-44c7-a24a-2aaa90379d1d,1217647.26947021,4813.11215711228
210,1,8,009,18009,,,rpa,2/21/2017 10:11:30 AM,0515c40e-2f7a-46c3-b953-8b528fd13188,770449.595863342,3788.8042571965
211,1,9,006,19006,,,rpa,2/28/2017 11:11:29 AM,e9537770-ffac-43eb-904e-d8715de5fbe9,16019560.6553574,22878.4787595813
212,1,8,010,18010,,,rpa,2/21/2017 10:11:30 AM,b36bce7c-a23d-491c-997e-faec352f1d58,585583.522384644,3324.09933664964
213,1,8,027,18027,,,rpa,2/21/2017 10:11:29 AM,eb0d2519-3143-45f3-9f81-2aed13d54e6c,473477.980239868,3344.85855991385
214,1,7,013,17013,,,rpa,3/9/2017 7:27:14 AM,ab061082-877a-4ac9-b42c-af54149dc0a6,669605.613777161,3509.08352990992
215,4,3,051,43051,,,rpa,9/11/2018 8:14:13 AM,5555e86c-a4b1-4627-b669-1fbf64a2e63c,423026.649993896,2668.15717076914
216,1,8,012,18012,,,rpa,2/21/2017 10:11:29 AM,5c31d77a-6ba9-49d3-a489-34d18d690585,391908.128326416,2869.31932381032
217,8,7,015,87015,,,rpa,4/11/2017 8:51:00 AM,0e18ba38-c1b2-4fde-a320-5befae0a7cf2,1182081.02038574,6386.87300253972
218,8,7,025,87025,,,rpa,4/11/2017 8:51:00 AM,fd8c2256-89cf-4dbb-a889-ee9e99b8cf82,647142.939254761,3291.95398905074
219,4,3,053,43053,,,rpa,9/11/2018 8:14:35 AM,c23b30f6-05de-4512-a39f-5922ec78b1aa,292508.131393433,2180.22138188565
220,3,3,028,33028,,,rpa,5/2/2017 7:53:50 AM,1990c0bc-0cbd-45c4-8cfe-e0642858ae64,974187.666725159,4780.35395726696
221,2,4,026,24026,rpa,2/24/2016 11:53:11 AM,rpa,5/9/2017 10:58:03 AM,af5c177a-675f-45eb-bac7-db3fbd55d702,944068.782821655,4616.43539337397
222,3,5,065,35065,,,rpa,5/2/2017 7:53:50 AM,4ed62393-ea97-4b7c-9932-c9d95d512faf,937467.937263489,5034.92321505107
223,3,4,017,34017,,,rpa,5/2/2017 7:53:51 AM,aef80eac-becb-4f9b-9b10-d37abf5e75d0,1750865.30779266,5806.22191541349
224,3,4,022,34022,,,rpa,5/2/2017 7:53:52 AM,b199f728-3a59-4624-a5ee-488f3fcca888,47473704.1222534,37862.3201274024
225,4,3,055,43055,,,rpa,9/11/2018 8:14:51 AM,22286486-89bb-4189-bd8d-e8db77f8caea,344070.480667114,2373.28870682907
226,3,5,054,35054,,,rpa,5/2/2017 7:53:52 AM,66d4e94b-975a-447c-b280-6b98f005045d,956182.004112244,5250.97384930554
227,7,5,021,75021,,,rpa,7/13/2017 8:57:51 AM,46724fc3-ceaa-4e6e-83f1-88335c6edf8c,653566.780258179,4222.85262673133
228,1,7,016,17016,,,rpa,5/11/2017 8:44:15 AM,f71cfc57-fc3e-4bb1-bdc9-9acc20a4e8b8,386150.44052124,2831.61413877903
229,9,2,033,92033,,,rpa,4/28/2017 1:47:28 PM,c884f2d0-0636-42b2-af44-9d43ff8f33ef,1082836.0817337,6304.27626545136
230,9,2,047,92047,,,rpa,4/28/2017 1:47:23 PM,ba26bd5c-fd48-40d5-a279-65a6116e6971,1437107.91051483,9632.67016604307
231,9,2,040,92040,,,rpa,4/28/2017 1:47:24 PM,8a4b4bdb-3489-4289-8f6a-b39c53a0d484,329767.77456665,2593.87148778038
232,9,2,042,92042,,,rpa,4/28/2017 1:47:29 PM,67d4cc5a-0d17-4ec9-bd29-74d52b2c0e56,749767.281539917,4423.69265216822
233,7,1,009,71009,,,rpa,7/13/2017 8:57:51 AM,ca24881f-1e6f-44eb-ad1a-09fdd60f7bcf,614329.506027222,3489.9633797779
234,7,1,008,71008,,,rpa,7/13/2017 8:57:53 AM,d41416e0-b39a-4d42-b24c-1f7c0ec7e7f1,674739.632720947,4255.81425054735
235,2,5,020,25020,,,rpa,5/9/2017 10:58:04 AM,1101aaab-aebd-44ae-b415-9ea625dfbbc2,1385830.4983902,9573.72087624704
236,8,4,008,84008,,,rpa,5/10/2017 7:36:18 AM,fa5cc92d-25f8-43fc-bcbf-d741296dc53e,424952.324005127,3680.94877872066
237,9,9,071,99071,,,rpa,5/17/2017 2:34:42 PM,23eefe76-8dd8-4280-8f0b-8232b34bd1d3,2503355.54706573,8722.47872080687
238,1,7,020,17020,,,rpa,5/11/2017 8:44:14 AM,0329c06f-43cb-4da9-a585-8819d79fc839,552291.856193542,4316.34995609505
239,1,7,018,17018,,,rpa,5/11/2017 8:44:14 AM,d19b73ca-62ae-4917-882a-feb46fa70fa8,418071.796989441,3121.82154667273
240,4,6,010,46010,,,rpa,5/11/2017 1:50:33 PM,808bb309-ad8b-4234-8748-abc556db9720,2114191.14199829,8162.44179086686
241,5,6,004,56004,,,rpa,6/13/2017 9:27:13 AM,90a6ccf2-3179-405b-ade3-f046095c668f,2703590.48620605,18312.2676536885
242,2,6,013,26013,,,rpa,1/5/2018 12:41:15 PM,0b68ae58-018e-4695-b82d-60bfdbede963,556609.143432617,3032.85812969787
243,9,1,133,91133,,,rpa,6/14/2017 1:29:46 PM,a76f45b8-e203-4533-ae06-3b36b43f8b88,898571.752624512,4137.10907252306
244,9,1,036,91036,,,rpa,6/14/2017 1:29:46 PM,e4f552cf-c700-456f-97a3-78c7428f386c,869953.585258484,4545.4380300109
245,6,1,010,61010,,,rpa,6/14/2017 3:26:01 PM,af906c46-8981-4fa5-9b5a-23c538230a64,513263.12651062,4522.5017129817
246,7,4,011,74011,,,rpa,7/18/2017 7:51:38 AM,ffdc9835-1825-4b89-87d2-00f2a4c63d27,572245.220779419,3176.93614745212
247,3,5,005,35005,,,rpa,8/25/2017 2:46:39 PM,85e1e399-8daa-4756-bdb1-dcb44e6dc376,1068924.04480743,4529.43214215142
248,9,4,031,94031,,,rpa,8/15/2017 3:07:14 PM,3162d582-17c0-45c3-9054-0c0d8cb2301e,778213.434501648,4187.0318100238
249,9,4,134,94134,,,rpa,8/15/2017 3:07:14 PM,a14120b6-d0a3-47b2-926c-fad31e8fa00c,1486649.91246796,5153.25070242143
250,8,6,006,86006,,,rpa,10/10/2017 2:31:39 PM,b3aa31b5-1f8d-4ee5-a10f-e10741baec7a,4258508.07417297,8440.23754919811
251,8,6,005,86005,,,rpa,10/10/2017 2:31:40 PM,d8a72944-43a9-40cc-9e3e-55d8536159a2,2433012.73883057,6239.65185672234
252,9,4,136,94136,,,rpa,8/15/2017 7:12:23 AM,801ae776-aaa8-40c6-8647-073e053d0369,1121392.81012726,4526.35722262371
253,7,4,003,74003,,,rpa,8/25/2017 8:03:04 AM,46161753-8c64-4663-a9d7-1307c432a70a,741272.402633667,3727.77498178528
254,2,9,007,29007,,,rpa,9/26/2017 12:02:48 PM,02bd649a-b046-4a27-ad17-4a9fe84e0172,454367.41822052,3067.82342167914
255,5,9,027,59027,,,rpa,11/1/2017 8:00:38 AM,a2f741de-5480-43ec-99d9-fa7b1a3c3abc,999373.803985596,5259.14517166567
256,8,6,024,86024,,,rpa,11/29/2017 2:12:17 PM,c8dbb531-74cc-4d3f-9f09-8bd702ee874b,2216187.9143219,7227.15157679747
257,5,9,017,59017,,,rpa,11/1/2017 8:00:41 AM,e3110029-b23a-4488-9dac-822f6e986d9d,4497996.66665649,8704.49585941723
258,2,4,020,24020,,,rpa,11/22/2017 10:23:10 AM,f5a3c6d4-ef90-4246-9993-063a4202e84d,812122.883811951,3896.16502750028
259,9,5,022,95022,,,rpa,9/27/2017 7:43:51 AM,c7738d94-499f-4972-a7b6-74e214b98a98,1378402.88761902,4890.99427040522
260,1,2,009,12009,rpa,2/17/2016 10:21:24 AM,rpa,11/28/2017 2:52:43 PM,05ccce9d-07b2-48d3-ab41-103c530da978,687916.801834106,3322.24841342361
261,4,3,005,43005,,,rpa,12/20/2017 1:24:17 PM,4b079fad-3ffd-4e98-980f-f3c96db147a2,1700869.73381042,6121.23741054331
262,1,1,004,11004,,,rpa,12/21/2017 1:49:08 PM,80cc6f4d-0a44-40bf-af42-855a35d3b1ef,2541166.33444977,6646.41542596653
263,2,7,028,27028,,,rpa,12/15/2017 7:38:13 AM,2df32b28-f657-4b29-b502-88a5ba10d96d,566216.497344971,3475.14580648706
264,9,1,164,91164,rpa,7/16/2014 8:32:58 AM,rpa,12/4/2017 2:36:11 PM,eb1cf46c-4498-45c2-883d-a565c0512266,985314.807556152,4529.71316721771
265,4,3,024,43024,,,rpa,9/11/2018 8:23:43 AM,cebe1651-2fe1-4219-b5d9-be1b285e4fdc,625405.888870239,3143.22890851254
266,9,7,055,97055,,,rpa,2/15/2018 7:43:18 AM,ac1edadf-fd7b-47b8-8c04-9c0e95f10706,796566.795303345,3860.11656155558
267,8,3,001,83001,,,rpa,1/19/2018 8:36:12 AM,395b9bd1-5bd6-4204-ae4f-8462ff4fff49,105747442.791824,59153.253116908
268,9,9,041,99041,,,rpa,3/15/2018 12:33:09 PM,e3b8c470-4773-4dd2-b3be-43ae266e02a6,610929.384552002,3417.66086621085
269,5,9,023,59023,,,rpa,3/16/2018 2:06:31 PM,e034e60c-4cc7-4302-92dd-a891e4a38cfc,2140713.94232178,7419.35164445713
270,9,8,011,98011,,,rpa,2/8/2018 11:17:58 AM,4a259eb4-492f-4230-9107-792f5d6cee98,39548756.7782364,46910.8902645221
271,9,7,012,97012,,,rpa,5/11/2018 12:19:01 PM,e382d66d-3857-4abf-9e4b-d0ed543b438e,994384.58001709,8746.80305825111
272,1,2,002,12002,,,rpa,1/12/2018 10:29:00 AM,12898005-6a0b-488e-9771-8009aea757cd,1028645.51013184,4258.44913427787
273,8,3,002,83002,,,rpa,1/11/2018 10:46:04 AM,be271ee7-f40e-4eaa-9cf7-7bb18ec156a0,4313816.25958252,12737.3801334134
274,1,1,016,11016,,,rpa,4/12/2018 10:22:03 AM,f44400e6-29cb-4464-881f-f5e56e98ea5d,1385855.77661133,4917.05715194799
275,1,1,008,11008,,,rpa,4/12/2018 10:23:02 AM,a57200b1-4cf5-40fd-9d0e-f8b579e0594d,57950248.6544647,55515.0183055462
276,6,2,002,62002,,,rpa,4/16/2018 12:59:09 PM,f2223680-c6ca-4294-b673-24e963b474dc,14078598.1519928,18794.4482001924
277,3,9,075,39075,,,rpa,4/13/2018 1:13:48 PM,4b46a5a8-72d8-4504-84b0-3e308b095ef2,1083968.45172119,4876.90040563117
278,3,9,088,39088,,,rpa,4/13/2018 1:13:49 PM,516b0838-731c-4368-a902-618e4f711a01,973279.705459595,5079.24003827436
279,3,9,070,39070,,,rpa,4/13/2018 1:13:51 PM,ea62e643-86b8-412a-aa3d-1572a36556d0,1094566.8877182,5649.65244203779
280,9,7,013,97013,,,rpa,5/11/2018 12:19:02 PM,e06e11ac-d2c8-4ba7-9e9b-3b5b3c47a665,692734.560134888,6727.06599629601
281,3,9,076,39076,,,rpa,4/13/2018 1:13:49 PM,a12f935b-096e-4a08-a725-70ef37bee2f6,1330859.72415161,6027.15566772682
282,2,1,016,21016,,,rpa,5/9/2018 7:59:01 AM,18a829a2-dcbd-4b41-82b6-fb67dfa84efd,308015.820838928,2563.13326373134
283,2,3,010,23010,,,rpa,5/29/2018 1:57:16 PM,420ecec6-3c8a-4363-8546-ce1e3b02a2ba,651578.74206543,3381.96264699508
284,9,8,048,98048,,,rpa,6/27/2018 12:17:43 PM,f2e27194-570c-488c-ab0a-4c75b2e0cfd8,779420.096557617,4385.90950710388
285,4,3,031,43031,,,rpa,9/11/2018 8:24:19 AM,89ce10e6-b444-4af6-8aef-276e89dafc62,578768.108322144,3147.37613539889
286,3,7,004,37004,,,rpa,5/29/2018 9:24:48 AM,5645d8e0-eb0b-46ef-ab57-06eb86da0972,31782358.2147141,35533.3539821387
287,4,3,022,43022,,,rpa,9/11/2018 8:24:50 AM,8a077a8f-6933-4676-bebb-1ba03192bdb2,1149458.51817322,7733.78965623558
288,3,8,013,38013,,,rpa,5/29/2018 9:24:50 AM,ffcc93f9-d121-46d8-bfd0-8b7a253577c6,8834915.34978485,14868.7957729452
289,2,3,019,23019,,,rpa,9/20/2018 8:20:19 AM,82cdb7fb-1288-4cff-a852-06e4eef7868b,786950.124069214,3604.71941179907
290,2,1,039,21039,,,rpa,6/4/2018 10:34:20 AM,22e00ad7-2b0e-4218-ae27-b019e82c8b44,716779.373649597,3440.05490402081
291,3,9,009,39009,,,rpa,5/10/2018 7:32:40 AM,022dbe39-3b55-46b6-b778-561201c1b107,58140489.0937805,84053.5508717741
292,9,4,013,94013,,,rpa,7/20/2018 11:52:18 AM,372b9c1d-86bd-451f-8cf4-b72129bd89c3,720107.779624939,5016.55372460039
293,2,3,022,23022,,,rpa,9/20/2018 8:20:19 AM,219f6760-2690-49e2-ac7c-4bcaa2aff33f,656776.791061401,3693.06051803127
294,7,4,019,74019,,,rpa,7/18/2018 2:28:58 PM,30ff57bc-3d51-45fc-8573-0d3cc9c57f6b,821148.378143311,3836.05752967815
295,9,5,018,95018,,,rpa,8/2/2018 11:28:19 AM,bb430e5a-d62d-402c-8ec6-f0d434a00fc0,1221175.86886597,5530.0036976297
296,9,7,076,97076,,,rpa,7/20/2018 2:03:05 PM,f716782d-bab6-4d7f-ba06-f9c17968b7c9,815155.444030762,5649.72123016302
297,1,7,023,17023,,,rpa,9/14/2018 2:54:40 PM,bdcc7894-a952-42b5-8cca-3df928d50434,1383764.46821594,4949.67971740106
298,5,6,007,56007,,,rpa,9/20/2018 8:46:46 AM,cf47db9e-9467-45db-b206-0f36f79e6573,21302322.1219788,38241.8830508638
299,6,3,001,63001,,,rpa,9/20/2018 8:46:46 AM,854f6c83-70ff-4a34-88f6-c809e31dfe56,816428808.540482,183578.048180211
300,1,7,026,17026,,,rpa,9/14/2018 2:53:47 PM,094c91a3-49bb-4a8d-bc34-9b4208ae0df4,2071741.83876801,5621.76682124851
301,2,6,021,26021,,,rpa,9/28/2018 10:12:43 AM,5300b185-48b4-473d-a795-7941837b8adf,1016566.59106064,4410.65889245244
302,2,6,019,26019,,,rpa,9/28/2018 10:12:43 AM,86133685-8202-4dff-8369-cf17d59d91d2,465118.107795715,2715.61149861716
303,4,3,039,43039,,,rpa,9/11/2018 8:12:30 AM,eb8d9328-9e11-4e86-bcdb-6aa69233ce0b,263143.410827637,2170.20691937961
304,4,3,040,43040,,,rpa,9/11/2018 8:12:44 AM,8284a364-c9ba-4773-85a8-ac5215040d05,355998.2215271,2393.92249596914
305,3,2,025,32025,,,rpa,9/21/2018 10:38:00 AM,3bad3d52-9477-4437-bfa0-2e447aaa855c,586595.871089935,3104.03191859595
306,3,2,028,32028,,,rpa,9/21/2018 10:37:59 AM,7770ce0e-2be5-4d8c-b1a0-34b0c5e00ff7,581890.346229553,3094.82475341336
307,1,1,070,11070,,,rpa,9/21/2018 9:52:43 AM,0cfe60fb-f68f-4134-9c30-e68ceb9e424f,1573499.97453308,5497.58057923619
308,2,1,018,21018,,,rpa,9/7/2018 1:17:25 PM,9e7516c5-2d05-430d-9a91-04838100cf8f,1286430.16584015,4855.41287516961
309,2,1,022,21022,,,rpa,9/7/2018 1:17:24 PM,4d4cb23b-2c24-4e41-a2dd-b3b2ec07ff3d,208620.854866028,1903.51598653451
310,5,9,011,59011,,,rpa,10/4/2018 9:57:26 AM,50dc62bf-0911-4611-b769-23173e13e418,1253085.32546997,5809.2392877616
311,1,3,030,13030,,,rpa,10/10/2018 8:14:59 AM,25a54d9c-8b7c-43f0-87d4-cc6e8ed96cb3,335859.80758667,3025.67936618019
312,4,1,001,41001,,,rpa,10/25/2018 10:39:03 AM,20f5a667-7135-4e40-948f-330068a5e940,285774.801513672,2796.56755847308
313,4,2,002,42002,,,rpa,10/25/2018 8:50:59 AM,940ba5e1-270f-4acc-b369-f4e54cfa9b00,21736219.9841537,54569.3333667806
314,4,2,068,42068,,,rpa,10/25/2018 10:57:38 AM,20f3e3d4-01f9-42d7-b6ee-70a650f405e0,267118.922325134,3176.72445964409
315,4,2,071,42071,,,rpa,10/25/2018 10:57:37 AM,4b1df3fb-a17a-4f78-a642-90f687717fff,589223.588317871,3412.45859365899
316,4,2,018,42018,,,rpa,10/25/2018 8:50:58 AM,4c8bb338-2706-4bbd-83ec-ffa524b1cffc,1322386.4256134,5293.44430894923
317,1,5,029,15029,,,rpa,10/23/2018 9:22:03 AM,4010a353-5b9e-4def-b7de-9373051f60c1,683657.542358398,3294.2539709767
318,9,1,110,91110,,,rpa,10/25/2018 9:45:22 AM,a509000f-0a9b-482e-bb63-7ef8971cc199,1110429.72014618,4883.46211353729
319,4,5,035,45035,,,rpa,10/25/2018 10:57:38 AM,be8d59ed-cb77-4da5-b591-de19a10fae10,26380574.8418961,44402.3042084381
320,9,4,029,94029,,,rpa,10/17/2018 2:04:13 PM,eeefc1e8-5c0b-4dc0-89ab-c12262e706db,1429416.97670746,6814.70934566754
321,9,7,081,97081,,,rpa,10/23/2018 2:21:55 PM,ba300860-800d-46b0-b13d-87a85f2d8918,699127.840042114,4106.98355381753
322,3,2,033,32033,,,rpa,10/2/2018 9:19:10 AM,0e3d8422-ab3e-417a-8f79-a63076d08137,478683.863449097,2999.28061463001
323,4,3,074,43074,,,rpa,10/25/2018 8:46:14 AM,96064eac-3b24-4954-a47a-99ed9edf2d42,821338.701904297,3891.31934114257
324,9,7,046,97046,,,rpa,10/29/2018 11:12:29 AM,4f7366ed-af75-4afe-9e62-b1a1813c054e,599368.987136841,3900.91278565543
325,9,9,029,99029,,,rpa,10/15/2018 3:16:08 PM,f78b6865-4656-4dab-b841-d458642a3157,623096.827888489,3548.21510522744
326,3,2,037,32037,,,rpa,10/2/2018 9:19:24 AM,060a3a52-bc8b-4a18-9127-eb4d90cd5b80,519490.864425659,2918.65556229564
327,3,2,021,32021,,,rpa,10/2/2018 9:25:16 AM,ff6a327f-b01c-4747-9b5b-d32459401bbb,584125.911567688,3097.65717932174
328,3,2,024,32024,,,rpa,10/2/2018 9:28:00 AM,061645fb-c077-49c7-be9a-1ec50925755c,584119.762908936,3097.30273667015
329,3,2,055,32055,,,rpa,10/2/2018 9:19:49 AM,0145abd1-def5-4d29-99d3-4e2f54bfcbfe,346300.674236298,2375.76135035303
330,3,2,035,32035,,,rpa,10/2/2018 9:19:14 AM,417b106b-50ce-40f0-9b8f-c094a0df8e02,409676.013458252,3430.33976632694
331,3,2,036,32036,,,rpa,10/2/2018 9:19:16 AM,d20f8cf2-ea8c-4167-b41f-6a5d7b373502,357066.675941467,2655.70126976578
332,9,9,019,99019,,,rpa,10/31/2018 1:00:27 PM,7b053320-021d-4d3b-a332-104e2a906835,720166.474060059,4958.37828925789
333,1,6,004,16004,,,rpa,11/15/2018 1:46:59 PM,95b68156-e4b8-4d32-a489-d60d5cf96ff7,552329.866165161,3456.88251376303
334,8,7,021,87021,,,rpa,10/10/2018 12:17:55 PM,a2eb88b3-86fa-4917-9a25-0f9b3b863344,11159165.2063293,13717.3950439586
335,8,7,004,87004,,,rpa,10/10/2018 12:17:53 PM,0c28e84d-41c2-4e2c-9336-10ec245066ce,2510507.65966797,6591.90048293822
336,8,7,041,87041,,,rpa,10/10/2018 12:17:53 PM,e6d1f190-097c-4228-9e27-09cd1f914fca,807906.251327515,3964.66668606583
337,8,7,047,87047,,,rpa,10/10/2018 12:17:53 PM,64b0c837-acfe-4f04-82f3-bc748659bdd5,474013.083862305,3868.440760661
338,8,5,028,85028,,,rpa,10/17/2018 8:20:43 AM,cdbdf7b8-59c0-4813-bd6c-5305a4569860,1932317.24650574,5957.35019978683
339,9,9,050,99050,,,rpa,11/9/2018 9:55:06 AM,e73eb685-272f-40c3-beea-540d1aa96786,972168.699371338,6401.77685582525
340,9,9,002,99002,,,rpa,11/9/2018 9:55:06 AM,378e38e9-0f15-419a-9833-92d85ed40b75,11931748.0588455,24530.6664128714
341,4,7,015,47015,,,rpa,11/9/2018 1:31:57 PM,42f4711d-7c5e-4852-91ae-bc31ac93f249,2992804.04107666,15730.4060811841
342,4,7,006,47006,,,rpa,11/9/2018 1:31:57 PM,7d8d9f45-5ef3-4cf2-95cd-0e8683b8a63e,11294024.5609894,23392.9651328527
343,9,9,047,99047,,,rpa,11/14/2018 4:09:34 PM,5284184d-8747-42a0-91c8-1ddbd5116218,837884.49319458,3642.88009952537
344,6,1,011,61011,,,rpa,11/9/2018 11:14:44 AM,e4d23ff1-bd67-4b15-9211-7d303c902515,770661.829528809,3699.99965427122
345,9,8,008,98008,,,rpa,11/16/2018 9:41:52 AM,376804cb-ba08-424b-a16d-a3d90c4276df,2938536.11766052,9116.72271135141
346,8,5,003,85003,,,rpa,11/15/2018 3:04:05 PM,60bc6112-8a6f-48b4-8a0b-9cebe91a52d7,18852165.8705902,25145.0187373565
347,5,4,011,54011,,,rpa,11/9/2018 1:46:39 PM,5efd4dfc-bd31-4ae0-aa94-bf83c53d9565,420720.169647217,3392.38790061815
348,3,5,003,35003,,,rpa,11/9/2018 12:39:18 PM,62b345e0-4fcd-46dd-880b-243c8ea3745c,713182.946155548,3582.31527301153
349,3,1,019,31019,,,rpa,1/7/2019 3:07:24 PM,fb22588b-dc0a-4eb5-a3a4-2056ef7278d1,661484.434127808,3320.44404444259
350,1,1,051,11051,,,rpa,11/9/2018 8:55:52 AM,e3b44fb7-456d-4431-9478-d24ebead0f13,414599.258544922,3187.60168901261
351,3,9,025,39025,,,rpa,11/9/2018 12:47:52 PM,11c171a8-114f-4bd4-9235-772ddbd27050,1168250.34629822,4680.34191567793
352,4,7,013,47013,,,rpa,11/9/2018 1:31:58 PM,33572ec6-13c0-44a0-9e60-8ae26a3f052f,2493859.39027405,7263.84262410136
353,4,8,012,48012,,,rpa,11/9/2018 1:31:59 PM,2b26a4a7-4c06-465e-a6a8-9963250be3f0,16480459.3751373,37321.1729633753
354,6,1,005,61005,,,rpa,11/9/2018 11:19:31 AM,13d5f359-fd91-4c72-acb5-17220babda5c,83530408.1110535,64904.503260102
355,3,1,028,31028,,,rpa,11/15/2018 1:48:56 PM,80be900b-edf5-4b02-a13f-b4efc4d0368a,286583.363723755,2509.74716939312
356,1,2,004,12004,,,rpa,11/9/2018 9:20:25 AM,54b43329-fc13-4f45-9d29-0a16307a494c,628414.004936218,3481.5422945185
357,9,8,007,98007,,,rpa,11/16/2018 9:35:55 AM,5bcfe401-2880-484e-9f22-b9197cd87a89,1244215.16047668,5745.43628119313
358,1,4,015,14015,,,rpa,11/15/2018 1:36:15 PM,10a3c7d4-bb0c-4623-8281-03f72ad602e3,7685287.51813507,14794.8022095975
359,2,4,009,24009,,,rpa,11/15/2018 1:50:41 PM,9696b0b2-25d9-46fb-b68e-c7ba9d4c5a50,482051.711891174,3449.7416579506
360,9,1,077,91077,,,rpa,11/16/2018 8:26:29 AM,8e029f7a-3d2e-4ddb-a470-93f7d3dd8663,636640.357917786,8214.87655675128
361,1,1,012,11012,,,rpa,11/16/2018 10:04:00 AM,3a777e67-7a6f-4cbf-a80c-12a874d8341e,62718966.0169983,59944.8932185034
362,9,9,010,99010,,,rpa,11/16/2018 10:00:22 AM,a308b0ef-e3cb-409a-b2b9-4b8268e5944f,67786270.8236237,63855.9565621639
363,5,3,012,53012,,,rpa,11/15/2018 1:46:33 PM,e73c2a51-2d2d-43e9-aa7e-fa15a6f28493,11341837.331665,22726.6982354994
364,8,5,009,85009,,,rpa,11/15/2018 2:49:20 PM,97aa09a6-3714-41a0-a451-535cf323eb52,431386.021331787,3405.61305387716
365,8,5,008,85008,,,rpa,11/15/2018 2:49:21 PM,6b90b1cf-774d-4b07-91cb-2c4e89a53393,644375.023544312,3835.39220669647
366,6,7,007,67007,,,rpa,11/15/2018 3:30:06 PM,9915df38-b52c-48e9-b6a5-281c1e74c4e2,918420.550415039,5743.35350855012
367,6,7,003,67003,,,rpa,11/15/2018 3:35:25 PM,708342f8-5796-44af-8619-ccc6d6b6db54,147493333.774033,70141.3560402606
368,1,6,007,16007,rpa,3/10/2017 6:48:51 AM,rpa,11/15/2018 1:47:01 PM,98dd6381-7474-4424-8af8-20ddd8a6bc4f,893602.066619873,4314.51027589475
369,1,4,007,14007,,,rpa,11/15/2018 1:35:59 PM,853cabb3-021c-47de-91e2-7fde3fb4442d,2814804.30992889,7995.42898403773
370,2,4,032,24032,,,rpa,11/15/2018 1:50:52 PM,c376c04e-8ca2-41b6-9e78-fa4864e2417d,980447.019813538,4648.68444084814
371,6,8,006,68006,,,rpa,11/15/2018 3:35:26 PM,b6e9fbff-1487-48c5-8346-d8309ca685a0,15268963.2631226,22588.3507453908
372,6,8,001,68001,,,rpa,11/15/2018 3:35:26 PM,fb8c9edd-9eb6-43c2-9a70-175d3a2a69a2,117912743.883301,70766.3054956781
373,6,7,001,67001,,,rpa,11/15/2018 3:38:53 PM,6a4ff830-b08c-44dd-8472-0b3f1436fcd7,24673832.5860596,30881.3488652151
374,4,7,007,47007,,,rpa,11/15/2018 1:51:45 PM,3ec1af9e-2dd6-4abd-a896-993b4335ea3d,18127130.4659729,36628.838703261
375,8,5,002,85002,rpa,11/15/2018 3:52:59 PM,rpa,11/15/2018 3:52:59 PM,0963fcac-caf4-4109-80ba-72fc511d2128,11906699.562027,27575.6941217669
376,8,9,003,89003,,,rpa,11/15/2018 4:05:34 PM,dcc18db4-c627-43c7-afbd-6787a091da11,628751.788490295,5663.93962714317
377,8,5,001,85001,rpa,11/9/2017 1:15:19 PM,rpa,11/15/2018 2:54:47 PM,b3bf985d-c7ea-4d6f-8a0c-e3a09c485cf9,7467397.76498413,32067.0422413547
378,9,6,005,96005,,,rpa,11/7/2018 11:15:06 AM,bebadc73-3e61-483e-811d-2ca0a7b05980,120575002.419144,54206.1333166225
379,9,6,003,96003,,,rpa,11/7/2018 11:15:02 AM,00edaf2d-39d0-4ad5-8535-3d787a528862,8797131.60292053,18033.5720993377
380,3,5,023,35023,,,rpa,11/16/2018 10:44:28 AM,b7ebfdd8-2b58-44e3-b718-5dfb8a224843,7571716.88032913,20090.1400511548
381,1,5,032,15032,,,rpa,11/15/2018 1:41:07 PM,ba25f0fd-8cfa-4384-b455-e6345dc2bdb5,2287475.37929535,7999.10429180987
382,3,2,039,32039,,,rpa,11/16/2018 10:28:37 AM,2f2a10b7-01e4-413f-a51d-55794c6dff04,454007.845985413,2704.07611843738
383,1,2,018,12018,,,rpa,11/15/2018 1:41:15 PM,e6241ac5-cb61-48db-8028-742bbb73bfb5,554464.075645447,3402.2840660464
384,8,6,027,86027,,,rpa,11/15/2018 3:07:49 PM,3836581f-341b-4e71-96e4-0cbbae34fd76,875706.583099365,5670.15036810229
385,8,6,001,86001,,,rpa,11/15/2018 3:07:39 PM,6f856d5b-8926-432e-88a7-f90d8d09c2c7,16175157.6718903,36915.209085503
386,5,9,002,59002,,,rpa,11/15/2018 3:19:40 PM,4826797a-3b48-4754-ba8d-8197cf01ef51,523813.209503174,4594.11169582624
387,4,4,012,44012,,,rpa,11/15/2018 1:42:30 PM,00c5f605-a936-4859-8d89-e27914ab1efb,11965472.8135834,17680.1084850557
388,1,6,025,16025,,,rpa,11/14/2018 7:44:03 AM,c8d4dbbe-e670-4d10-9c21-7228b30c2f62,425857.70980835,2643.65641154746
389,1,6,013,16013,,,rpa,11/14/2018 7:44:04 AM,ee12bd68-bbc7-4ab3-a2d2-bef57d79347a,576735.372123718,4151.81562726198
390,2,1,033,21033,,,rpa,11/16/2018 10:18:51 AM,d94d491b-84f8-4730-a9fa-61516a77496e,1144021.13458252,4420.56432481468
391,1,5,004,15004,,,rpa,11/16/2018 10:09:21 AM,cbec5f2d-651f-4991-abe6-5b94fab6c48c,423994.441833496,2657.01415743375
392,1,7,015,17015,,,rpa,11/16/2018 10:17:34 AM,6a10f636-ee57-46af-9a63-499ae8183741,512987.341720581,3149.22381146753
393,4,6,031,46031,,,rpa,11/16/2018 1:46:15 PM,38957449-f515-4374-85ef-4ffaa81b9b0f,2864910.10899353,7477.15180312525
394,9,8,049,98049,,,rpa,11/16/2018 11:37:46 AM,d4438af8-62af-4d85-8e06-650dedce5243,621975.122177124,3644.72863238026
395,4,1,010,41010,,,rpa,11/16/2018 11:26:53 AM,feb98b42-2b90-42f7-a866-ed415a068ec2,38036077.3010635,39317.1990334717
396,3,9,010,39010,,,rpa,11/16/2018 11:14:36 AM,3feb2eae-d41d-4847-9f7f-b1530405eaa2,48315035.699028,91033.6851282077
397,2,3,014,23014,,,rpa,11/21/2018 10:16:03 AM,5f0090db-bdad-4045-8d57-547653129b3c,496099.241645813,2948.61753826891
398,4,6,014,46014,rpa,11/16/2018 1:48:53 PM,rpa,11/16/2018 2:18:49 PM,29eea451-91ea-4164-8a19-aac3dd56235c,12456415.1151733,27784.877562276
399,4,6,036,46036,,,rpa,11/16/2018 2:14:06 PM,f47b031a-3ea8-4c60-87ac-dca884e4c509,1091308.97764587,5349.18656107776
400,4,1,003,41003,,,rpa,11/16/2018 11:37:35 AM,ad7b228d-5a18-496a-955d-11ac0824626b,1970002.17876434,13469.8370390834
401,3,2,059,32059,,,rpa,1/16/2019 4:23:27 PM,d62c7c21-3479-4df5-9dbc-283a409270e8,1057539.55554199,4315.92792849978
402,9,1,014,91014,,,rpa,1/18/2019 3:10:10 PM,f734e407-dd86-4c7a-8297-088bd83c9e50,54473950.5793762,46776.6800936431
403,9,1,134,91134,rpa,2/27/2017 8:43:25 AM,rpa,12/20/2018 10:43:54 AM,2ea17400-ca3e-4956-9f94-4c42e26a1cce,22178880.2165985,47257.5068319697
404,2,9,059,29059,,,rpa,1/4/2019 3:13:29 PM,b2a791f5-b77e-4421-a302-37d9463920e4,944972.159660339,4534.99263982803
405,5,1,011,51011,,,rpa,11/16/2018 2:38:19 PM,e447ad22-6a40-44eb-a31b-93226d99a0b1,923403.37437439,4872.63967993947
406,4,1,035,41035,,,rpa,11/16/2018 11:24:01 AM,e9cf2dc0-b7cc-4369-92c0-fb74c8163208,5688546.85997009,15575.4723638386
407,8,9,002,89002,,,rpa,11/16/2018 4:14:50 PM,17aa2d95-46c9-44f6-a690-dc0a5e24aba7,2602195.09949493,6709.51947913188
408,3,9,108,39108,rpa,11/16/2018 3:47:18 PM,rpa,11/16/2018 3:50:25 PM,de955d03-c871-4bc9-90a5-f3e91981a262,754898.364356995,4192.44874762056
409,3,5,024,35024,,,rpa,11/16/2018 3:51:45 PM,48908718-b330-4523-be28-25f3395f286a,87065810.2334442,98405.9938505761
410,8,9,017,89017,,,rpa,11/16/2018 4:12:46 PM,937f9908-6568-4354-bbe2-0c2a5a83a022,556803.055610657,4023.10714755811
411,5,6,006,56006,,,rpa,11/16/2018 2:45:05 PM,693fbaa8-70f2-4487-9c4a-2a5e21ff8d82,69771342.5024719,67330.796192152
412,4,4,020,44020,,,rpa,11/16/2018 12:41:40 PM,e8c8caf2-5000-4d93-98df-16dd4db4b148,714769.916748047,4511.26927473596
413,9,3,002,93002,,,rpa,11/16/2018 4:04:52 PM,c92d3fa4-5f95-47c8-aef5-34c5d704a7c0,74373016.0280304,65313.0683627993
414,1,4,020,14020,,,rpa,11/16/2018 4:09:08 PM,24063252-1e3c-435d-b4f9-e8d82891741e,2163601.48960876,9205.15970272505
415,1,1,013,11013,,,rpa,11/16/2018 4:09:55 PM,d41179cb-cc6a-4df0-8d5d-4efcf86a12f6,127249222.230339,50056.848563129
416,9,7,021,97021,,,rpa,12/6/2018 10:39:32 AM,979a65f5-5e3f-406c-bbf3-25c055086426,796019.408927917,3654.02137711129
417,3,6,011,36011,,,rpa,11/16/2018 3:40:49 PM,ff05a34f-9157-475f-96bb-a1afdca67986,912635.032196045,3885.54014115555
418,3,6,023,36023,,,rpa,11/16/2018 3:40:48 PM,226740ee-59ea-4210-9941-a9a411228487,1123859.20616913,5797.96795146291
419,2,2,012,22012,,,rpa,11/16/2018 3:54:55 PM,d602195a-2305-4838-8a10-5bfcbb85e241,899028.487831116,3819.79634816496
420,2,5,018,25018,,,rpa,11/16/2018 3:17:15 PM,fad47e39-a1e0-46a5-9e28-ec546c64230f,1200105.49127197,5972.45344647836
421,1,3,022,13022,,,rpa,11/16/2018 4:00:27 PM,8a879f06-28d8-45b7-921d-3fd82642b06a,4461733.33040619,13890.2017264992
422,2,9,052,29052,,,rpa,1/4/2019 3:13:31 PM,bbbb9fa9-f36e-47ba-9149-fad607276898,1066501.28827667,4781.49366434835
423,3,9,008,39008,,,rpa,11/16/2018 3:47:18 PM,7702722e-fe4c-46f8-8e01-aad9ea71cea2,42446171.4190826,99389.6868324793
424,4,2,102,42102,,,rpa,11/16/2018 11:41:38 AM,8fe32838-7b0b-41e1-9565-a56c53dc31cb,978822.974479675,6721.9037008803
425,4,1,037,41037,,,rpa,11/16/2018 11:38:22 AM,8e63b38c-2e5c-4a7e-8dfb-4baf5237c625,773557.521850586,4602.92550521625
426,4,5,023,45023,,,rpa,11/16/2018 1:44:33 PM,13d6eaf1-00e8-4ac4-8616-f6854a51b18a,14361202.6615143,19443.6960207539
427,4,6,037,46037,,,rpa,11/16/2018 1:44:32 PM,7aff2625-0587-4c42-8e57-c7dbda493c59,821141.103515625,4292.12325042367
428,3,6,003,36003,,,rpa,11/16/2018 10:54:39 AM,0721ead3-d5e8-4814-b675-713545c15018,901094.837806702,5257.55688922487
429,3,2,048,32048,,,rpa,1/9/2019 9:51:04 AM,2ace54b1-c7ef-4b78-a12b-864349c4a567,681215.016944885,3394.81475642864
430,4,7,010,47010,,,rpa,1/17/2019 11:57:38 AM,1d435ca4-4009-47ad-a8c4-64ab32bf0ac2,750210.71257019,4864.38094942375
431,9,1,128,91128,,,rpa,11/29/2018 12:15:27 PM,ddac79ae-70d0-45c1-a98e-84adc2c39be8,945007.443206787,5278.37853410433
432,9,1,157,91157,,,rpa,11/29/2018 12:15:29 PM,b1393917-b361-476c-b39d-d7b5fc1b49b1,621581.212722778,7937.48116956243
433,9,1,137,91137,,,rpa,11/29/2018 12:15:32 PM,98758f3b-53c2-4e57-98b6-5af8d112dae8,439353.042297363,3025.02985358068
434,9,7,033,97033,,,rpa,11/29/2018 11:09:50 AM,3a984147-fe1d-49d4-810b-58ae1e739799,1157153.63731384,4452.15908073037
435,9,1,162,91162,,,rpa,11/29/2018 12:15:33 PM,dd967b60-dffd-4b64-955f-f52ea2b1412b,762275.960670471,3667.04125651855
436,9,7,030,97030,,,rpa,11/29/2018 11:09:50 AM,f998e157-b58b-445e-88cf-05db7239e1f6,1050105.75881195,4789.40269960621
437,9,2,026,92026,,,rpa,12/21/2018 7:29:37 AM,2ef6d9b7-fe73-4373-950e-6f27a8103329,1107046.03633881,4459.67370310081
438,9,1,165,91165,rpa,3/29/2016 8:08:16 AM,rpa,11/29/2018 12:15:33 PM,b2c45a15-2999-4204-b2ef-9a8532e441bd,520320.266929626,7497.6475732939
439,9,1,166,91166,rpa,3/29/2016 8:08:16 AM,rpa,11/29/2018 12:15:34 PM,a1497e24-49f5-49f2-a25e-23e50a58383b,846200.726524353,7927.75499917327
440,2,9,025,29025,,,rpa,12/18/2018 3:11:23 PM,30f6c668-ec0f-4876-876f-4560ca442ec7,1785756.74688721,8432.9374256146
441,1,1,063,11063,,,rpa,11/19/2018 12:06:21 PM,94d1b8c1-3211-4c9e-ab96-b8bac030f482,16265797.9193726,30695.7444963279
442,9,7,069,97069,,,rpa,11/16/2018 1:33:15 PM,2df31858-00b2-4f1e-8332-3069a24724cd,675801.776062012,4269.73283209117
443,1,1,021,11021,,,rpa,11/19/2018 12:06:21 PM,7ffb3468-9e4b-401b-8027-619809f2ae85,997221.593307495,4879.6507221173
444,9,1,057,91057,,,rpa,11/30/2018 11:49:17 AM,d5fe4492-359c-4d13-bed5-36ee6c496f17,11880351.3785477,25012.2960627571
445,4,7,029,47029,,,rpa,11/26/2018 3:10:40 PM,09dded3a-b308-4ace-9b32-652b58bf2cf0,2817307.49346924,9130.39694359773
446,9,2,003,92003,,,rpa,12/21/2018 7:29:40 AM,28bdec9b-e328-4846-af2e-d2d4a3ddea79,27341755.9017563,35249.3210837477
447,1,1,003,11003,rpa,4/15/2015 12:31:27 PM,rpa,11/19/2018 8:23:58 AM,5a4e9e0e-d3e6-4806-b15d-c630257fd638,192944703.958481,133451.336023388
448,9,1,146,91146,,,rpa,1/2/2019 11:00:46 AM,f4f69633-8f58-452e-b658-10713c5fb4fa,966329.236610413,4585.2987810773
449,3,2,010,32010,,,rpa,12/3/2018 10:02:31 AM,c0bfd6e4-0984-480b-8038-fa3bf16fe695,608214.689491272,3203.07228763263
450,3,7,003,37003,,,rpa,11/20/2018 8:21:40 AM,7c3ec1ef-9656-4ab5-9f4c-5a77f794d436,28790453.1556015,45316.5794000204
451,9,1,143,91143,,,rpa,11/29/2018 12:15:30 PM,d146a734-eaea-4e34-b6ca-b194329be667,525483.919540405,3090.79486029296
452,9,1,142,91142,,,rpa,11/29/2018 12:15:31 PM,c67fa7bd-086e-4ae1-90f6-f3fe76e613e8,972019.041923523,4868.40999819809
453,2,8,017,28017,,,rpa,1/4/2019 8:48:28 AM,cb0a5187-61ec-434d-a4b6-74a1c5e6f790,642101.321296692,3349.49163152753
454,9,5,072,95072,,,rpa,1/2/2019 1:05:07 PM,d6718b45-f195-41fb-8b28-6cede59e176f,766335.296585083,11303.9256009769
455,3,1,042,31042,,,rpa,1/7/2019 8:20:54 AM,84793ef5-e28c-4965-adcb-144edc5ae801,27804211.6068001,29216.3084678972
456,9,1,171,91171,rpa,9/26/2017 12:59:32 PM,rpa,12/18/2018 1:15:15 PM,799cc0df-369e-437e-906f-ad64ee4f1929,1235227.08529663,7205.7751083087
457,2,9,004,29004,,,rpa,12/18/2018 3:11:23 PM,e7d24120-e753-4a23-bdf4-c5cb7a9feb29,2931408.19333649,9327.45026721188
458,3,1,025,31025,,,rpa,1/14/2019 8:32:58 AM,bcc187fa-f12e-4bae-8336-cd1fa2f5a44c,408807.955276489,2610.34408648629
459,9,1,176,91176,rpa,10/1/2018 2:39:54 PM,rpa,12/28/2018 9:24:39 AM,6f07d187-6f4f-41e6-8116-1003ef767ce5,500505.409095764,2975.12256312122
460,9,1,175,91175,rpa,11/30/2018 11:49:17 AM,rpa,12/17/2018 8:37:21 AM,f15d7fb7-7f08-47e4-984f-c3758969d493,5964644.42547607,14350.1380000755
461,3,9,008,39008,,,rpa,11/16/2018 3:47:18 PM,678adebc-bf81-48a1-bdd3-8431686f01a1,42446171.4190826,99389.6868324793
462,1,1,003,11003,rpa,4/15/2015 12:31:27 PM,rpa,11/19/2018 8:23:58 AM,db62a7b1-8eb8-4c74-950f-ebbb48065af6,192944703.958481,133451.336023388
463,9,1,013,91013,rpa,9/26/2016 9:38:02 AM,rpa,12/18/2018 1:15:16 PM,d2d73369-bb4f-4e2b-acf6-73f0414cc5fd,162604158.25959,62130.6697269978
464,2,3,001,23001,,,rpa,1/8/2019 4:12:08 PM,41e5c2c3-10ce-44ea-960b-d5668308996f,508515.171165466,3715.29636252019
465,1,3,023,13023,,,rpa,12/21/2018 8:03:35 AM,437d4590-6772-4e2f-b755-89176d9e9b72,535137.038711548,3215.04037091937
466,1,6,020,16020,,,rpa,1/15/2019 8:23:31 AM,e7f5dec6-5e56-42a6-8f66-02d9b8b0a33e,327656.409812927,3474.77760879815
467,9,4,169,94169,,,rpa,1/9/2019 8:01:30 AM,cc7a5a01-f8f3-4e5b-bbd6-7666045798c4,870448.873855591,4798.24621394068
468,5,3,006,53006,,,rpa,2/19/2016 12:13:46 PM,d95f1499-482c-4f5f-8913-0712adf69af2,3402846.50492859,8178.93159272916
469,3,5,041,35041,,,rpa,2/19/2016 12:13:46 PM,eec0f958-3d95-47b6-932a-432e3a44ca4f,634428.497119904,3479.58637854702
470,5,3,008,53008,,,rpa,2/19/2016 12:13:46 PM,7aab9b19-61be-4fab-a4dc-a6e8a0ab5a10,505343.458755493,5071.20753911128
471,3,4,009,34009,,,rpa,2/19/2016 12:13:46 PM,6ff5144e-48ea-4c2f-aa74-0a272c20d758,729113.887039185,4230.10615677046
472,4,5,100,45100,,,rpa,2/19/2016 12:13:46 PM,28f408c9-3533-4dab-b091-2dfd68ca0076,692798.570632935,5465.14394413454
473,4,5,093,45093,,,rpa,2/19/2016 12:13:46 PM,f7d21ed5-c49b-486f-8d85-e4764047a155,362648.366729736,3133.57306643542
474,5,4,014,54014,,,rpa,2/19/2016 12:13:46 PM,81de175b-b3d2-41a7-af2c-a55ce0a0b6db,691120.642089844,3969.39642851213
475,3,6,022,36022,,,rpa,2/19/2016 12:13:46 PM,27ddbc50-71c4-4386-8b22-31d41523bc24,711713.013015747,3723.83356554354
476,2,7,009,27009,,,rpa,2/19/2016 12:13:46 PM,dc7c6823-ed2f-4566-9144-d83827a5f280,528872.417350769,2952.49076023673
477,1,8,008,18008,,,rpa,2/19/2016 12:13:46 PM,d49601f6-c5ea-4c43-8149-f97863a1d764,770921.89679718,4387.99658462692
478,7,5,006,75006,,,rpa,2/19/2016 12:13:47 PM,5cf4f49b-4a5d-4855-8b7c-cfb049287728,542011.188766479,3819.32339680659
479,7,4,007,74007,,,rpa,2/19/2016 12:13:47 PM,016c9415-c9b4-46cf-a200-1279aecb1a8a,735916.508026123,3607.20797222118
480,1,7,005,17005,,,rpa,2/19/2016 12:13:46 PM,1e7b81c7-da06-4e96-99c1-cad0fc88b37c,607264.545333862,3138.50871408648
481,1,7,003,17003,,,rpa,2/19/2016 12:13:46 PM,c6933253-10ca-4c7c-9883-07a64efea793,651642.569580078,3332.05642810251
482,1,1,048,11048,,,rpa,2/19/2016 12:13:46 PM,39d4ca3a-5703-406d-a648-e06b97c55aab,616186.980278015,4096.22407250289
483,9,9,053,99053,,,rpa,2/19/2016 12:13:46 PM,cf2ef007-f411-4c01-b016-862db1ba0d57,1046707.8613739,4690.50917573236
484,7,5,017,75017,,,rpa,2/19/2016 12:13:46 PM,f226f24d-732a-4af9-b286-f325af901fc6,494425.161956787,3711.27176997817
485,7,5,018,75018,,,rpa,2/19/2016 12:13:46 PM,d0c05448-21d5-4866-8b83-989e087ef98d,785671.26965332,4103.07715539287
486,2,4,003,24003,,,rpa,2/19/2016 12:13:46 PM,00e71b0a-cc79-4773-bf27-5c15089c4fda,441730.738235474,2667.60852687865
487,2,4,012,24012,,,rpa,2/19/2016 12:13:46 PM,e25f809f-7285-455e-b955-72529284718f,531957.692428589,2936.23292549385
488,5,3,004,53004,,,rpa,2/19/2016 12:13:46 PM,05f01731-fd48-46bd-bb30-50261247d1cc,3110602.56541443,8396.72561927232
489,1,1,009,11009,,,rpa,2/19/2016 12:13:46 PM,ac11926f-6330-4d1a-b4e3-27bc9275f206,2616673.50895691,8356.03194097843
490,9,8,058,98058,,,rpa,2/19/2016 12:13:46 PM,7b7ba99c-e177-46d5-811c-aca8d0c36f34,1026826.59432983,5044.83622822383
491,3,3,051,33051,,,rpa,2/19/2016 12:13:46 PM,c162dc5e-74dc-4bde-ae3b-3b288dbbaa0d,455612.328414917,3845.41665272453
492,9,9,035,99035,,,rpa,2/19/2016 12:13:47 PM,fdfb5d91-b1d9-466d-8903-fd45c28b1a3a,550549.866844177,4226.14346953389
493,9,9,036,99036,,,rpa,2/19/2016 12:13:47 PM,5a27446c-f5c4-41ed-a266-4175eb63d4d0,526274.879493713,3147.62110485185
494,2,1,004,21004,,,rpa,2/19/2016 12:13:46 PM,f4d29ae3-ad3b-4853-8643-16ac2f0447a9,622409.951423645,3359.24665747491
495,3,2,008,32008,,,rpa,5/3/2016 10:03:07 AM,377df6e4-b4fb-41ca-b956-e77d92502bb0,208658.799720764,2197.08777165232
496,4,3,028,43028,,,rpa,9/11/2018 8:23:18 AM,b0db0c55-c144-4300-9b95-0546f1f5f7f4,865263.418533325,3744.5127905125
497,9,9,073,99073,,,rpa,2/19/2016 12:13:47 PM,7ce2a069-305a-4a00-81f8-3c4202152911,3295902.37824249,9323.20424029336
498,9,1,066,91066,,,rpa,2/19/2016 12:13:46 PM,4817828b-561c-4e38-a39a-4fe3872bb121,1014228.81071472,5398.80435628311
499,3,3,058,33058,,,rpa,2/19/2016 12:13:46 PM,edefffcb-719f-43d8-968a-67f0a6c4bd6d,504737.891372681,4066.84422676738
500,9,8,063,98063,,,rpa,2/19/2016 12:13:46 PM,4e2652f4-1271-45a2-a60a-f32508fb3b87,1258697.28816223,5012.54537973789
501,4,5,070,45070,,,rpa,2/19/2016 12:13:46 PM,48a72b63-715b-4db3-8399-35280c5c3db9,566761.175994873,3469.75657048915
502,4,5,089,45089,,,rpa,2/19/2016 12:13:46 PM,e86354cd-6485-4ea6-9fc8-7231c7ee41c2,787144.614852905,3945.69554087598
503,7,5,024,75024,,,rpa,2/19/2016 12:13:46 PM,68cde295-391c-44c6-b52c-247bfe3895f0,487687.043609619,3399.28187965537
504,9,9,070,99070,,,rpa,2/19/2016 12:13:46 PM,42c2f5de-e726-4b33-ac0f-e98fa6408e09,695793.143432617,4303.84471795284
505,9,9,069,99069,,,rpa,2/19/2016 12:13:46 PM,17e1d646-d31a-47d9-b764-c0ec6d2a6cbe,833633.359428406,6130.86102487079
506,4,7,066,47066,,,rpa,2/19/2016 12:13:46 PM,be46d509-fae4-4425-815c-98c6ad75350c,467328.690948486,2831.23581647745
507,4,7,068,47068,,,rpa,2/19/2016 12:13:46 PM,e64a709b-9043-41bf-b803-0eb152bd9948,701034.635726929,3778.37502714675
508,4,5,090,45090,,,rpa,2/19/2016 12:13:46 PM,62ed8a06-768f-4483-b34f-88b8cd473f76,1017704.52029419,4570.50804071419
509,9,9,021,99021,,,rpa,2/19/2016 12:13:46 PM,e28c1f97-cf2e-4fd5-b835-9002c9760d2a,673252.992591858,3527.32373809677
510,7,5,020,75020,,,rpa,2/19/2016 12:13:46 PM,b1d52b3e-4b5b-4a4c-9993-d84c1570da76,843641.481369019,3836.93887823185
511,9,9,078,99078,,,rpa,2/19/2016 12:13:46 PM,86b2c5b7-7c94-471e-8593-ad8db20527b1,712799.682884216,3974.02297053481
512,7,4,005,74005,,,rpa,2/19/2016 12:13:46 PM,985f3c8f-49eb-44c7-8051-157c90bc3c6e,563255.269943237,3482.67584209515
513,7,4,004,74004,,,rpa,2/19/2016 12:13:46 PM,c160d37a-c826-4163-b5db-559735769ae3,794166.921051025,4061.63000276107
514,7,3,019,73019,,,rpa,2/19/2016 12:13:46 PM,bc0efd82-8e5f-46ff-b382-b01e57517675,712326.681854248,3478.77099773911
515,9,9,033,99033,,,rpa,2/19/2016 12:13:47 PM,f67b64c3-5539-4a19-8ebe-40d3a0af1ec0,669720.145683289,4414.02361432913
516,9,9,034,99034,,,rpa,2/19/2016 12:13:47 PM,e767d172-8a4e-423f-a43d-9135735aeffd,932870.611083984,4066.44960624029
517,9,9,056,99056,,,rpa,2/19/2016 12:13:46 PM,6da650cd-de54-4c61-8e29-0f62efe660fd,628674.692398071,3688.01758638392
518,1,8,022,18022,,,rpa,2/19/2016 12:13:46 PM,060f8aee-830d-49a1-a561-5f773c2b3064,294578.260108948,3546.38385876541
519,3,4,032,34032,,,rpa,2/19/2016 12:13:46 PM,c4afb959-f1c0-4db1-9ba7-c1869049d304,661983.913154602,3904.22439726932
520,9,8,071,98071,,,rpa,2/19/2016 12:13:46 PM,cea16805-ef6d-49f8-aaf6-ffeb670f3de4,655673.652999878,4279.32902183156
521,9,9,023,99023,,,rpa,2/19/2016 12:13:46 PM,1e791961-1a08-4d4c-b1df-0f955da30a23,722980.071891785,4523.62753138717
522,9,9,024,99024,,,rpa,2/19/2016 12:13:46 PM,a8674cbf-3c09-43bc-81e0-2d63b1f91c89,566954.641410828,3760.84025478314
523,9,8,010,98010,,,rpa,2/19/2016 12:13:46 PM,b60a8ed5-bd3f-45cb-b3ee-33bc79835b37,479070.949005127,3352.23775925035
524,4,3,079,43079,,,rpa,2/19/2016 12:13:46 PM,b9f154af-6a40-4db8-8813-9d6ab2ecfc4d,548306.775543213,3271.38688025387
525,2,9,058,29058,,,rpa,2/19/2016 12:13:46 PM,452c529a-be68-47e7-b3aa-9a36aac95a7e,449596.054862976,2821.26622726817
526,1,4,003,14003,,,rpa,2/19/2016 12:13:47 PM,4545f99b-6e6f-4294-951e-68fec8d5224b,662321.884094238,3543.48837605314
527,4,4,003,44003,,,rpa,2/19/2016 12:13:53 PM,a4264bc5-5d54-46f1-92d9-461ffd156a64,847636.223403931,3716.65439497013
528,9,4,023,94023,,,rpa,2/19/2016 12:13:46 PM,fd374dc9-4e81-4887-9923-97449c5a5b25,1185233.07668304,4497.65760879382
529,4,6,019,46019,,,rpa,2/19/2016 12:13:46 PM,8bc439a0-6e40-4fa6-9d3d-a47e927a0491,755496.551895142,4004.12674672698
530,4,5,105,45105,,,rpa,2/19/2016 12:13:46 PM,fe3fdfce-a7b0-43c4-84fd-4c8ddb7065f9,288930.997802734,3133.6428254478
531,9,9,022,99022,,,rpa,2/19/2016 12:13:46 PM,cf8cdd3d-2405-4d72-b732-6ffd9422f816,694894.919837952,3577.0530176405
532,3,4,031,34031,,,rpa,2/19/2016 12:13:47 PM,b1222b20-14fc-4f0f-843f-f1064d5ca148,814006.238037109,3925.75769648905
533,4,6,026,46026,,,rpa,2/19/2016 12:13:46 PM,e1b5f5c1-ccd3-4c15-b417-1a57eb84ee11,1048884.21470642,4371.29426780272
534,5,4,010,54010,,,rpa,2/19/2016 12:13:46 PM,b52c612c-9d71-4c1e-8d14-fb4139a9f22f,41934.9939422607,1253.64703586038
535,2,1,011,21011,,,rpa,2/19/2016 12:13:46 PM,a9f896c2-aa82-45cf-9996-5dcb415d599b,272952.32824707,2308.96234591481
536,9,4,083,94083,,,rpa,2/19/2016 12:13:46 PM,5d12530b-02c3-4690-8e7a-95d10a470fb3,1044652.68322754,4134.75330954332
537,2,1,037,21037,,,rpa,2/19/2016 12:13:46 PM,abcc2b0d-5136-4329-937b-e50d0de17fb7,484725.012428284,3279.38188916599
538,3,9,006,39006,,,rpa,2/19/2016 12:13:53 PM,49b64c2d-e986-4f2f-b00e-b9a313d69c43,1097591.65723419,4253.8073524967
539,7,3,009,73009,,,rpa,2/19/2016 12:13:46 PM,78d7801d-9fb2-4b67-b6fe-5efde182fccb,185144.362503052,2757.33729907022
540,7,3,010,73010,,,rpa,2/19/2016 12:13:46 PM,4c32f683-4abf-4862-8e60-c17b69a12b60,674055.251846313,5964.99313240003
541,7,3,011,73011,,,rpa,2/19/2016 12:13:46 PM,b9a3e7d7-21f7-46dc-9737-dd7166edd576,891159.661087036,5078.19622761183
542,7,3,012,73012,,,rpa,2/19/2016 12:13:46 PM,8e9f4992-4aa1-4881-9db3-5c1a71265ee7,325879.537460327,3869.41733146112
543,7,3,013,73013,,,rpa,2/19/2016 12:13:46 PM,eb313d77-ce05-4c15-b157-598bf12a79f6,586113.473815918,3429.87815683953
544,9,8,061,98061,,,rpa,2/19/2016 12:13:46 PM,8f1001ad-511f-4244-bcc3-a6bf46ce2b9d,801610.420654297,3947.66739105709
545,4,5,018,45018,,,rpa,2/19/2016 12:13:46 PM,ebc8896c-c4a8-45dd-962a-2e2a7fd4cc30,900011.022033691,5019.64606388002
546,7,3,018,73018,,,rpa,2/19/2016 12:13:46 PM,db08b3dd-d2c0-4b86-a9af-b4dffc9ac2c5,606922.076934814,3392.11316865151
547,7,3,015,73015,,,rpa,2/19/2016 12:13:46 PM,b091ab57-2502-4dcf-b32b-ff492c0b4cac,721233.563247681,3660.07379122127
548,7,3,016,73016,,,rpa,2/19/2016 12:13:46 PM,a105093f-0833-45fd-8d19-f4e7a66ff863,459143.701889038,3115.72053042595
549,4,5,006,45006,,,rpa,2/19/2016 12:13:46 PM,9044e7c0-2a55-4984-ab33-f473e3557418,445281.455871582,3109.30775293823
550,4,7,020,47020,,,rpa,2/19/2016 12:13:46 PM,4171e98e-7f04-4508-96c5-be6f90a51a5f,238622.203720093,3202.52860043276
551,4,6,004,46004,,,rpa,2/19/2016 12:13:46 PM,5ce7ae1e-c7b5-42cc-a997-9913660e064a,1571612.22354126,5381.68579466757
552,9,8,042,98042,,,rpa,2/19/2016 12:13:46 PM,9b59a703-f9fb-4e38-8a5d-c2b9664f18ec,1281190.45600891,5094.67614947694
553,2,4,035,24035,,,rpa,2/19/2016 12:13:46 PM,8884df83-8207-4d8b-9108-9efec865454d,437216.830810547,3256.93876286538
554,9,4,111,94111,,,rpa,2/19/2016 12:13:46 PM,fc48121a-3e85-43fc-9f90-9b1ef3cbc848,411524.921447754,2948.70540096093
555,9,4,117,94117,,,rpa,2/19/2016 12:13:46 PM,18ec735e-88ca-4afa-b1b6-364d78b45dfb,386319.448272705,2665.11471606923
556,4,1,005,41005,,,rpa,2/19/2016 12:13:46 PM,3da3fe1e-8e2d-4510-bef3-f28d604b4b88,1197349.14428711,4491.94680724485
557,4,1,006,41006,,,rpa,2/19/2016 12:13:46 PM,ee1dc0d3-7907-4e4b-a7f3-d3e77ea4a0a4,1385206.41513062,4796.17650816319
558,3,9,051,39051,,,rpa,2/19/2016 12:13:47 PM,7700269d-5348-4173-847c-1d6e88930e5f,921827.574577332,4325.8545995742
559,3,4,006,34006,,,rpa,2/19/2016 12:13:46 PM,fb06f16f-c3fd-47dd-a9ba-58f5a4c63e58,107345.960105896,1678.95167910995
560,3,4,005,34005,,,rpa,2/19/2016 12:13:47 PM,57b3232b-6804-48d7-99e6-6a2774e6118a,534604.526908875,3518.13342843899
561,3,9,048,39048,,,rpa,2/19/2016 12:13:53 PM,da87efba-80b2-4a08-9f55-8c8155753542,1356378.22433472,4930.59895176972
562,3,9,095,39095,,,rpa,2/19/2016 12:13:47 PM,c4dc562b-9ba7-4c95-a7d3-803266592a2c,529991.74394989,4112.29739487515
563,3,9,096,39096,,,rpa,2/19/2016 12:13:47 PM,d4a885d1-317a-4438-a823-1a4b1abb58e1,592144.787124634,3924.14397674954
564,3,9,056,39056,,,rpa,2/19/2016 12:13:47 PM,d1df2f67-259e-4afd-84e9-a94aa6225496,915372.857894897,4409.59000909549
565,4,2,064,42064,,,rpa,2/19/2016 12:13:46 PM,2844eab9-5dd8-4645-a475-aeb345b977c5,547194.582168579,3310.96303863866
566,4,4,028,44028,,,rpa,2/19/2016 12:13:46 PM,7d5e3e3e-6b76-4040-9cad-1d817d91b15d,1153755.27033997,4491.91700299047
567,3,4,007,34007,,,rpa,2/19/2016 12:13:46 PM,fdc3299a-3ab5-4aee-8164-2ef078daa791,2102510.88074493,9540.35707306745
568,2,7,006,27006,,,rpa,2/19/2016 12:13:46 PM,2a8273b2-96f4-43c3-803d-4fa1ec3c1e87,496147.976173401,3109.63960054657
569,3,3,030,33030,,,rpa,2/19/2016 12:13:47 PM,a83ea19b-e5e1-4187-8bf0-bc653caef076,642038.703300476,3637.29965586165
570,3,3,036,33036,,,rpa,2/19/2016 12:13:47 PM,73695a86-aae1-4797-b673-b343668de7eb,991392.328674316,4902.97872131537
571,8,6,021,86021,,,rpa,2/19/2016 12:13:46 PM,37999bb1-89f3-4e41-b2ba-6e9e834c3226,702117.220504761,4023.4501265798
572,1,1,028,11028,,,rpa,2/19/2016 12:13:46 PM,c7b856b6-98ef-4475-bd64-caf0433501a9,914808.680961609,4707.70894774337
573,9,1,076,91076,,,rpa,2/19/2016 12:13:46 PM,e56c84b9-8f8d-473c-9187-22d38313bfcf,1388027.18456268,5855.99991640578
574,3,6,017,36017,,,rpa,2/19/2016 12:13:46 PM,1e6061cd-b1f0-4dd1-b8dd-fcfd27269ba9,723640.626647949,5794.61673330281
575,9,4,122,94122,,,rpa,2/19/2016 12:13:46 PM,54796ca0-ecd7-4bc6-a900-fe8d565e321b,642657.440200806,3553.99992464668
576,3,5,031,35031,,,rpa,2/19/2016 12:13:46 PM,e63d0be4-c187-4bfc-b400-81c6ada15264,849258.30116272,3920.0676881345
577,3,5,034,35034,,,rpa,2/19/2016 12:13:46 PM,8522f523-424d-47ee-8a7b-274e84e74327,1067723.51947021,4244.68679321178
578,3,9,040,39040,,,rpa,2/19/2016 12:13:46 PM,67551954-a468-4894-9796-ca31aa9fd91c,641967.657325745,4278.50777145257
579,4,2,060,42060,,,rpa,2/19/2016 12:13:46 PM,c45bfa82-a989-4f7f-a029-e18430ca86b9,417675.020362854,3555.13816461552
580,4,2,062,42062,,,rpa,2/19/2016 12:13:46 PM,97c200c2-6592-44bb-a14f-560ecdf2cc5f,675463.216697693,3830.77737036301
581,4,2,063,42063,,,rpa,2/19/2016 12:13:46 PM,e6c0e216-d010-4e73-949c-d31e58ce0ae9,1383592.06216431,4936.68627818321
582,4,2,066,42066,,,rpa,2/19/2016 12:13:46 PM,7ed1ffe0-4c61-4a0a-9c14-cd4632f589da,444161.217857361,5004.3176013242
583,7,4,006,74006,,,rpa,2/19/2016 12:13:46 PM,d7a43b08-e3d2-4f52-a495-38ccd3d57014,847147.67527771,4798.1830132026
584,9,8,066,98066,,,rpa,2/19/2016 12:13:46 PM,ccca09b7-1abf-4aa5-99b5-ea19b90c0ec8,1038877.00288391,5479.36087395934
585,9,8,067,98067,,,rpa,2/19/2016 12:13:46 PM,fb043895-f4d4-45f1-8479-d93ab22c167a,1409886.34757996,5659.68111899182
586,9,8,070,98070,,,rpa,2/19/2016 12:13:46 PM,4afddf40-51cd-4a95-944e-fc8d85f7a8a5,1333828.66882324,4686.08711285523
587,3,3,017,33017,,,rpa,2/19/2016 12:13:46 PM,e3404d0d-a7e2-43c8-b4cb-a4877c8e78fa,471896.5545578,3568.25562342622
588,3,9,084,39084,,,rpa,2/19/2016 12:13:46 PM,0324813a-c6bb-4b75-9b41-adb0c90802c2,809444.06313324,5014.91973274196
589,4,6,023,46023,,,rpa,2/19/2016 12:13:46 PM,9b190912-e2be-497d-bf14-c123c11809c2,533824.472427368,3462.72215584718
590,3,6,021,36021,,,rpa,2/19/2016 12:13:46 PM,2a5ea381-c09a-4c8b-8709-466a93c8be0c,702532.003608704,4800.00246865183
591,3,8,016,38016,,,rpa,2/19/2016 12:13:46 PM,cea7c810-9cb8-404d-a33c-79785e709d63,882359.043136597,4330.76540755091
592,4,9,009,49009,,,rpa,2/19/2016 12:13:46 PM,a903c5c7-6a3b-4316-8933-e01c04f07f65,109462.700866699,2948.82909248906
593,4,4,030,44030,,,rpa,2/19/2016 12:13:46 PM,662ad19c-ec51-413e-ba6f-4dffcbf4b311,548806.400054932,3360.05864009713
594,6,1,007,61007,,,rpa,2/19/2016 12:13:46 PM,0fb74a64-09a4-48f6-99ad-1cbeb8f63794,72866114.585968,53501.6895067266
595,3,6,020,36020,,,rpa,2/19/2016 12:13:46 PM,dcee9e8c-48e2-4be6-8baf-d64d57c239af,977124.85218811,4650.70034611535
596,1,1,027,11027,,,rpa,2/19/2016 12:13:46 PM,7571c8de-b690-47ad-9b5c-d9a404747460,565353.859611511,3349.08245984176
597,3,9,064,39064,,,rpa,2/19/2016 12:13:47 PM,a47a6c75-82f8-4fa2-81dc-0ca7cd8b4ff1,263188.987129211,2823.84818380152
598,9,8,064,98064,,,rpa,2/19/2016 12:13:46 PM,e8ea090c-98ef-4a09-814c-bf8b05f0e1c0,1233185.07580566,5007.96174055442
599,9,8,068,98068,,,rpa,2/19/2016 12:13:46 PM,574691a1-593e-4630-87a0-ee53634eb255,852264.89982605,4467.56501918256
600,3,3,009,33009,,,rpa,2/19/2016 12:13:46 PM,b2855f1f-f9d6-4380-b49d-93f6b31374d8,720328.337783813,4073.35373944813
601,4,2,028,42028,,,rpa,2/19/2016 12:13:46 PM,1ce90fae-ec6e-44fd-bb3a-0a6d5c48010e,546346.322944641,3483.15393947021
602,4,2,029,42029,,,rpa,2/19/2016 12:13:46 PM,2360edb0-1249-4baf-8269-6eadc09b15c2,586291.475578308,3348.17691551504
603,4,2,065,42065,,,rpa,2/19/2016 12:13:46 PM,32166be9-e24d-4991-9979-c70bd4b67bea,634160.322608948,4164.82969848549
604,9,8,069,98069,,,rpa,2/19/2016 12:13:46 PM,c0a33106-39cc-49aa-aafa-96025b626b45,792431.447769165,4216.24218907832
605,9,8,062,98062,,,rpa,2/19/2016 12:13:46 PM,dca2e760-2f3f-4f13-a356-82a46599d2ef,911061.875259399,4961.74018042612
606,5,3,016,53016,,,rpa,2/19/2016 12:13:46 PM,034bcbff-789a-4fdb-b0a7-3e4c9f7f9fb3,965443.176925659,4441.20172664898
607,4,2,057,42057,,,rpa,2/19/2016 12:13:46 PM,ac9b1147-377d-4905-b212-7784de0804c7,459908.334312439,3897.21606026594
608,9,4,118,94118,,,rpa,2/19/2016 12:13:46 PM,4200780f-eeac-4f26-978c-11aa072143db,684122.415878296,3391.56456810714
609,4,2,031,42031,,,rpa,2/19/2016 12:13:47 PM,f1bf772d-9724-44e6-ac08-1e8758e9cc13,1866188.78408813,5911.83966057924
610,3,8,005,38005,,,rpa,2/19/2016 12:13:47 PM,cf9544f7-f6ba-43f1-9bfd-713309b58f76,978463.685165405,4196.50591093065
611,3,8,010,38010,,,rpa,2/19/2016 12:13:47 PM,e9f5d0e4-5733-4723-8e31-73f80ebd8684,877623.307975769,4058.77576859057
612,4,2,044,42044,,,rpa,2/19/2016 12:13:46 PM,c4837993-456b-4848-a657-0a15805a5963,1244388.87619781,4811.9747036358
613,4,2,024,42024,,,rpa,2/19/2016 12:13:46 PM,e00fd838-6e83-4401-9d8f-26395187ef6f,429543.357269287,3194.07731610035
614,4,2,025,42025,,,rpa,2/19/2016 12:13:46 PM,898b21aa-4ae4-4eae-bc4b-d8668d83a508,885691.089050293,3988.05745351809
615,3,9,054,39054,,,rpa,2/19/2016 12:13:46 PM,26ab9a9b-fb1a-4f4d-8351-7144c7c33e87,1378163.16960144,5597.66526416305
616,4,2,067,42067,,,rpa,2/19/2016 12:13:46 PM,22036d69-2729-4f60-adf4-4ba466ee1991,976070.199058533,4502.99001961416
617,4,2,069,42069,,,rpa,2/19/2016 12:13:46 PM,46994749-ac67-45f2-9155-8045fbd83ea5,647758.891700745,5046.83729032188
618,4,2,070,42070,,,rpa,2/19/2016 12:13:46 PM,b189bede-428c-45f6-ad77-39a738bb101b,675063.248268127,3826.4953581296
619,4,2,072,42072,,,rpa,2/19/2016 12:13:46 PM,e33ba9c6-1288-4784-bfad-9b763fd04f0d,938092.633201599,4268.33679831184
620,4,2,073,42073,,,rpa,2/19/2016 12:13:46 PM,ebb3032b-95bc-4561-9502-a517e1ea9c93,558642.161437988,3084.15689935044
621,3,9,053,39053,,,rpa,2/19/2016 12:13:47 PM,99a1955b-4a58-473a-9879-5815f6b19f31,1169513.89369202,5155.85420631777
622,3,9,059,39059,,,rpa,2/19/2016 12:13:46 PM,6738d471-8ae8-4ad4-b6c6-cfba05e7e78c,1034727.90963745,4199.1292772906
623,3,9,055,39055,,,rpa,2/19/2016 12:13:46 PM,62590fea-49cf-4440-bf0f-ef565704661b,1381980.50301361,4733.41625829637
624,9,8,035,98035,,,rpa,2/19/2016 12:13:46 PM,d9502c8d-bb5d-4e96-9075-acbe1bed733c,688310.370170593,4024.85297522606
625,4,4,029,44029,,,rpa,2/19/2016 12:13:46 PM,dc8ba6c0-de2a-4038-905b-766cf683dad9,1049159.49978638,4368.80280922342
626,4,2,045,42045,,,rpa,2/19/2016 12:13:46 PM,a590260a-fd40-4c65-9e06-4c911a6e1103,716238.275665283,3822.64960880171
627,3,9,044,39044,,,rpa,2/19/2016 12:13:46 PM,33ff6a3a-c24e-4143-b062-63556fb383d4,993587.254180908,4841.52347165045
628,4,5,036,45036,,,rpa,2/19/2016 12:13:46 PM,c69cf469-ca6e-444a-a373-0892292f5205,1045209.76107788,4384.59496127077
629,4,5,046,45046,,,rpa,2/19/2016 12:13:46 PM,b9524c9a-a286-44b0-9e0f-561ae32ca205,630957.481369019,3300.59675338702
630,3,6,014,36014,,,rpa,2/19/2016 12:13:46 PM,3c3a445f-fef9-4a49-82f3-663dc9e8290b,725233.536758423,4783.80968561164
631,4,3,015,43015,,,rpa,2/19/2016 12:13:46 PM,690fb377-73d3-42f4-a2bd-b0b182bf211e,652144.702224731,3499.33079937237
632,3,9,045,39045,,,rpa,2/19/2016 12:13:47 PM,611a2d96-b6fb-4962-855f-35791c9a6fdf,615792.163986206,3380.48598374693
633,1,7,045,17045,,,rpa,2/19/2016 12:13:47 PM,410588de-1726-4256-8877-46bec9460a1e,396613.410850525,2807.28353357665
634,4,2,074,42074,,,rpa,2/19/2016 12:13:46 PM,161371bd-19e0-452e-88ec-ed0bc0d3b44b,660721.191085815,4874.70451890684
635,9,8,065,98065,,,rpa,2/19/2016 12:13:46 PM,e24d0539-b467-4218-bc39-8d891eee1b48,761145.481658936,4352.2994828061
636,4,6,007,46007,,,rpa,2/19/2016 12:13:46 PM,bcd0916f-cc17-41af-a458-db00cf3700ba,1172632.05245972,7317.86660292258
637,4,6,008,46008,,,rpa,2/19/2016 12:13:46 PM,240a3fd9-3fd6-461b-bf21-86f64c4ebb11,488040.395477295,3093.54136648849
638,9,8,041,98041,,,rpa,2/19/2016 12:13:46 PM,4ee78092-e365-4787-8179-01e5f3634c6d,1193729.56692505,5150.49827166752
639,1,8,006,18006,,,rpa,2/19/2016 12:13:47 PM,2927e153-9ae2-42c0-b52d-2063c6fc1a04,831333.060005188,4650.38716704731
640,4,5,052,45052,,,rpa,2/19/2016 12:13:46 PM,7039877c-5ef5-45d3-a92f-963d6900d54c,622873.90411377,3173.83920611338
641,4,5,055,45055,,,rpa,2/19/2016 12:13:46 PM,fc1a2b48-5e65-4b4a-9ebd-4c9bc6866542,707971.091781616,3729.2061056304
642,9,4,022,94022,,,rpa,2/19/2016 12:13:46 PM,3bf9855b-fb69-49d4-b839-e73e406c6ec0,598275.810501099,3622.40500768074
643,9,4,123,94123,,,rpa,2/19/2016 12:13:46 PM,a347ae46-c6b8-4861-8209-5582871a06ed,521156.44342041,3036.34119051844
644,4,6,020,46020,,,rpa,2/19/2016 12:13:46 PM,df46c2d6-096f-4760-9c77-69f3d6a8b595,1116860.53276062,5075.73710799493
645,9,8,036,98036,,,rpa,2/19/2016 12:13:46 PM,b47091c6-3b70-484f-8c79-c298042affcd,759163.590774536,3623.40768406298
646,9,8,037,98037,,,rpa,2/19/2016 12:13:46 PM,958d3a7b-50e0-4464-adae-93127064bd52,867168.618408203,4095.66130464168
647,3,3,044,33044,,,rpa,2/19/2016 12:13:46 PM,01ea9eb7-7ff5-414b-b370-03106b0dbac9,482967.578826904,3347.65946964835
648,3,4,001,34001,,,rpa,2/19/2016 12:13:47 PM,6f407c5b-9b79-4439-9e49-29f25ccc5c38,942995.793807983,4443.96948379554
649,3,3,039,33039,,,rpa,2/19/2016 12:13:46 PM,95ff005a-18e1-4f5c-be77-958f774d6757,460307.001564026,3022.33854055975
650,9,1,009,91009,,,rpa,2/19/2016 12:13:46 PM,7a44bb36-6fee-4e50-b072-95f58d8264e9,483159.799880981,3324.63887222189
651,4,4,033,44033,,,rpa,2/19/2016 12:13:46 PM,84ed0698-d901-4437-8171-3220c5798362,765876.582168579,3900.07126763063
652,9,4,112,94112,,,rpa,2/19/2016 12:13:46 PM,2157f3b6-7824-4709-8423-40ec0e559a7c,377466.943695068,2757.26283219617
653,4,3,073,43073,,,rpa,2/19/2016 12:13:47 PM,7c6d5273-76aa-48f6-a107-db6f7d1e802c,738822.585342407,3851.13609907601
654,4,5,063,45063,,,rpa,2/19/2016 12:13:46 PM,dda6cbc6-fe5b-4681-867b-57604c49846b,705950.896850586,4268.81747933128
655,4,4,031,44031,,,rpa,2/19/2016 12:13:46 PM,cfd71da5-75ea-414f-a244-74389fa3fb1e,806249.740249634,3953.27914403875
656,3,9,022,39022,,,rpa,2/19/2016 12:13:46 PM,dbaffd3f-7d62-4d6c-9201-17a52bd1940c,1173377.06048965,4418.47102498454
657,2,7,033,27033,,,rpa,2/19/2016 12:13:46 PM,2f0fdcb7-8e1d-47b7-a180-ea2bce29a9a0,279031.616676331,2400.18084433489
658,9,4,060,94060,,,rpa,2/19/2016 12:13:46 PM,1a9fa6b4-51ca-4025-b407-4dee8612f313,880378.748947144,3935.05626111584
659,9,4,066,94066,,,rpa,2/19/2016 12:13:46 PM,90830013-ebcd-4d99-a56a-17b62f51bf9c,921824.870933533,4039.30814431469
660,3,4,011,34011,,,rpa,2/19/2016 12:13:46 PM,4674512a-1615-4ece-939e-387387470f25,1114274.6211853,4586.48041686674
661,3,8,017,38017,,,rpa,2/19/2016 12:13:46 PM,787c6053-b3c6-4fef-81a6-c09b623fb914,808797.210571289,6038.8813794426
662,3,5,006,35006,,,rpa,2/19/2016 12:13:46 PM,7c10307f-fbd8-45df-931c-2087ff4fb114,468493.659240723,2920.22161301112
663,3,3,042,33042,,,rpa,2/19/2016 12:13:46 PM,f5086685-13c6-4e6d-b141-f92642155053,499647.977012634,3051.6829130805
664,3,3,054,33054,,,rpa,2/19/2016 12:13:47 PM,63d8de16-b8f2-4b6c-9883-77ad2db07bba,645282.213249207,3644.95134910801
665,3,3,053,33053,,,rpa,2/19/2016 12:13:46 PM,742d7f22-2f51-4f21-931e-182dacb371b8,496598.206352234,4460.57129706452
666,8,4,007,84007,,,rpa,2/19/2016 12:13:46 PM,7764cf37-ee82-4026-aba8-5570c4b310cf,785665.76272583,4138.36090317604
667,3,4,023,34023,,,rpa,2/19/2016 12:13:46 PM,49d7b0f1-4585-487c-a94f-5f748216d94e,455134.442131042,3191.13675101685
668,4,6,033,46033,,,rpa,2/19/2016 12:13:46 PM,86bfe351-af31-45a0-b8a7-6ba34f46ba29,266567.282592773,2496.78000100504
669,4,6,025,46025,,,rpa,2/19/2016 12:13:46 PM,95a156a6-a291-45fc-870f-30f7087fd376,940467.246246338,4602.26576392823
670,4,2,099,42099,,,rpa,2/19/2016 12:13:53 PM,87d1d232-c51d-4ec9-89b0-2220cee97036,1088182.74341583,5683.63613138045
671,3,9,033,39033,,,rpa,2/19/2016 12:13:52 PM,d537e04c-a82f-44c8-8da4-3446fd38cf76,389029.998634338,4297.21690174025
672,2,8,025,28025,,,rpa,2/19/2016 12:13:53 PM,9182d7eb-ba6c-498c-a8e3-d07896e17575,387272.505828857,3972.85342548189
673,3,5,008,35008,,,rpa,2/19/2016 12:13:53 PM,3d2235f3-eabe-48c7-a461-43ef6ebe60a3,517893.46616745,3643.48236346763
674,3,5,058,35058,,,rpa,2/19/2016 12:13:53 PM,388fccf5-6308-4b0f-97d4-27ed5af69a4e,692871.883060455,5859.06658810873
675,9,1,028,91028,,,rpa,2/19/2016 12:13:47 PM,157f5e3b-ac57-4633-ac5b-554bd74404ea,688198.439842224,3710.92497067169
676,4,2,043,42043,,,rpa,2/19/2016 12:13:53 PM,febd6cba-1e5a-49ea-8364-43d889c427a0,923670.631904602,4960.85967689009
677,4,2,026,42026,,,rpa,2/19/2016 12:13:52 PM,a5d2d0f4-13f5-48a9-a6da-2ea66429d383,239521.947105408,2305.49824136318
678,4,2,027,42027,,,rpa,2/19/2016 12:13:52 PM,9f5a7fb9-9c83-415e-a641-55d5853cb0bb,1016790.97238922,5683.66877150853
679,3,3,019,33019,,,rpa,2/19/2016 12:13:53 PM,1cb3674a-66d5-4014-8229-e1ebb06c2d2b,1036148.99275208,4726.16008004091
680,6,6,030,66030,,,rpa,2/19/2016 12:13:53 PM,c1e0b106-71b1-4aa6-98f3-8609bd20d6b6,452833.244216919,3311.17130181777
681,3,4,013,34013,,,rpa,2/19/2016 12:13:52 PM,9f3182f6-9e82-4a0e-9ff4-1656737a946e,663598.440498352,4396.57872033837
682,3,5,059,35059,,,rpa,2/19/2016 12:13:52 PM,dbd9f392-2ec5-4c56-9d08-996e3709458a,396384.02759552,2683.32971786644
683,3,1,048,31048,,,rpa,2/19/2016 12:13:52 PM,1ff95302-d433-4ccf-8cdd-72749cb7873e,959290.438835144,4942.91985714935
684,3,4,004,34004,,,rpa,2/19/2016 12:13:53 PM,c49259a0-e867-4f72-bbe1-f91e56e6bae6,643241.364219666,4156.78851925568
685,4,4,004,44004,,,rpa,2/19/2016 12:13:53 PM,b28ee887-6f3a-4828-a865-a08ceda7d0da,1058659.73027039,4362.84841750744
686,3,4,002,34002,,,rpa,2/19/2016 12:13:53 PM,a014ef1b-f217-4bd1-a1de-259b803604db,638540.879432678,3688.34359470164
687,2,9,003,29003,,,rpa,2/19/2016 12:13:53 PM,9173a6f2-0f40-47f9-8b0e-802a6ec2f474,375542.505226135,3777.54462639384
688,3,5,011,35011,,,rpa,10/11/2016 3:54:47 PM,2f2024c2-c19f-4596-bab9-80e51161370b,1028711.02467346,4535.93814330334
689,5,3,013,53013,,,rpa,2/19/2016 12:13:53 PM,efcf6165-2437-4484-a1df-02b024e3a0ee,583961.554443359,3010.4364778018
690,1,4,025,14025,,,rpa,2/19/2016 12:13:54 PM,5c2b6876-95ee-4612-b5b0-cec8675fce0a,750109.664672852,5074.42819439249
691,4,2,085,42085,,,rpa,2/19/2016 12:13:54 PM,6ef970b9-d8d2-4b21-bde2-201a0902ae2e,1121262.18783569,4813.57348051488
692,4,8,008,48008,,,rpa,2/19/2016 12:13:53 PM,c2ce440f-05ae-4df0-9bd7-b313ecf82e9b,2319104.38485718,7728.92645017487
693,3,3,029,33029,,,rpa,2/19/2016 12:13:53 PM,8effc468-5202-4ca7-965d-314fcf5893ff,1371854.56806946,5515.9338337847
694,4,8,009,48009,,,rpa,2/19/2016 12:13:53 PM,1d7d9fd7-de58-469c-b4f9-a29814dc279a,1661945.78974915,9007.79596610153
695,3,8,018,38018,,,rpa,2/19/2016 12:13:53 PM,308d261a-8a07-48fc-853f-5519f3e1c8b4,419023.400054932,4765.51463251075
696,2,4,036,24036,,,rpa,2/19/2016 12:13:53 PM,76773172-454a-4655-9883-72360f3f30d5,393412.859489441,4459.137262707
697,3,3,037,33037,,,rpa,2/19/2016 12:13:53 PM,18850ae6-61cb-4545-89cb-7b3f69de3dbe,623508.796340942,3451.67023709338
698,3,5,035,35035,,,rpa,10/11/2016 3:22:02 PM,4458f498-7f96-430b-bbc4-af942aa99f62,770430.981422424,3766.04305441697
699,3,9,017,39017,,,rpa,2/19/2016 12:13:53 PM,d9a3cc49-4cda-4a75-9e0c-77a5d5cf9bce,2502149.96154785,7989.88133553311
700,3,3,022,33022,,,rpa,2/19/2016 12:13:53 PM,c2694073-07f1-478f-a2a3-e1bdf3da7b6e,961736.838226318,5714.24344585075
701,3,3,024,33024,,,rpa,2/19/2016 12:13:53 PM,5b372357-5883-4cc2-b956-8cff1a8359dd,906312.298408508,4410.97962284441
702,2,9,012,29012,,,rpa,2/19/2016 12:13:53 PM,042b2ee5-8969-49ab-9cd4-e7459bc0660c,771163.674095154,3540.23534420922
703,4,6,005,46005,,,rpa,2/19/2016 12:13:54 PM,fcd2a845-3f79-4759-a179-f9f735e7b413,5147908.1055603,12163.8598656954
704,2,7,004,27004,,,rpa,2/19/2016 12:13:53 PM,74b05670-4b68-471e-939a-581e1a974c6a,345693.99495697,3229.13990549355
705,1,1,026,11026,,,rpa,2/19/2016 12:13:53 PM,5f22d441-8dad-4a78-a21e-ff2f4f5ca177,914197.595352173,4454.42663235032
706,4,2,042,42042,,,rpa,2/19/2016 12:13:53 PM,e9419b0e-321d-446e-9753-070fa13a73a8,1458963.97975922,5117.69199789899
707,4,8,003,48003,,,rpa,2/19/2016 12:13:53 PM,1c7b1070-f9eb-4fa9-876f-31e04c7d3b0a,2848811.19348145,10435.8949522152
708,5,1,006,51006,,,rpa,2/19/2016 12:13:53 PM,ac2c9d15-30c0-4274-8b39-55a41f4183d9,259341.482040405,3387.55773614808
709,3,6,018,36018,,,rpa,2/19/2016 12:13:52 PM,a705cad4-0a5b-4137-b089-23b3cb0ad168,1090112.70722198,6267.43385451509
710,1,5,019,15019,,,rpa,2/19/2016 12:13:53 PM,b9688f19-4119-40ed-8c58-ab50d6d4a4f7,852928.275680542,3786.55962902428
711,9,8,024,98024,,,rpa,2/19/2016 12:13:53 PM,78c9cd6a-8f84-4d80-90b4-a3de8fc108e3,822844.082496643,5274.42006173649
712,9,8,028,98028,,,rpa,2/19/2016 12:13:47 PM,f06b2ed7-eeac-4434-ab65-f5be20e953eb,480946.359214783,2824.87972426188
713,3,3,023,33023,,,rpa,2/19/2016 12:13:53 PM,d51d441a-57a6-4806-b090-53a185f97afa,383435.856689453,2724.69270513657
714,5,3,010,53010,,,rpa,2/19/2016 12:13:53 PM,7aeac683-0327-4659-bb11-13c243c67758,88935.7550964355,2483.29598681419
715,3,5,043,35043,,,rpa,2/19/2016 12:13:53 PM,8afdf24f-e5c2-44d8-b2d3-3c8d2371cadf,1010610.25602722,4336.90437603955
716,4,8,001,48001,,,rpa,2/19/2016 12:13:53 PM,b1aaf19d-ff37-491a-8c17-bb568dac11d0,2296531.42172241,9227.78737309982
717,4,2,092,42092,,,rpa,2/19/2016 12:13:53 PM,993ed85a-bf26-432b-a369-848eb62185b6,881629.334716797,4131.2721211286
718,9,8,023,98023,,,rpa,2/19/2016 12:13:53 PM,bb4f13c4-bea6-4767-81b0-70c6b712df6b,874220.785873413,4514.42107748084
719,6,6,021,66021,,,rpa,2/19/2016 12:13:53 PM,d6955d39-f3e3-4943-9130-6d97a531032a,1488731.28700256,4926.47099599054
720,3,9,052,39052,,,rpa,2/19/2016 12:13:53 PM,41c273e4-3e6b-4ce9-b72b-807f91df0f26,1092461.30542755,7164.65541854779
721,3,5,030,35030,,,rpa,2/19/2016 12:13:52 PM,7f547167-6656-4de3-96cd-0f0621439b8c,1058446.32219696,4490.00876055283
722,3,6,016,36016,,,rpa,2/19/2016 12:13:53 PM,29339667-17a7-46bf-99f3-b3fcae058091,872857.696731567,4798.83959894846
723,2,3,028,23028,,,rpa,2/19/2016 12:13:53 PM,9a4743dc-1d04-4862-a5af-2db7bbb75cfd,245680.062026978,2262.90234460056
724,9,5,056,95056,,,rpa,2/19/2016 12:13:46 PM,d5271131-54f0-4839-9e8e-2040cebe5110,983292.700881958,4229.68964270163
725,3,9,066,39066,,,rpa,2/19/2016 12:13:53 PM,d00daefb-b108-47a2-87dd-8ca7f1c8b338,1333341.05082703,5291.2242660207
726,3,5,045,35045,,,rpa,2/19/2016 12:13:53 PM,31370b25-410d-47c1-97a9-2b84e9935825,1003456.80586243,5149.58543397979
727,3,9,062,39062,,,rpa,2/19/2016 12:13:53 PM,b1b66528-fce7-493f-9e93-e16c7d5c9cb0,834641.398529053,4575.0779438979
728,3,3,006,33006,,,rpa,2/19/2016 12:13:53 PM,5f16c073-9b2e-4c22-b19b-d818eb29316b,522901.915039063,3628.00626666393
729,5,3,007,53007,,,rpa,2/19/2016 12:13:52 PM,f666c6ed-9202-4c61-bd8d-c7877c502db3,18104672.8213501,22498.8578021389
730,2,3,030,23030,,,rpa,2/19/2016 12:13:53 PM,89611770-4f9f-4448-a510-7340a0b99051,493889.432342529,2852.43689940197
731,3,8,009,38009,,,rpa,2/19/2016 12:13:53 PM,8d5cf70e-4d2a-4da4-963c-0e75931e2ce8,989441.477203369,4797.77014686455
732,3,8,006,38006,,,rpa,2/19/2016 12:13:53 PM,12448292-e035-47c4-a975-4978956b9a65,2592319.63298035,6330.83245585435
733,9,9,065,99065,,,rpa,2/19/2016 12:13:47 PM,a2df34ae-efb5-45d2-ad93-bd332455cd31,1417267.0344162,5509.24706140503
734,8,4,005,84005,,,rpa,2/19/2016 12:13:47 PM,b35390a1-c070-4ab9-98d4-fe36d4d63dd4,796162.041229248,4204.01436373758
735,8,4,006,84006,,,rpa,2/19/2016 12:13:47 PM,c82cbbec-1cd7-44cd-9a23-5eb701a0db9f,788561.686798096,4306.83991897902
736,9,8,013,98013,,,rpa,2/19/2016 12:13:53 PM,3661d8a9-425d-4b77-a56c-c017c0aa9ee2,2850638.09332275,6985.5081963829
737,9,8,027,98027,,,rpa,2/19/2016 12:13:47 PM,ba87c63f-2693-4dc6-aff7-b629f1680485,714376.714080811,3688.29382934772
738,9,4,102,94102,,,rpa,2/19/2016 12:13:46 PM,5aaf2f87-174e-40ce-af96-32b154ca7976,925560.052642822,5491.89068265838
739,8,9,013,89013,,,rpa,2/19/2016 12:13:46 PM,3a283408-1968-45c9-a194-df507b7395f9,882408.639015198,5109.77990141475
740,8,5,021,85021,,,rpa,2/19/2016 12:13:47 PM,4288ac73-1174-43d1-9aac-c67f25eb26f4,744189.326217651,4008.09292888162
741,9,4,047,94047,,,rpa,2/19/2016 12:13:47 PM,8f2f329c-5a61-4f13-9f83-37235063c150,3602669.82106018,8245.64489418398
742,9,7,093,97093,,,rpa,2/19/2016 12:13:46 PM,65d8e688-d2cf-4b25-89c8-f7ad0ce96ec2,889190.380310059,4349.98906599402
743,9,1,027,91027,,,rpa,2/19/2016 12:13:47 PM,29ea91c1-9f48-4c97-be6e-bf96852a0834,902353.064552307,4358.77589754134
744,9,1,048,91048,,,rpa,2/19/2016 12:13:47 PM,673d6b2b-2a3b-49f5-8e67-a9dc652958bc,572256.922355652,3216.6582099227
745,9,5,037,95037,,,rpa,2/19/2016 12:13:47 PM,62024b9e-2e46-4b1a-aee0-fbef2f0c4793,540916.487075806,3296.81780529571
746,8,6,018,86018,,,rpa,2/19/2016 12:13:47 PM,408a6f76-6822-48a4-a04c-ed72ed3a6677,688282.657836914,3502.11679348269
747,8,6,025,86025,,,rpa,2/19/2016 12:13:47 PM,1dd782c2-b515-4de8-b9ea-1990cd28d85b,1373147.75088501,4927.6611728503
748,3,9,007,39007,,,rpa,2/19/2016 12:13:53 PM,7dc6b54f-cc3f-461e-8f0e-a3723dacd779,806713.22064209,7199.13025794197
749,9,5,044,95044,,,rpa,2/19/2016 12:13:47 PM,527febfa-7317-4591-bf67-6b1c20eda7bf,1534227.17501831,6935.64428669354
750,9,4,104,94104,,,rpa,2/19/2016 12:13:46 PM,6b788fb7-856c-4033-b1dd-59785878da37,853912.776664734,4706.34057756108
751,9,4,011,94011,,,rpa,2/19/2016 12:13:46 PM,cb50d9d3-9f48-4a6f-b83e-a7f22fa18495,2629502.80970001,8624.61258220112
752,9,1,070,91070,,,rpa,2/19/2016 12:13:47 PM,34c78618-e3dc-488e-aa93-740e1cfca4d5,1076404.0881424,4753.75719232867
753,4,4,005,44005,,,rpa,2/19/2016 12:13:53 PM,9855feaf-be2e-494a-ab78-fb5cdb3842b7,1348947.24951172,4949.02496082549
754,9,4,125,94125,,,rpa,2/19/2016 12:13:47 PM,954fc923-e076-4002-90ff-31950a1959e6,673696.786361694,4296.78068939755
755,9,5,019,95019,,,rpa,2/19/2016 12:13:47 PM,aec2dd2e-6f61-4c3b-ad0a-137164dcd235,686677.545394897,3400.47109301478
756,9,4,116,94116,,,rpa,2/19/2016 12:13:47 PM,80b64a1c-357f-45c8-9f28-57bf59934d37,716499.257049561,3591.7629227699
757,3,7,006,37006,,,rpa,2/19/2016 12:13:53 PM,2f253808-e934-4767-bc70-d6a4dcc6f024,448605.406188965,2765.21087183809
758,8,7,024,87024,,,rpa,2/19/2016 12:13:46 PM,f5a94f8e-6718-4d91-86c0-984b5c1cd1da,895186.792694092,3910.73330828036
759,3,1,041,31041,,,rpa,2/19/2016 12:13:52 PM,9c2c78ac-9082-49d0-8108-dfd3577c00c7,547039.879688263,4512.95989346884
760,3,9,037,39037,,,rpa,2/19/2016 12:13:53 PM,21f637eb-6f6d-4a6e-a489-c446f9a01aa3,531333.954566956,3856.97382434025
761,2,2,002,22002,,,rpa,2/19/2016 12:13:46 PM,52cf25bd-6ab5-46b3-a982-c757664f9302,864222.533958435,4501.28521863764
762,2,8,005,28005,,,rpa,8/24/2017 7:52:19 AM,89615edd-60ca-4106-9efd-06861ce3683f,370706.059196472,3423.79411616444
763,9,4,120,94120,,,rpa,2/19/2016 12:13:46 PM,73abc8be-867f-4e5a-a614-579c9cd54b8b,1154309.5154953,4487.37467051796
764,9,5,064,95064,,,rpa,2/19/2016 12:13:47 PM,24a5d4f0-49b3-449a-afb3-7fad84183051,364227.525054932,2594.25936227881
765,9,5,055,95055,,,rpa,2/19/2016 12:13:47 PM,96aab198-e131-496b-b9f5-6c62ecccc7c9,836003.38973999,3602.88637700965
766,9,5,048,95048,,,rpa,2/19/2016 12:13:47 PM,93b83da4-8f9d-4b8d-83ce-382fede76e6e,878791.501464844,3780.03000322281
767,9,5,054,95054,,,rpa,2/19/2016 12:13:47 PM,efef663d-2b39-4d69-a8c4-8d2018da134a,1620922.34725952,5718.24444882156
768,9,5,065,95065,,,rpa,2/19/2016 12:13:47 PM,bbaf079e-e511-4931-8a69-fe848d46a01d,620427.927703857,3981.70647754325
769,9,5,011,95011,,,rpa,2/19/2016 12:13:47 PM,3b2d4228-eac1-4bd0-b142-3b9b5798495b,604545.562957764,5092.12817201849
770,9,5,007,95007,,,rpa,2/19/2016 12:13:47 PM,4376593c-f73b-411e-97f3-6caa7327fe89,1138260.05915833,4633.6682994929
771,3,9,077,39077,,,rpa,2/19/2016 12:13:53 PM,f6db10e6-6941-4fd6-b268-dccf8b80710d,486289.308639526,3168.37209637976
772,3,9,078,39078,,,rpa,2/19/2016 12:13:53 PM,d22ab6c0-7998-44e0-869e-9025136a05cf,650177.290107727,3850.24177711784
773,3,6,006,36006,,,rpa,2/19/2016 12:13:53 PM,01b10327-88a8-46af-a1f0-bd0e2a866b8d,1418979.93218994,5423.80852130498
774,9,4,124,94124,,,rpa,2/19/2016 12:13:46 PM,41245176-8704-4141-9833-e75350205715,1349753.49380493,5320.03005594589
775,9,4,131,94131,,,rpa,2/19/2016 12:13:46 PM,1608291a-82ca-4416-b746-d10e9914eaa9,580072.865959167,3502.21924746842
776,9,4,028,94028,,,rpa,2/19/2016 12:13:46 PM,2830df7f-57ae-47b4-826d-2388fc4a0027,861017.770111084,4213.1919590571
777,9,4,034,94034,,,rpa,2/19/2016 12:13:46 PM,54db3425-cd65-4880-8125-5e411c1a3ac1,821130.964172363,3614.12919764534
778,4,3,027,43027,,,rpa,9/11/2018 8:23:22 AM,86faf1f9-8e6d-4828-98bc-68e9e2535cc0,716893.301635742,3425.12298904801
779,9,5,060,95060,,,rpa,2/19/2016 12:13:46 PM,b71783cf-2ba9-4871-a141-64c5c9b85b16,665432.629165649,4923.42424313191
780,9,5,061,95061,,,rpa,2/19/2016 12:13:46 PM,b7ad3fd0-4889-4adc-9dde-4ce9d929f8fe,621155.82510376,3397.2029161869
781,9,5,029,95029,,,rpa,2/19/2016 12:13:46 PM,37b83a98-b1e2-48aa-bf5c-b2fa9cf70736,1292616.68112183,5557.99446128377
782,9,5,030,95030,,,rpa,2/19/2016 12:13:46 PM,af96f683-fa2c-4e9e-bb8f-f06cf5f62b97,1413712.87451172,5675.44194719948
783,9,5,032,95032,,,rpa,2/19/2016 12:13:46 PM,c4597106-c064-4689-828a-727e0d045c9f,755930.401763916,4240.91422716445
784,9,5,033,95033,,,rpa,2/19/2016 12:13:46 PM,75dd0425-3cfc-45cb-bba3-27ccc3777b5b,1450749.87698364,5423.80719996771
785,9,5,015,95015,,,rpa,2/19/2016 12:13:46 PM,84c18ba0-9de1-4bf7-abb1-c09f442f1686,787673.901290894,4707.60157388577
786,3,3,015,33015,,,rpa,2/19/2016 12:13:52 PM,7fc69839-92d5-474c-b899-47c1bc38f27f,773788.998352051,4469.1826096782
787,4,2,035,42035,,,rpa,2/19/2016 12:13:53 PM,1fd71a5e-202c-4645-ac32-61cc9f957fa0,681759.12387085,3981.8894590692
788,8,9,010,89010,,,rpa,2/19/2016 12:13:46 PM,c03dab5c-a030-424c-9a74-f310e969c61b,1246363.02818298,6000.70441555101
789,9,4,121,94121,,,rpa,2/19/2016 12:13:46 PM,a3003f3a-a1ea-4138-ad52-dfc7be955b81,907629.652755737,3884.17807166347
790,9,5,031,95031,,,rpa,2/19/2016 12:13:46 PM,df8fcb56-9463-4bab-889c-c48c2fd9b348,801715.584487915,4095.56284728004
791,9,8,022,98022,,,rpa,2/19/2016 12:13:47 PM,b6a7006c-5e93-4df5-8a44-8a14253431f4,839360.696395874,3740.90693787455
792,7,3,005,73005,,,rpa,2/19/2016 12:13:46 PM,8b264337-1bbb-4982-a0d0-8fe8434b5627,661122.517974854,3569.78699258296
793,9,5,050,95050,,,rpa,2/19/2016 12:13:46 PM,d433de80-29a6-4a06-abfa-3f0d2d194458,1118952.03660583,4736.21639160485
794,9,4,049,94049,,,rpa,2/19/2016 12:13:46 PM,48ff035d-32f7-4bd9-a953-75d31ce401ad,2230604.45801544,6644.98040566105
795,9,4,092,94092,,,rpa,2/19/2016 12:13:46 PM,4c26d44b-e3d8-4a61-b4a6-1deb12c84fae,1222993.23744202,4419.97219031855
796,9,5,045,95045,,,rpa,2/19/2016 12:13:46 PM,3b10d8ce-32b8-44c1-aae7-b7ff05b33adf,804088.941390991,4292.0893923021
797,9,5,053,95053,,,rpa,2/19/2016 12:13:46 PM,417abb80-32c6-44aa-8a48-8fb3380985bb,2173515.98614502,6072.11626191553
798,9,8,043,98043,,,rpa,2/19/2016 12:13:46 PM,5b57f79b-02be-4fc5-a51e-659a4fefa16e,779234.816360474,5388.62592797406
799,9,8,057,98057,,,rpa,2/19/2016 12:13:46 PM,3d481f51-9f28-4e92-8400-6f274a84f24a,1252401.97807312,4744.61893117796
800,2,7,020,27020,,,rpa,2/19/2016 12:13:52 PM,eab24816-6f65-41a6-80f5-d19e88725279,1213011.77965546,4451.3332871671
801,9,4,024,94024,,,rpa,2/19/2016 12:13:47 PM,5dfdb66a-348a-4b39-bb5b-2fcc8e39e25b,632906.831550598,4268.4701620757
802,9,5,052,95052,,,rpa,2/19/2016 12:13:47 PM,0c09d9d7-c8b2-4975-b0c6-d4907380fbff,1034050.31710815,4687.91689929348
803,3,9,071,39071,,,rpa,2/19/2016 12:13:53 PM,62a6267c-84df-43e6-ab5f-0219a1035f04,902244.162948608,3839.93882209655
804,9,2,009,92009,,,rpa,2/19/2016 12:13:47 PM,61c155f2-cd6f-47b7-9f67-abe9a99fdf8d,1159520.26313019,4310.38380420864
805,8,6,017,86017,,,rpa,2/19/2016 12:13:46 PM,3efbcaf3-f6f7-4be9-996c-d1167040ec83,689449.519836426,3523.03057506036
806,8,6,016,86016,,,rpa,2/19/2016 12:13:46 PM,c6bf9973-501c-4419-b07a-7440482036b4,374094.824691772,3396.77018644547
807,4,4,032,44032,,,rpa,2/19/2016 12:13:47 PM,40134d22-eaf5-4786-9192-321725fcfb3e,680244.379852295,3583.54532127017
808,9,9,025,99025,,,rpa,2/19/2016 12:13:46 PM,fb01c5ba-e9e3-423a-81a9-2aface47f143,801178.081787109,4358.20659256805
809,9,8,044,98044,,,rpa,2/19/2016 12:13:46 PM,95344b8f-c9d7-4b81-b7cd-07477d6dd15a,837894.621864319,5239.83960196832
810,9,8,045,98045,,,rpa,2/19/2016 12:13:46 PM,e4f159ff-5b1c-4c95-b47a-542df8a03787,1269365.4341507,5498.98168064265
811,1,4,010,14010,,,rpa,2/19/2016 12:13:46 PM,2a8f7894-52a2-49fd-abb5-db14b12c5b78,604735.622306824,3853.44089842685
812,4,5,066,45066,,,rpa,2/19/2016 12:13:47 PM,6f08f592-447f-45fd-80d7-187bea301734,716222.687332153,3674.26793344953
813,2,3,023,23023,,,rpa,2/19/2016 12:13:47 PM,c9324603-fc7d-41c1-a63f-85b4cbaf0acb,249838.62436676,2309.46792250327
814,8,4,012,84012,,,rpa,2/19/2016 12:13:46 PM,29e8a629-305a-458d-b371-692d464edc77,664857.067077637,3579.25038072382
815,8,9,012,89012,,,rpa,2/19/2016 12:13:46 PM,fd087466-a786-47bc-9a71-87e65d41cc65,886398.216804504,4511.53136747709
816,8,9,014,89014,,,rpa,2/19/2016 12:13:46 PM,9538b4a2-8f71-42d2-ad56-28a9b9189fce,474734.902633667,4810.29773571956
817,8,9,015,89015,,,rpa,2/19/2016 12:13:46 PM,ea4c1cd2-99d5-4f90-8196-eb9c6a723403,366366.511260986,3332.83294536179
818,1,1,034,11034,,,rpa,2/19/2016 12:13:46 PM,0ec61a4c-e358-4c88-b974-cc548bf32580,897374.804344177,4610.8048731275
819,2,9,040,29040,,,rpa,2/19/2016 12:13:53 PM,ee0a8b14-110d-4a4b-bffd-9f32f8590b17,781481.017402649,4162.85709248166
820,4,5,067,45067,,,rpa,2/19/2016 12:13:47 PM,94413701-3085-4fcf-b17f-ca56a511a1a3,695492.349075317,3621.03853042777
821,4,3,078,43078,,,rpa,2/19/2016 12:13:47 PM,28d78b2f-9a02-49e5-a7ee-c95abcca83b0,1016156.66801453,4407.08342695664
822,9,7,060,97060,,,rpa,2/19/2016 12:13:46 PM,3a635036-7641-4a8d-b0d7-8f044a2ee9ad,1253645.43280029,5350.24545752304
823,9,7,096,97096,,,rpa,2/19/2016 12:13:46 PM,7c49c4ca-05d2-4e0f-b006-8a64551634ad,674359.594833374,4723.18601267495
824,2,9,043,29043,,,rpa,2/19/2016 12:13:53 PM,9eeea275-ded5-482e-ad9d-8da6ba1a86c3,1291882.76059723,5549.86176302593
825,9,9,066,99066,,,rpa,2/19/2016 12:13:47 PM,d63bfa32-e20f-45aa-a1c4-9e259e140a40,423727.17514801,3474.47818772552
826,9,9,061,99061,,,rpa,2/19/2016 12:13:47 PM,fa5f092f-d041-44ce-aa88-b42dfb2be7ac,364126.87147522,3273.12815249429
827,8,6,013,86013,,,rpa,2/19/2016 12:13:53 PM,b1e41d32-dc64-4271-8ecd-bf76a4210cb2,2488082.78623962,6684.12572571347
828,4,5,110,45110,,,rpa,2/19/2016 12:13:53 PM,a52abe6b-c9bc-4915-89c8-7b44712c2162,224567.320220947,2294.8873159858
829,8,6,004,86004,,,rpa,2/19/2016 12:13:54 PM,c1c0d6d0-d295-4f31-9850-78c66b9c3c6d,2660396.87684631,6662.7961541688
830,8,6,026,86026,,,rpa,2/19/2016 12:13:53 PM,c9929d83-a245-46bf-abd2-1fab941f03fd,1107765.10639954,5808.52402462052
831,9,4,103,94103,,,rpa,2/19/2016 12:13:53 PM,f16a454a-8660-421f-83e1-4eaa7808514f,713705.00630188,3892.81936047944
832,4,5,007,45007,,,rpa,2/19/2016 12:13:53 PM,c176cd6e-35b7-406d-90bd-32af139b11ba,463373.400253296,3600.39832723692
833,4,5,054,45054,,,rpa,2/19/2016 12:13:53 PM,8b69340c-70be-4ecf-a55f-47104274b4ca,780407.228393555,3657.30421019885
834,3,4,016,34016,,,rpa,2/19/2016 12:14:00 PM,f0407cf3-b4ad-4e0e-b092-e602cf3d141d,836184.927764893,3868.53485709074
835,9,1,058,91058,,,rpa,2/19/2016 12:13:53 PM,f12cc887-746c-4e2c-8476-4ec66e4d943e,212804.715950012,1994.71306172787
836,8,7,020,87020,,,rpa,2/19/2016 12:13:54 PM,13351532-6f9c-45c6-a0ea-43972096b68d,693447.353309631,3347.9181554527
837,2,8,026,28026,,,rpa,2/19/2016 12:14:00 PM,e6aa4e09-d2ae-48e1-b92c-bf0fa429370d,393691.559158325,3090.36227748724
838,2,5,006,25006,,,rpa,2/19/2016 12:14:00 PM,fc2f63f8-35ed-4e0e-b1ae-9a50ba76797f,337946.987220764,3262.51036997105
839,1,7,007,17007,,,rpa,2/19/2016 12:14:00 PM,160e3def-b326-4d77-a90e-6b006de0148f,322935.999450684,2764.58183629941
840,1,7,032,17032,,,rpa,2/19/2016 12:14:00 PM,5998d751-28d1-486d-9997-ac6fb13d3b28,514387.917694092,3098.99655869414
841,1,7,033,17033,,,rpa,2/19/2016 12:14:00 PM,9ff3067c-df99-41bb-a59e-8dcb9cea1d02,362264.83290863,2705.60246262981
842,9,4,119,94119,,,rpa,2/19/2016 12:13:53 PM,608d0782-46da-4395-9673-6a441fee242f,777298.511611938,3816.1246018185
843,2,9,073,29073,,,rpa,2/19/2016 12:13:53 PM,45fee141-a1b4-49bd-a2a0-c5362d13cfc9,522194.309501648,2854.50233670367
844,4,1,033,41033,,,rpa,2/19/2016 12:14:00 PM,b42fc54f-7150-4c30-9634-6e66aaf7bf21,1114712.11550903,4201.51130258044
845,4,1,007,41007,,,rpa,2/19/2016 12:14:00 PM,caf1c388-f843-41df-ba16-14fc87beeff9,1246880.28585815,4810.91322903937
846,9,1,049,91049,,,rpa,2/19/2016 12:13:53 PM,44e246db-8a99-4348-a624-6bcae62e8716,606631.154502869,3299.00351861775
847,3,4,024,34024,,,rpa,2/19/2016 12:14:00 PM,a9b65205-ad14-440e-82c3-b29ac977d21d,729762.325195313,5021.69199879222
848,1,1,030,11030,,,rpa,2/19/2016 12:13:54 PM,0f19ec27-08b6-46fa-8b42-1ab445aa14f0,1010522.30477142,5111.65411830903
849,9,9,077,99077,,,rpa,2/19/2016 12:13:53 PM,775979c4-ac59-4e37-ac32-3e67961c19a7,2076208.7051239,6929.44341182837
850,9,1,071,91071,,,rpa,2/19/2016 12:14:00 PM,124261f4-6d59-480a-899c-7b405903b72f,987073.441307068,4184.45163194643
851,6,7,014,67014,,,rpa,2/19/2016 12:14:00 PM,e5455d49-2f57-453e-9690-86ef718a10b8,505268.197113037,3873.44012262938
852,9,4,126,94126,,,rpa,2/19/2016 12:13:52 PM,bcdfce06-c32a-4ae1-8ea1-241578cdb6ef,410501.044876099,2790.19880399993
853,3,4,034,34034,,,rpa,2/19/2016 12:14:00 PM,4724f887-a053-4fab-a90b-a57f51588118,865235.574028015,3781.43140837373
854,4,5,050,45050,,,rpa,2/19/2016 12:14:00 PM,ae06a352-1f4a-4e74-a35b-4500fd7159ef,834681.282424927,4292.5641433552
855,9,4,100,94100,,,rpa,2/19/2016 12:13:53 PM,3dffd31e-f637-4f0b-b578-2174cf99afae,805268.950881958,4525.88212756146
856,2,8,004,28004,,,rpa,8/24/2017 7:52:19 AM,85145de0-e6b9-4566-8e5e-82be46fa0ed1,624966.380966187,3223.23227854949
857,9,7,089,97089,,,rpa,2/19/2016 12:13:54 PM,d2b55ec2-9c32-40bf-a758-441a7bddeb98,1317534.88618469,4602.83044727256
858,2,2,056,22056,,,rpa,2/19/2016 12:14:00 PM,ede818eb-85e9-44a1-904b-90f92c9a555b,693979.774772644,4826.31454954369
859,4,1,012,41012,,,rpa,2/19/2016 12:14:00 PM,95d16099-4c9b-46d1-aa4c-5ffb853938fb,517965.157989502,3336.57645946853
860,4,5,028,45028,,,rpa,2/19/2016 12:14:00 PM,ce6631d3-715d-452a-9728-78d6ea14fc66,731267.049163818,3850.07621391853
861,3,9,021,39021,,,rpa,2/19/2016 12:14:00 PM,5b19f556-7326-4fd6-87a5-5649bb1d6ade,920764.249252319,4614.25422201778
862,4,1,034,41034,,,rpa,2/19/2016 12:14:00 PM,90ca8bcb-adac-4f9b-8251-9476baa73fbf,1065610.74837494,4612.90241786146
863,3,1,013,31013,,,rpa,2/19/2016 12:14:00 PM,09fea519-fb63-4c68-acbb-6b531e341e6e,611928.879692078,3176.13527414511
864,9,7,079,97079,,,rpa,2/19/2016 12:13:54 PM,65a51e11-73c5-49d0-9684-dfe1e2776129,899366.896743774,4355.32636875604
865,1,1,031,11031,,,rpa,2/19/2016 12:13:54 PM,a3840355-516a-482b-b69b-476ccfe02ec9,468437.322471619,3391.46849611085
866,1,1,040,11040,,,rpa,2/19/2016 12:13:54 PM,38a38db8-f481-4c4e-be95-cce603f54914,650439.083869934,5137.67029440257
867,1,9,009,19009,,,rpa,2/19/2016 12:13:53 PM,1b190188-8891-4d7d-986b-e959d0362601,1248210.18100739,4619.18571354157
868,2,9,071,29071,,,rpa,2/19/2016 12:13:53 PM,9803189d-3976-4a23-b6b6-420639066463,901770.831916809,4191.90471792647
869,2,9,070,29070,,,rpa,2/19/2016 12:13:53 PM,7245d502-5cf0-46dc-8e4a-bd7bedf223a1,565291.986320496,5128.1905044172
870,9,5,027,95027,,,rpa,2/19/2016 12:13:54 PM,4221ff75-0f87-4253-a856-6df379940cfe,325622.668487549,8072.59645128372
871,9,5,028,95028,,,rpa,2/19/2016 12:13:54 PM,dbe03690-e5df-4613-a2cb-ee59cdac4bbf,87642.2351837158,4618.47738495618
872,2,9,038,29038,,,rpa,2/19/2016 12:13:53 PM,e97e3ca7-bb41-4126-8d41-313407732895,777732.591644287,3764.7849169727
873,1,1,038,11038,,,rpa,2/19/2016 12:13:54 PM,f112cdbe-fd06-4c55-82cd-bd2dcb4841b3,1090805.37554169,6215.35998768013
874,1,1,036,11036,,,rpa,2/19/2016 12:13:54 PM,2720c6d8-a57f-4a87-a956-a4c905f20c15,524863.772872925,3191.56889241159
875,8,6,009,86009,,,rpa,2/19/2016 12:13:54 PM,6e414958-b54d-4962-9e86-14cc6d65f5c4,2868166.37516785,7866.8456812365
876,8,6,014,86014,,,rpa,2/19/2016 12:13:54 PM,2306bc79-df80-42a8-bb98-90569d796ccd,1509733.99386597,6696.21511449555
877,2,3,031,23031,,,rpa,2/19/2016 12:13:53 PM,6dff9c14-9585-402f-8ccb-a66065ecd9c1,456624.185112,2788.49798219289
878,1,8,032,18032,,,rpa,2/19/2016 12:13:53 PM,d9e66a35-b084-474b-b3d4-08e519a922ac,680768.30229187,4344.64154053806
879,7,3,008,73008,,,rpa,2/19/2016 12:13:53 PM,162fe3b5-b727-4089-b080-36867e3da3da,844715.518890381,5233.68502673658
880,9,7,071,97071,,,rpa,2/19/2016 12:13:53 PM,2bd7ec9b-1663-4a40-9646-dc33c00530fb,817024.384841919,4319.74478637324
881,1,4,017,14017,,,rpa,2/19/2016 12:13:53 PM,984bd474-8d14-42e7-aaba-f1265ec51125,1048983.26083374,4709.09638945055
882,2,9,028,29028,,,rpa,2/19/2016 12:13:53 PM,ca73ae49-10ad-4c67-8a66-adf7a2797e33,160354.567825317,1631.31415117833
883,2,9,029,29029,,,rpa,2/19/2016 12:13:53 PM,eecb3322-2368-4c11-831e-b873f8dd25b3,441798.393211365,4599.99362231223
884,2,9,041,29041,,,rpa,2/19/2016 12:13:53 PM,e65806c1-e1b7-4778-8132-2f6a6de29b50,776846.925895691,4481.15569396758
885,2,9,042,29042,,,rpa,2/19/2016 12:13:53 PM,33ea4667-a0b8-47a8-898f-944d57e68353,766055.050888062,4175.2113547624
886,2,9,039,29039,,,rpa,2/19/2016 12:13:53 PM,f331e670-da2c-40ce-9455-d5a634d0df48,822501.461906433,3964.78788993837
887,3,4,025,34025,,,rpa,2/19/2016 12:13:53 PM,375a66e5-411d-4015-8981-89a4dfd60130,610863.594596863,4728.60810722584
888,7,5,014,75014,,,rpa,2/19/2016 12:13:53 PM,84812bc4-5fd2-4893-88d0-de24fca6969b,938436.869659424,4145.3970072989
889,9,7,078,97078,,,rpa,2/19/2016 12:13:54 PM,a06904cb-7687-4280-a373-bce542396314,1029889.97280884,4831.7720634054
890,7,5,002,75002,,,rpa,2/19/2016 12:13:53 PM,d3c44480-2f9e-4cbb-877b-2f69387099f1,869104.749237061,4158.61866577679
891,5,3,002,53002,,,rpa,2/19/2016 12:13:54 PM,b947b908-522f-4bfa-8607-bb3b08727732,1317188.59690857,11813.8791310917
892,2,4,037,24037,,,rpa,2/19/2016 12:13:53 PM,b1cf8590-9608-4860-bd01-88784753a75f,642036.890228271,4005.66916537818
893,1,1,032,11032,,,rpa,2/19/2016 12:13:54 PM,da530788-4982-436b-8a93-4d9d4e07a2d1,876884.444343567,4871.27576240228
894,1,1,033,11033,,,rpa,2/19/2016 12:13:54 PM,08132806-faaf-4948-a36b-2d8f8f55a5af,863620.479911804,4629.01843156787
895,2,4,042,24042,,,rpa,2/19/2016 12:13:54 PM,02501c55-2ffe-4d4b-9905-c7e88da800e0,506481.498672485,3736.91326340414
896,2,4,040,24040,,,rpa,2/19/2016 12:13:54 PM,cedb736b-cd91-4a83-83ca-34ed875dd966,411326.236549377,3142.17552021932
897,2,4,041,24041,,,rpa,2/19/2016 12:13:54 PM,72fc36ed-32a0-480c-8d63-63d22d3401cf,565295.619728088,3000.14376744242
898,8,5,005,85005,,,rpa,2/19/2016 12:13:54 PM,a2d2fb5d-1f2b-4834-8ad1-11d4a74dc015,9788770.40505981,15617.674114867
899,9,9,059,99059,,,rpa,2/19/2016 12:13:54 PM,4911e46e-feac-4063-bebe-ac2c4d0f550e,886412.9688797,5069.47770660809
900,9,9,062,99062,,,rpa,2/19/2016 12:13:54 PM,23522c21-c332-4e31-a6f0-db0bb2db01ba,622170.535270691,4661.41535517235
901,2,7,005,27005,,,rpa,2/19/2016 12:13:54 PM,7bf61603-26e7-4921-9599-716e4a0f427e,487646.649452209,2840.05358369006
902,1,8,019,18019,,,rpa,2/19/2016 12:13:53 PM,8744193b-a47d-4e85-801a-fa9a7ee5b10e,598438.107879639,3274.59977803601
903,3,2,006,32006,,,rpa,10/2/2018 9:23:07 AM,dbb3ff22-f1d7-421d-88ad-df58356bbdac,494716.377655029,2840.55717433634
904,2,7,031,27031,,,rpa,4/13/2016 9:12:36 AM,00615267-17e4-4153-ac96-4f67b03dc9d4,427397.51914978,2822.68077510042
905,7,5,003,75003,,,rpa,2/19/2016 12:13:54 PM,dfea65d9-2fe7-4918-ab95-915f044eca1c,991490.583786011,4123.28263305334
906,1,9,004,19004,,,rpa,2/19/2016 12:13:54 PM,67a2eb54-d854-4e60-b2cb-83fa1e10d59c,1025003.16471863,7223.43449321661
907,8,7,030,87030,,,rpa,2/19/2016 12:13:54 PM,45db43d7-d175-4c0e-8d5a-8c57bb9bdc58,593527.352394104,3303.12640442873
908,2,2,022,22022,,,rpa,2/19/2016 12:13:54 PM,621953b5-8c16-4558-b920-7fcabec669ff,1572173.15233612,5904.2329864005
909,1,1,041,11041,,,rpa,2/19/2016 12:13:54 PM,77ff6fa1-71ae-48c0-bab1-e58dc42f6e96,803465.171440125,5107.32690199586
910,1,1,042,11042,,,rpa,2/19/2016 12:13:54 PM,71cecee5-517f-43d9-907d-1a7082a96d23,784604.117240906,5615.9122693332
911,1,1,043,11043,,,rpa,2/19/2016 12:13:54 PM,07d2bf9d-a026-48b7-bbd1-046db363b4ef,941554.568702698,4367.97209223229
912,8,6,022,86022,,,rpa,2/19/2016 12:13:54 PM,f2d57e4a-09bc-4010-ad96-c64b52547ca6,536866.194381714,3246.05740612652
913,9,4,072,94072,,,rpa,12/12/2016 8:31:38 AM,ac4499a8-b73e-4276-a2af-7396cce39118,947783.434341431,4015.6254518864
914,2,5,015,25015,,,rpa,2/19/2016 12:14:00 PM,6d849ba7-5933-47bc-99f2-863dd662dbc0,367634.598625183,3251.74273967695
915,5,3,015,53015,,,rpa,2/19/2016 12:13:53 PM,007919d3-aaff-410f-a409-8ce4faa5fb26,2061799.52676392,5908.91282282554
916,2,3,020,23020,,,rpa,9/20/2018 8:20:19 AM,0c6ac088-26bd-45fc-92b4-e7ae0c0fa505,458349.730201721,2956.00811979069
917,5,4,007,54007,,,rpa,2/19/2016 12:13:53 PM,9886c9cb-388a-45d9-9631-f18ff3f8ad60,851126.616455078,4606.02502879428
918,9,7,083,97083,,,rpa,2/19/2016 12:13:54 PM,54ee9c54-5cbf-48bd-8170-6e098e8de712,1004885.71548462,4752.35562686572
919,9,7,080,97080,,,rpa,2/19/2016 12:13:54 PM,a80fb615-c68d-4fbd-b7a8-ca4ea8dcd6f5,723404.908370972,3730.27589085572
920,2,2,055,22055,,,rpa,2/19/2016 12:13:53 PM,c693beab-87d2-41a1-a704-62eb54ce1a47,1051787.11147308,4194.48609336161
921,2,1,013,21013,,,rpa,2/19/2016 12:13:53 PM,7cde4d57-143c-436f-a17f-fd0250b57377,358176.828125,2606.06399075544
922,2,1,036,21036,,,rpa,2/19/2016 12:13:54 PM,a6912ec8-d274-496d-896e-90e42eb363e1,375999.000663757,2610.83904694217
923,2,1,046,21046,,,rpa,2/19/2016 12:13:54 PM,7b06d60d-6608-4f03-88e3-3e2ec1afbfe9,276865.354347229,2454.16843465162
924,9,8,009,98009,,,rpa,2/19/2016 12:13:53 PM,d84bd637-cb21-492b-aecb-f1e1db4a0a6d,1867262.61656189,6893.50031687353
925,1,1,047,11047,,,rpa,2/19/2016 12:13:53 PM,e5d080d7-4347-45b6-8aeb-2df443315455,658602.122077942,4873.59204077843
926,1,1,046,11046,,,rpa,2/19/2016 12:13:53 PM,6a00032f-f384-415b-b120-78a389404f0d,603190.583145142,4008.3977291953
927,8,7,027,87027,,,rpa,2/19/2016 12:14:01 PM,8b60838c-7b6a-45dc-91d8-fb47f36b77b6,692447.76158905,3359.38512354898
928,4,8,002,48002,,,rpa,2/19/2016 12:13:53 PM,75dad28b-f4f8-4487-a997-3cf6da3a9b05,954201.443893433,8468.84860296164
929,1,8,007,18007,,,rpa,2/19/2016 12:13:53 PM,6dae8c4e-2c6f-4650-a3f9-97f47e694b48,895647.766853333,4777.45332786373
930,4,8,011,48011,,,rpa,2/19/2016 12:13:53 PM,1706a69e-d408-4089-b90c-b08867b3eb33,2454498.52597046,11044.5320264234
931,2,9,036,29036,,,rpa,2/19/2016 12:14:00 PM,8454e0cf-dd4c-4614-a53d-4a298fad35fa,2095551.52381134,6462.52642337567
932,4,2,097,42097,,,rpa,2/19/2016 12:13:53 PM,6a9008e7-7305-4f9b-a158-9dfa97fb8ae3,915616.438392639,5260.8347264475
933,3,9,046,39046,,,rpa,2/19/2016 12:13:53 PM,f1c1b52a-3549-4b61-a7d7-9e7b030285a8,806464.803665161,3701.18278872313
934,1,8,029,18029,,,rpa,2/19/2016 12:13:53 PM,4b2f2193-4c38-4159-aa83-a762f14bbb6e,678324.850837708,4237.78251192696
935,1,1,044,11044,,,rpa,2/19/2016 12:13:53 PM,a1c0ca44-561a-4bc2-b0cd-5d2472e69140,901554.809944153,6851.36568222857
936,1,7,010,17010,,,rpa,2/19/2016 12:14:01 PM,8e4f9f13-f2c3-44cc-832a-a3c465daf0f2,350559.122627258,2567.61353491964
937,2,5,016,25016,,,rpa,2/19/2016 12:14:00 PM,310c496a-fd53-4e82-ae42-ab5a5c0c08ff,950279.795776367,4118.88140648753
938,1,1,045,11045,,,rpa,2/19/2016 12:13:53 PM,f6bbccb2-8f6d-4790-9922-7d1b078581cf,1122453.47618103,4946.91943483538
939,2,3,011,23011,,,rpa,2/19/2016 12:13:53 PM,3216e74e-29f6-4d9a-98ca-c7e93727608a,517580.913841248,2937.64763248257
940,1,8,031,18031,,,rpa,2/19/2016 12:13:53 PM,1929b28d-c89f-4ece-b503-c9cf0d75e1bd,620088.330802917,5116.5901385707
941,1,7,002,17002,,,rpa,2/19/2016 12:13:53 PM,f377e5d8-1cca-4268-8c3e-7927e73dfcba,552319.689842224,3413.2362706657
942,9,1,099,91099,,,rpa,2/19/2016 12:14:01 PM,0d659d05-4cfd-42b2-a238-80c751d6b167,808547.803268433,6047.89636569569
943,9,1,081,91081,,,rpa,2/19/2016 12:14:01 PM,6f25a9d3-3eea-47b7-83a1-f77be8fd1a43,921158.727264404,5171.16296260611
944,9,5,062,95062,,,rpa,2/19/2016 12:14:01 PM,52a3a8f5-0850-4660-a25c-89737836388d,867382.767562866,3651.89154966707
945,4,3,041,43041,,,rpa,9/11/2018 8:12:50 AM,db79ae62-4056-409a-a5a2-59ee8ad6c70d,527478.359283447,2929.34738867084
946,9,5,086,95086,,,rpa,2/19/2016 12:14:01 PM,529dc025-cea1-4757-9395-b1cd3f93aaa1,1198132.17018127,6537.09619717748
947,2,2,009,22009,,,rpa,2/19/2016 12:14:01 PM,b1bc7cd3-ee76-4df2-b760-96b9e4269002,713004.425842285,3554.08271681406
948,9,1,084,91084,,,rpa,2/19/2016 12:14:01 PM,8077a202-8375-4d54-8d81-5ee5c82d7a6f,760135.039199829,5573.2640398082
949,9,5,059,95059,,,rpa,2/19/2016 12:14:01 PM,a0800768-141b-404d-ac7b-9b8b8f464068,963772.07244873,4307.9679979569
950,9,5,063,95063,,,rpa,2/19/2016 12:14:01 PM,50840b87-a707-472c-942e-7f0d1e5dffc3,1236184.23200989,5018.1796435691
951,9,5,057,95057,,,rpa,2/19/2016 12:14:01 PM,bb16432d-073a-4e91-b522-488a9ebf9c60,1170144.80123901,5043.81609831299
952,9,5,083,95083,,,rpa,2/19/2016 12:14:00 PM,4042f9db-1a55-4a48-acba-0c2b6a4d095d,635771.715255737,5160.48609217514
953,2,1,049,21049,,,rpa,12/4/2017 12:28:23 PM,1f26446b-c53c-48df-89c3-bf56283097fe,953319.1563797,4023.81666550202
954,9,5,091,95091,,,rpa,2/19/2016 12:14:00 PM,f3502f20-5b15-4234-a0c1-2a2d67858485,723038.270568848,3792.76899031425
955,9,5,077,95077,,,rpa,2/19/2016 12:14:01 PM,c7df0431-d733-450c-a72d-585be11448e6,658336.394989014,3635.41956749053
956,9,5,084,95084,,,rpa,2/19/2016 12:14:00 PM,e2bc1854-b52a-4f8f-86d1-03042bb829b1,637745.06300354,3615.59708548398
957,9,5,090,95090,,,rpa,2/19/2016 12:14:00 PM,a6535195-af4e-4c0a-8370-372dc0c56020,970204.584381104,4976.85832442928
958,2,9,067,29067,,,rpa,2/19/2016 12:14:00 PM,745f0086-c1b3-4b0e-a503-69d039b8e0fd,812365.498443604,3978.89877005004
959,9,5,080,95080,,,rpa,2/19/2016 12:14:01 PM,dc602a62-04b7-4e9d-b218-c8381e140ea1,262738.935272217,5564.91213545231
960,9,5,073,95073,,,rpa,2/19/2016 12:14:01 PM,91e7c29e-2a99-44db-88f8-118963a32356,450169.201293945,7693.74533353404
961,9,5,092,95092,,,rpa,2/19/2016 12:14:00 PM,48541da1-0017-4d09-a022-71bcf49c8391,624617.117233276,5048.14161385077
962,2,4,033,24033,,,rpa,2/19/2016 12:14:00 PM,5aa1a8a2-e4f3-4baf-8066-58ec8924b3e5,1203070.69645691,4992.065930604
963,9,5,082,95082,,,rpa,2/19/2016 12:14:01 PM,d3b504aa-08fd-4db1-96af-f5216cf0f40b,476685.328018188,3821.82155357017
964,9,5,079,95079,,,rpa,2/19/2016 12:14:00 PM,c1a1be99-61ae-4195-9e8c-1e6a9bebf9b2,438633.335861206,5082.66901602933
965,9,5,013,95013,,,rpa,2/19/2016 12:14:00 PM,667a4788-0063-4b00-a6e2-c08160c711c2,3099936.05895996,11837.0730081559
966,3,2,020,32020,,,rpa,5/3/2018 1:57:41 PM,ef468eae-d46f-44fc-b9fc-325245cb5069,725203.761940002,3447.36570578808
967,3,9,003,39003,rpa,8/26/2015 9:22:01 AM,rpa,2/19/2016 12:14:01 PM,df30a94e-ee94-4b94-8393-268428f55667,446307.0587883,2803.87824301449
968,9,5,066,95066,,,rpa,2/19/2016 12:14:00 PM,bde8c239-5ca7-48ec-aace-514ec9add368,1312686.9455719,5856.20180434745
969,9,5,093,95093,,,rpa,2/19/2016 12:14:01 PM,d67aae41-25cb-43b2-b5d8-d0b9396ae727,2298191.42944336,8303.37386544261
970,2,5,011,25011,,,rpa,2/19/2016 12:14:01 PM,8987a736-32e0-496d-bd57-c9aa251d5808,1646102.27984619,8583.64399134996
971,9,1,125,91125,,,rpa,2/19/2016 12:14:01 PM,264f7aa4-287b-42a6-b0a2-4594833a608e,1062493.68839264,4447.21631981289
972,2,5,010,25010,,,rpa,2/19/2016 12:14:01 PM,c31aad34-49d1-4c33-bc31-52ef2fbcf585,2227159.35374451,10887.1205968749
973,9,1,098,91098,,,rpa,2/19/2016 12:14:00 PM,d590b877-f592-4345-9fdf-2df9649eb0b5,810552.807945251,4566.82325464213
974,9,5,081,95081,,,rpa,2/19/2016 12:14:01 PM,cf6bc6fa-b7ae-4ff7-a46c-94f5ac9b9f6c,522416.723617554,4112.28542022494
975,2,2,017,22017,,,rpa,2/19/2016 12:14:00 PM,17ed5449-2e25-491d-89f6-0eb47cb49074,597373.186073303,3418.27928746298
976,2,2,019,22019,,,rpa,2/19/2016 12:14:00 PM,95b6bd78-005f-42d0-bde1-a50d533dd33e,760207.508094788,3891.24655481259
977,9,1,113,91113,,,rpa,2/19/2016 12:14:01 PM,cba7a854-1da0-481b-92cc-5338dc5735a0,939828.407119751,6096.29830683083
978,2,7,014,27014,,,rpa,2/19/2016 12:14:02 PM,c87f32d7-69c7-4eb9-a5a9-c0750436683c,361811.007858276,2798.53413504823
979,2,5,007,25007,,,rpa,2/19/2016 12:14:01 PM,7a28bafc-f757-4d67-bd5a-c0a133d195b4,526752.685050964,4112.00391462824
980,1,6,023,16023,,,rpa,2/19/2016 12:14:00 PM,6f47c5e6-9d00-4b8d-934d-a08123fb8aaf,579034.699264526,3066.41673418046
981,1,7,004,17004,,,rpa,2/19/2016 12:14:00 PM,b8ee859e-7f09-42a9-a922-a8139b73fc40,386491.362548828,2763.68794466994
982,4,3,044,43044,,,rpa,9/11/2018 8:13:16 AM,608ab4b8-defd-41b9-943d-38488c570e41,447824.619979858,2679.33828791669
983,9,1,105,91105,,,rpa,2/19/2016 12:14:01 PM,0d87afb0-1d4c-451e-a3e8-a5a20dee3f2d,512440.897186279,10124.6540287493
984,2,2,001,22001,,,rpa,2/19/2016 12:14:01 PM,c9d8607b-062c-47c8-aba7-253fc4818a3e,1192146.71916962,4474.91667127896
985,2,5,009,25009,,,rpa,2/19/2016 12:14:01 PM,63df603e-902f-44bf-9698-25474c75b887,542855.536476135,3804.59708160031
986,2,3,008,23008,,,rpa,2/19/2016 12:14:00 PM,937094bb-0462-4971-a118-9ad3b1bf89b5,1098383.12451172,4580.20715839328
987,9,1,072,91072,,,rpa,2/19/2016 12:14:00 PM,ae1b2737-8154-40e9-a77c-9170eb24a0dc,730722.556800842,4302.66358779695
988,2,6,016,26016,,,rpa,2/19/2016 12:14:00 PM,1fd96041-1874-43be-b96d-be8379b3ff35,502196.368179321,3396.6855997197
989,2,7,013,27013,,,rpa,2/19/2016 12:14:00 PM,b403b5fe-73a0-48dc-8e86-84d17c8c4714,614120.170967102,3305.90243329303
990,2,6,017,26017,,,rpa,2/19/2016 12:14:00 PM,413d64b2-fd01-4f42-8866-9ea3ae10b0a5,561167.47845459,3014.84023170692
991,7,3,004,73004,,,rpa,2/19/2016 12:14:01 PM,eed9e428-9c1a-440e-88f3-6ca79957b0af,850928.890289307,3994.35869447262
992,2,9,053,29053,,,rpa,2/19/2016 12:14:00 PM,f8722134-cf8e-4aa2-8998-928187103463,683002.150665283,3933.31642130877
993,4,2,006,42006,,,rpa,2/19/2016 12:14:00 PM,b1273ba5-6f1b-4fcf-8046-0ad998679d40,24264944.5747375,27479.7728635069
994,9,5,074,95074,,,rpa,2/19/2016 12:14:00 PM,f4595794-536c-4605-80ea-2295e93dbe85,660287.854598999,3918.58888367418
995,2,3,013,23013,,,rpa,2/19/2016 12:14:00 PM,fc4dbd34-f94a-4961-ae7f-857cbd8073c4,523409.069076538,2964.53476609929
996,2,9,037,29037,,,rpa,2/19/2016 12:14:00 PM,a0666960-dd9d-440a-87d1-c244c15b8495,688932.580062866,5004.43595225338
997,2,2,016,22016,,,rpa,2/19/2016 12:14:01 PM,5d127970-3622-4e69-8cfb-48af1c20e869,757656.631988525,4206.40480273616
998,2,5,022,25022,,,rpa,2/19/2016 12:14:01 PM,027a34aa-936b-4586-97db-a84f0736aaf1,659243.680412292,3785.62896199492
999,5,4,008,54008,,,rpa,2/19/2016 12:14:01 PM,cf16cac4-b4bd-4142-a629-1096984d71ec,807100.205047607,4618.82511402614
1000,2,2,018,22018,,,rpa,2/19/2016 12:14:00 PM,6899d70b-337d-485f-ae38-3089094d0a64,668525.706138611,3874.29060537608
1001,2,2,007,22007,,,rpa,2/19/2016 12:14:00 PM,4d1c1c4a-bc4f-48f8-9282-1edc1a6d80ee,590506.18561554,3818.67214358893
1002,2,4,014,24014,,,rpa,2/19/2016 12:14:00 PM,3fa1697a-e4c2-462f-a35d-603434a2a971,580870.694107056,3323.7037978198
1003,1,7,011,17011,,,rpa,2/19/2016 12:14:01 PM,5f479105-5cb8-4244-b8ad-2c5f993189c9,552518.116256714,3367.74134091118
1004,2,7,027,27027,,,rpa,12/15/2017 7:38:14 AM,832d6cb6-6071-4e3e-9d22-f61d69fbfc99,726464.938468933,4340.15834286194
1005,3,5,010,35010,,,rpa,10/11/2016 3:29:43 PM,4478087d-e119-4961-b8f6-2066aec2be25,568420.567810059,3293.74560445069
1006,2,2,025,22025,,,rpa,2/19/2016 12:14:00 PM,2fd98b9d-4205-4b85-aeaa-1e762e48b65f,446167.199302673,4996.44692977688
1007,2,2,030,22030,,,rpa,2/19/2016 12:14:00 PM,da2a985d-9103-4190-a2d7-78c3614cd0a7,842886.905075073,4741.88758730624
1008,2,9,066,29066,,,rpa,2/19/2016 12:14:00 PM,4d72a550-3371-47b1-b835-8ad411e535ac,643449.157363892,4038.01697662527
1009,2,2,037,22037,,,rpa,2/19/2016 12:14:01 PM,bf108914-904d-48b2-91e4-4d092c236547,850969.848358154,4234.23931284159
1010,3,4,027,34027,,,rpa,2/19/2016 12:14:00 PM,4ab84c34-49c3-4443-888e-0c8fbf9283f1,855809.053535461,4171.40254607648
1011,2,2,021,22021,,,rpa,2/19/2016 12:14:01 PM,62d09d81-8cfc-4cdf-ba13-797172219336,1370459.80280304,6208.04063553134
1012,2,9,064,29064,,,rpa,2/19/2016 12:14:00 PM,d2e944a8-bb33-4229-8fa6-6deff57011cd,564346.860900879,3857.05288869131
1013,2,9,065,29065,,,rpa,2/19/2016 12:14:00 PM,f5930d8b-6525-4b9d-93b6-371c1ae3ddfd,821902.798080444,4306.46007822057
1014,2,9,001,29001,,,rpa,2/19/2016 12:14:01 PM,231f0a6c-3e24-4038-9ffd-ebe4666159f5,492764.048332214,3378.04929598548
1015,1,7,036,17036,,,rpa,12/12/2017 3:10:53 PM,cc49dddf-ba45-4dbd-8a11-d7b55c70400c,419643.652740479,2648.91424763827
1016,2,2,024,22024,,,rpa,2/19/2016 12:14:01 PM,4e695d66-1666-4cc0-a189-92617591b7d6,991924.840667725,5950.0047478252
1017,2,2,023,22023,,,rpa,2/19/2016 12:14:01 PM,06464d75-20d3-4124-a7e0-ef7f042f4011,1360190.0776825,5330.30442377784
1018,3,4,021,34021,,,rpa,2/19/2016 12:14:01 PM,37f0f855-a8c9-4f17-98b7-42abc486dfa4,5160703.38252258,12022.7384918301
1019,2,2,038,22038,,,rpa,2/19/2016 12:14:00 PM,bb9a5fa8-2323-4770-b41b-6711a731b8c1,549363.74659729,4744.70173555718
1020,2,2,026,22026,,,rpa,2/19/2016 12:14:00 PM,7c56dae2-ddea-4848-b302-e924211e905d,683016.39163208,4524.70972273019
1021,2,2,032,22032,,,rpa,2/19/2016 12:14:00 PM,02536b6f-e2a7-449b-9096-3d597966b7ab,1359109.01860046,5696.07267735739
1022,4,5,024,45024,,,rpa,5/2/2016 12:38:52 PM,0921bffe-e0d1-4913-9953-e4eaef44e610,277642.747634888,2250.94314483522
1023,2,9,044,29044,,,rpa,2/19/2016 12:14:01 PM,74bdffa3-eddf-4bf6-becc-ec21dbdac0ee,969444.018112183,4912.74438469324
1024,1,7,008,17008,,,rpa,2/19/2016 12:14:01 PM,0dea47bf-f5ba-4c98-97d1-40671559e60e,518905.810340881,3084.4302512645
1025,2,2,015,22015,,,rpa,2/19/2016 12:14:01 PM,674218bd-a52d-48dc-99a6-db4481bc6b9d,997081.401954651,4372.98695340788
1026,2,2,031,22031,,,rpa,2/19/2016 12:14:01 PM,f8a8bc3b-90ba-49a7-abde-8212a015062f,1234875.5274353,5496.41762469295
1027,2,5,024,25024,,,rpa,2/19/2016 12:14:01 PM,d555b7e5-844a-4426-a274-afa66e4b1bfd,993512.93056488,6215.00324290027
1028,2,5,012,25012,,,rpa,2/19/2016 12:14:01 PM,1a53b02e-e827-40c5-ad02-30624e98f811,442274.001670837,5111.07578823935
1029,2,7,024,27024,,,rpa,2/19/2016 12:14:00 PM,6e106c60-19fa-4bdb-acdf-ad869bc7efa7,1723747.31924438,5545.78131773394
1030,7,3,007,73007,,,rpa,2/19/2016 12:14:01 PM,d113d1fc-19f2-4916-93e4-a1aa0d1a6d15,8928349.83570862,30911.2789377817
1031,2,4,039,24039,,,rpa,2/19/2016 12:14:00 PM,79dc394a-5a8f-40e1-b5ec-dedabf2819a5,177082.323394775,2555.44928311839
1032,3,4,012,34012,,,rpa,2/19/2016 12:14:00 PM,bf8d0428-51aa-4793-ab80-4924b6166147,881720.503814697,4340.32129208509
1033,2,7,023,27023,,,rpa,2/19/2016 12:14:00 PM,5cd1d6d4-e73b-4a3a-9590-5e4bcad08c7d,360516.678413391,2508.7929836541
1034,2,7,035,27035,,,rpa,2/19/2016 12:14:00 PM,6a94d660-669c-4bf8-9881-a8f594907c0a,845450.681472778,3849.75380599813
1035,9,8,050,98050,,,rpa,2/26/2018 2:26:34 PM,07a78424-8f3b-4ce2-979d-bcec4df80448,1140639.27319336,4612.78358016111
1036,2,5,017,25017,,,rpa,2/19/2016 12:14:00 PM,6fc57f4b-a7ee-4cb1-bf6b-8bd3dbf6ef03,607069.248321533,6953.97875323593
1037,2,5,021,25021,,,rpa,2/19/2016 12:14:00 PM,99e0bda4-63ca-419d-b0f2-480f85007c19,458941.586334229,3503.03063548058
1038,2,5,023,25023,,,rpa,2/19/2016 12:14:00 PM,ff0f33a3-2609-4af0-9405-d334b3fac38f,616235.903953552,3812.70769454547
1039,2,6,011,26011,,,rpa,2/19/2016 12:14:00 PM,61b75068-cf75-420c-973f-9f6d0ccfcf42,565863.893768311,3111.95479435231
1040,7,3,014,73014,,,rpa,2/19/2016 12:14:00 PM,e013b7b9-dc78-4ea6-8b2d-cf4f766da104,559045.913711548,3007.09118010752
1041,2,5,014,25014,,,rpa,3/14/2016 1:23:34 PM,856b4894-d546-42ad-a2f2-abaab6ba8a6d,701746.247993469,4768.04557975329
1042,3,5,013,35013,,,rpa,3/15/2016 7:17:01 AM,bd8c6c56-43c6-45da-b559-4bb25663478e,510339.890277863,4061.20152948216
1043,9,9,042,99042,,,rpa,2/24/2016 7:29:13 AM,5f23c9c2-03bf-4def-9c52-c7b4a6f809ae,795785.547042847,3847.83924733063
1044,2,1,024,21024,,,rpa,3/9/2016 6:53:01 AM,7aaae788-9052-4312-aedb-e5a9f5fdd636,482416.430366516,2998.86878684214
1045,2,6,004,26004,,,rpa,10/27/2016 1:32:27 PM,6ec2f746-20c6-4b49-97a6-09d639fdd4b7,322937.824504852,2402.44046998005
1046,2,4,027,24027,,,rpa,2/24/2016 11:44:48 AM,0130d46c-f0fd-44bb-a2e1-464682a5549c,534894.503417969,3631.22804529149
1047,3,5,014,35014,,,rpa,3/15/2016 7:15:41 AM,3744e34a-1a41-45fa-a419-21f863d240b0,671990.234703064,3902.57679952156
1048,3,5,009,35009,,,rpa,3/15/2016 7:18:51 AM,63a7090d-abcc-48d2-b375-6a98584987b9,800955.70690155,3989.14666786723
1049,9,2,010,92010,,,rpa,2/24/2016 6:44:19 AM,2feffa81-d4ee-440d-87ad-465b0d2eba42,1063528.80149078,4257.6364317978
1050,9,2,011,92011,,,rpa,2/24/2016 6:44:19 AM,b166e01a-7864-4443-9413-61c4009b8c48,854698.315612793,4570.1724157067
1051,3,2,063,32063,,,rpa,3/15/2016 7:10:52 AM,b5e5ebec-0f69-4108-b81f-104886cd63ab,752600.374832153,4101.4287384163
1052,3,1,045,31045,,,rpa,3/15/2016 7:14:24 AM,c17a2fe6-217c-4977-8364-817da4f56750,639601.519508362,4312.26686647721
1053,3,2,054,32054,,,rpa,2/23/2016 7:10:31 AM,c3ca7b3a-6a50-4b3e-9331-956eec8e5f18,539463.871494293,3044.72079540993
1054,3,5,007,35007,,,rpa,3/15/2016 7:18:59 AM,d568b107-50ea-4ec8-b545-e6d3d13263f1,610854.838321686,4237.34636406653
1055,9,1,119,91119,,,rpa,3/3/2016 9:26:12 AM,7ce941a0-9434-4352-a38a-93aca24ae100,1003176.13063049,6442.89331064174
1056,3,1,046,31046,,,rpa,3/15/2016 7:17:01 AM,e3b61127-7d48-42e2-942e-1599642655dd,610553.795711517,4707.25296091253
1057,3,3,050,33050,,,rpa,3/15/2016 7:44:32 AM,14469103-7f01-4127-a458-39dfee569af2,745090.451721191,4358.87455344752
1058,3,5,032,35032,,,rpa,3/15/2016 7:13:11 AM,89ddeb10-2953-46b3-8383-c581f5dd7f40,679517.081203461,3460.66914522432
1059,3,1,044,31044,,,rpa,3/15/2016 7:17:00 AM,3ca8ee21-178a-435d-92b5-af804862cc5c,587278.23249054,3382.32066969473
1060,3,3,061,33061,,,rpa,3/15/2016 7:47:07 AM,700845f4-2470-4399-a251-ab8d4b021c00,1036539.42754364,6423.00735295885
1061,3,3,046,33046,,,rpa,3/15/2016 7:47:07 AM,5a415a8a-c5b2-47cf-94fb-4fc2a1f55816,440224.14680481,2650.60715885119
1062,3,3,057,33057,,,rpa,3/15/2016 7:47:08 AM,95e54e42-e2d3-4703-94a8-a8a5403838fc,655864.526649475,3945.73169928856
1063,3,3,048,33048,,,rpa,3/15/2016 7:47:08 AM,5a81c2f9-3938-4fd6-a5dc-73f9d7febf0e,508671.066635132,2974.24086654948
1064,3,3,052,33052,,,rpa,3/15/2016 7:45:03 AM,2f518f8d-8a0e-48fa-bf45-7e087e892bd1,613331.401290894,3550.34786451637
1065,3,3,045,33045,,,rpa,3/15/2016 7:47:07 AM,cc9588bc-4bbe-4161-ad7c-94658f454268,403629.136482239,2640.28569528159
1066,3,3,059,33059,,,rpa,3/15/2016 7:47:07 AM,d08972ff-c557-442b-8a29-a3aeddf1c864,516389.36315155,3487.27343719529
1067,3,3,060,33060,,,rpa,3/15/2016 7:47:07 AM,24bf3c86-cc15-46b2-a03f-fb22d0fa4664,822489.674797058,5086.82154027184
1068,3,3,047,33047,,,rpa,3/15/2016 7:47:08 AM,f85ad660-cb38-4afe-8bc8-37698924cb08,679172.779762268,3553.91651647859
1069,3,4,008,34008,,,rpa,3/15/2016 7:47:09 AM,5f2a45ba-650b-4789-b573-5c84f2232f64,713585.475814819,4411.60307133145
1070,3,4,010,34010,,,rpa,3/15/2016 7:47:09 AM,bee2dc39-70a0-4509-b0c7-2c9ffc623364,7870978.19689941,20764.9707813121
1071,9,9,039,99039,,,rpa,4/4/2016 11:08:16 AM,3ef31c43-b905-48a8-86c4-b59abeb10ca7,667106.658683777,3903.61260447011
1072,9,9,038,99038,,,rpa,6/14/2016 8:13:05 AM,9bd78a1c-0f3b-4ecf-b4f8-08c0b6ce276e,673191.367553711,4462.68039490881
1073,2,6,003,26003,,,rpa,10/27/2016 1:32:28 PM,d49be9ff-6018-4ed7-9b56-1dd3762bfdcb,577604.101295471,3464.22393316101
1074,2,8,029,28029,,,rpa,3/15/2016 7:48:35 AM,7660e9c2-c85e-4f0f-85bf-f9c8ba4251ee,4776221.94007111,12317.4449155931
1075,2,8,030,28030,,,rpa,3/15/2016 7:51:01 AM,465fdc57-f43e-4830-9f6c-d4ea16412e1c,555056.308303833,4383.10558867011
1076,6,6,007,66007,,,rpa,4/4/2016 7:29:28 AM,ec462f21-6044-4a4b-9305-48e92646b3d7,2313006.32357788,7768.02924366782
1077,4,5,079,45079,,,rpa,5/2/2016 12:48:08 PM,a915c5ce-4473-44b8-bf2d-770dcf02da49,711998.300720215,3801.49648214859
1078,2,9,013,29013,,,rpa,6/14/2016 6:59:21 AM,4d640236-06af-479a-87ea-30614f0eb307,557617.072151184,4780.55317032252
1079,9,1,092,91092,,,rpa,4/15/2016 7:55:24 AM,40e052c8-0e44-493b-b53d-ffa25526a671,543353.823097229,8452.53329938072
1080,2,9,021,29021,,,rpa,6/14/2016 6:59:20 AM,8764d2f6-0f1d-46c3-bc4f-dcfe8b5179df,724937.655891418,3822.7258904789
1081,2,9,026,29026,,,rpa,6/14/2016 6:59:20 AM,cab1a956-eb69-4311-8c5e-cd8744856d9b,969095.134178162,4194.14041040452
1082,4,7,067,47067,,,rpa,6/14/2016 12:23:02 PM,442093b6-7bb9-4d1c-801d-786011024062,449101.19593811,3569.2523289585
1083,3,3,007,33007,,,rpa,5/31/2016 9:33:20 AM,e0ff1ebf-37c9-468c-9963-974f714eef57,426406.874664307,3907.14809762962
1084,9,5,047,95047,,,rpa,9/12/2017 1:05:50 PM,b4ade077-8071-4f41-85f5-f040fc225446,433817.305450439,2968.31268708715
1085,4,7,014,47014,,,rpa,5/27/2016 9:04:20 AM,699162cf-21bc-4249-9c13-d4f7a1c88dff,1593680.77526855,6367.35633439684
1086,4,2,037,42037,,,rpa,6/3/2016 7:17:22 AM,438bd592-9be6-4ebd-b682-2aabb5932bb1,757009.476348877,3657.37799918206
1087,4,7,032,47032,,,rpa,6/14/2016 12:23:02 PM,29bc369f-6617-481a-904c-473f4d8bb24a,2250086.46925354,6906.67358818104
1088,4,7,039,47039,,,rpa,6/14/2016 12:23:03 PM,b713d225-08af-4cee-a6af-da6817165bb6,2704015.26794434,8018.21097331622
1089,4,7,053,47053,,,rpa,6/14/2016 12:23:03 PM,21dadbc4-e587-41eb-a483-4142d7cf3499,708211.88848877,9988.29872776069
1090,6,7,016,67016,,,rpa,5/11/2016 9:58:46 AM,ed379fdb-39cd-46dd-8afa-8c390d53fabe,618755.652175903,4253.69700899572
1091,4,2,052,42052,rpa,5/11/2016 3:19:59 PM,rpa,5/12/2016 7:26:12 AM,80163591-e601-44cc-8d65-7146740a6867,858105.518417358,4288.60048139485
1092,4,2,022,42022,,,rpa,6/3/2016 7:17:22 AM,6e93eeb5-6901-4169-bff8-0cd43e8537a4,933916.215103149,4547.76633761135
1093,4,2,023,42023,,,rpa,6/3/2016 7:17:23 AM,420983bf-40e6-4abe-af13-6704c33f0f6f,660019.461273193,3462.64732444677
1094,1,9,010,19010,,,rpa,5/19/2016 7:53:20 AM,64f325bc-e196-4368-8a14-908595548a07,861251.74911499,4010.51374833958
1095,6,7,009,67009,,,rpa,5/24/2016 7:34:24 AM,16ce9c2a-a17a-4945-9af1-93c541d9eb96,2229998.37059021,7095.52523262922
1096,5,4,009,54009,,,rpa,5/12/2016 7:37:48 AM,e3d3581a-c056-4339-8d51-95a1d770116b,646336.747695923,4310.02574438716
1097,5,4,001,54001,,,rpa,5/12/2016 7:38:27 AM,be0a8c47-6dd0-4c3c-b421-8dddcf400420,915371.574478149,4500.82638903936
1098,3,3,008,33008,,,rpa,5/31/2016 9:33:29 AM,769ef3e5-0b3a-49e6-87d2-6a6506483b67,448154.051483154,3889.50729414234
1099,4,6,003,46003,,,rpa,6/20/2016 1:51:07 PM,1527b849-cc27-4386-86f4-67a3545f8ef2,1153645.86264038,5132.30099454281
1100,4,5,017,45017,,,rpa,6/20/2016 1:51:06 PM,e39bab38-81df-4987-8b23-740f9bd48997,537034.672561646,3089.21507249655
1101,3,9,024,39024,,,rpa,8/9/2016 11:06:11 AM,bbd9eed6-7f8d-408d-b970-99ad30588e55,706870.093917847,3639.00401071147
1102,4,2,098,42098,,,rpa,5/12/2016 8:24:50 AM,7186986e-e550-40cc-ab79-34ed89085e57,4922161.71050262,14708.6179051085
1103,9,9,060,99060,,,rpa,5/12/2016 8:30:38 AM,065e5adc-8083-417c-94f7-682d804c295a,1668711.76924133,5872.75234232195
1104,2,7,021,27021,,,rpa,5/31/2016 9:28:04 AM,30e04941-fb03-484b-acc2-c82e300a6098,285561.198326111,2390.7343023971
1105,2,7,019,27019,,,rpa,5/31/2016 9:28:16 AM,754673f8-8ed2-4d00-b56e-64d17d51395e,316050.193222046,3164.01629948388
1106,2,7,025,27025,,,rpa,5/31/2016 9:28:55 AM,a7f843f5-e672-49cd-af6a-8f67b775cab0,239389.298492432,2313.09567476601
1107,2,7,022,27022,,,rpa,5/31/2016 9:30:21 AM,857a49e8-8d89-4046-b355-49dd5af8bfc0,451686.880096436,3174.63942688363
1108,1,5,042,15042,,,rpa,7/7/2016 11:17:13 AM,2d6c91fb-81f8-4142-a6f7-0a8b4f99f847,575731.269241333,6873.14144413933
1109,4,2,036,42036,,,rpa,6/22/2016 8:38:45 AM,1c672311-7e1d-456a-bb73-30b3f8395a86,1064818.25177765,5005.0671154552
1110,1,2,016,12016,,,rpa,7/14/2016 9:14:28 AM,84134be5-d577-4a70-9132-3ecd99386ae6,607668.178535461,4121.89238386847
1111,2,3,006,23006,,,rpa,5/29/2018 1:57:16 PM,adefb0d9-dc0e-4090-acdc-77478594a325,711903.96421051,3618.14687120241
1112,1,2,015,12015,,,rpa,7/14/2016 9:14:29 AM,eb7eb325-2101-4043-b0ed-689b6ced5efb,820585.015571594,4656.83167571452
1113,9,8,032,98032,,,rpa,7/25/2016 2:55:16 PM,2d60c3de-6359-4fb7-b71b-37d6571dea87,787295.418571472,4457.83181934163
1114,3,4,026,34026,,,rpa,6/20/2016 12:22:44 PM,da5943f5-4cad-4e52-a0e2-dcbaf98fcd90,325546.522735596,3523.54599014934
1115,3,4,003,34003,,,rpa,6/20/2016 12:22:44 PM,b8063be9-90ee-48f5-b329-1b53483046d3,665323.081123352,3820.58175807081
1116,4,2,041,42041,,,rpa,7/19/2016 2:31:29 PM,ac9d154e-51a1-4ab4-8c22-db4ec0fe4275,1022360.10903931,4680.14879598768
1117,2,9,016,29016,,,rpa,8/4/2016 12:35:27 PM,c644b567-9561-4d27-b5af-8918630cfd13,700619.065391541,3679.87129087492
1118,1,4,006,14006,,,rpa,10/5/2016 8:10:11 AM,eefd0be2-e420-4878-8f59-4882e30d5e9c,609370.914505005,3379.49368977431
1119,3,4,030,34030,,,rpa,6/20/2016 12:22:45 PM,fdc4b0b4-3b6b-449f-b281-f3215e7f9c96,390958.958152771,3163.92914377979
1120,3,4,014,34014,,,rpa,6/20/2016 12:22:45 PM,dc11cca0-aa22-4e07-8424-39c3416fe84c,649861.179740906,3569.10644893417
1121,3,4,029,34029,,,rpa,6/20/2016 12:22:46 PM,1536caae-9a58-4b17-b3a6-5b7b5ee13807,265854.694480896,2428.71979312654
1122,3,8,003,38003,,,rpa,6/21/2016 2:22:06 PM,1a216b24-3270-48d3-8c5a-4605f6b70a84,1042037.55348969,4573.35705078734
1123,3,8,008,38008,,,rpa,6/21/2016 2:22:05 PM,ccc4fd49-f0ad-42c8-aecd-02e6be09f10d,774612.592010498,3959.64282151364
1124,2,9,030,29030,,,rpa,8/4/2016 12:35:26 PM,87f92bf9-50c8-4de3-bfb1-788976f6747f,941795.487983704,4379.69231101715
1125,4,3,046,43046,,,rpa,9/11/2018 8:13:33 AM,345a1a73-fd45-48b3-9a35-f861c34384d5,517611.26914978,3030.78999378513
1126,9,4,145,94145,,,rpa,8/5/2016 7:03:28 AM,29cbede8-f5b6-4bca-9655-b615a9922ea4,751497.498306274,4310.89022251797
1127,1,8,016,18016,,,rpa,7/31/2018 8:24:22 AM,7ead78d0-457f-49e0-9d05-b38e31c21192,609268.261177063,3741.95664628455
1128,9,8,031,98031,,,rpa,7/25/2016 2:55:15 PM,492ff163-5684-4d8f-abb6-4340cdebf2e6,1048124.26864624,4781.16606440824
1129,2,9,020,29020,,,rpa,8/4/2016 12:35:26 PM,20b09aef-00d0-4bef-926d-d3ef0eb349d4,945219.167694092,4225.24996876975
1130,2,9,017,29017,,,rpa,8/4/2016 12:35:26 PM,4cc37f24-e0df-40b7-a083-8e656f71c1f5,352125.222419739,2418.42709800776
1131,2,7,017,27017,rpa,10/31/2017 9:58:40 AM,rpa,12/15/2017 7:38:14 AM,bd5807aa-de27-45b9-a113-2e6b3e45fa04,802667.404037476,3886.33025282955
1132,9,4,042,94042,,,rpa,8/5/2016 7:03:33 AM,6c175838-1779-43c8-bfac-45ed556a35c8,967753.999572754,4300.16791080921
1133,9,4,044,94044,,,rpa,8/5/2016 7:03:28 AM,b22fe5d5-4381-4b82-a87b-757051254028,1213405.20750427,4377.43359387559
1134,3,9,004,39004,,,rpa,8/9/2016 11:06:10 AM,955c23a6-d2e3-4547-ae56-6c5d0e1739d6,676083.73947525,3678.14824231888
1135,9,4,097,94097,,,rpa,8/5/2016 7:03:36 AM,b7a0ffb5-b795-442e-bfd9-e8825939826d,1065046.82025146,4162.24890092879
1136,4,3,042,43042,,,rpa,9/11/2018 8:12:57 AM,ae16390b-9c52-4d78-8839-04a62c4ec968,356957.371673584,2394.03712354297
1137,9,4,057,94057,,,rpa,8/5/2016 7:03:34 AM,03f07c71-1688-419e-b43c-f0130a6c3860,473211.50843811,3319.5606180553
1138,9,4,043,94043,,,rpa,8/5/2016 7:03:33 AM,763d6d35-f36b-4a60-bc43-f91d8638e84e,1043209.65429688,4435.48739801787
1139,9,4,159,94159,,,rpa,8/5/2016 7:03:27 AM,58edcaf5-cd2b-4e7b-899a-f23cdf675e7a,650303.330062866,3404.05888795868
1140,9,4,098,94098,,,rpa,8/5/2016 7:03:36 AM,a19633de-5bf1-46f2-a996-88812810abb9,520942.777694702,3823.25662390082
1141,4,2,087,42087,,,rpa,7/28/2016 7:16:37 AM,ef584fa2-11dd-4983-aa5a-e409b651b341,857673.575050354,5419.6012927079
1142,4,2,088,42088,,,rpa,7/28/2016 7:16:38 AM,b75b513f-356c-4455-89c2-bb0cd6aa2c0e,547535.737518311,4035.46077777585
1143,9,4,063,94063,,,rpa,12/12/2016 8:31:32 AM,6132b443-f911-4923-9780-9ce2d90d172d,904723.317886353,4188.59174138226
1144,4,5,043,45043,,,rpa,8/2/2016 9:07:43 AM,8d1265d4-92d5-4e96-8bde-48133976640a,946621.346008301,3989.87262826408
1145,4,5,077,45077,,,rpa,7/20/2016 6:50:22 AM,d5139e5a-edf1-42c8-907d-4b2bf32407d8,825538.679290771,4635.45759106505
1146,4,2,059,42059,,,rpa,7/19/2016 2:31:34 PM,7a899e53-239d-422c-8707-02d721ed2b98,624442.152084351,4606.79686733328
1147,4,2,047,42047,,,rpa,7/19/2016 2:31:29 PM,610f82de-abb4-433e-931b-2a1f04edb1d6,645296.974998474,3498.7861750794
1148,4,2,048,42048,,,rpa,7/19/2016 2:31:27 PM,c36df343-0b8d-4c33-a88f-4efee6385e31,499892.883285522,4780.52805045888
1149,4,2,054,42054,,,rpa,7/19/2016 2:31:28 PM,a5f75dd9-9abf-4bdc-99ac-a9fab033374c,1083497.56565857,4611.28953386168
1150,1,3,034,13034,,,rpa,10/5/2016 8:10:10 AM,dbe1d724-2dd0-4c41-a2ed-52c0c17a10a3,469330.841926575,2887.11336063941
1151,4,2,034,42034,,,rpa,7/19/2016 2:31:33 PM,b9f4e09f-1d3a-4daf-acc5-b8baa28117f9,1381508.822258,5637.03252411585
1152,3,1,008,31008,,,rpa,7/26/2016 2:01:55 PM,0666f086-d9a3-4038-a1e3-d1104952bee1,669611.526451111,3559.5611933392
1153,4,2,079,42079,,,rpa,7/19/2016 2:31:34 PM,e23217ed-9474-4009-9267-f8a54f09053a,784391.925895691,4894.21961500484
1154,4,2,061,42061,,,rpa,7/19/2016 2:31:26 PM,2d67d68a-2997-401c-8ba3-317a8c991857,1123408.06180573,4477.16819005488
1155,4,2,046,42046,,,rpa,7/19/2016 2:31:28 PM,3e141182-b351-4baf-9e02-f0ba085c85ce,433120.778198242,4071.09357742238
1156,2,8,024,28024,,,rpa,4/27/2018 1:32:15 PM,1be44bdd-abd8-4b9b-85bc-e312e32be5da,1081620.1043396,5271.28369214886
1157,4,2,056,42056,,,rpa,7/19/2016 2:31:33 PM,f91c66e0-99b0-462d-9b24-249aecb4db5a,664519.10332489,3635.93138030301
1158,4,2,084,42084,,,rpa,7/19/2016 2:31:30 PM,f7218bac-3196-4398-8650-e5d0d30dbcd5,519105.821235657,3713.68207061823
1159,4,2,049,42049,,,rpa,7/19/2016 2:31:28 PM,bfc41873-542c-46f6-91bb-51586b03d17f,976573.093841553,4887.30275021137
1160,3,1,037,31037,,,rpa,7/21/2016 2:02:31 PM,8e0534d4-aacd-424d-ad8b-a06825fe5d3a,167797.929321289,2574.1110476265
1161,4,2,055,42055,,,rpa,7/19/2016 2:31:33 PM,4b2bb613-d39e-4830-9ff2-5c2aadf75654,398501.304748535,2699.93751046776
1162,4,5,049,45049,,,rpa,8/1/2016 11:09:14 AM,286d0669-4a9a-432d-b180-817a73330268,618809.657852173,3498.30258624624
1163,4,5,084,45084,,,rpa,8/1/2016 11:26:21 AM,aa0d564f-988d-40de-b08f-2fbca6296f9e,913711.701446533,4727.88820059501
1164,4,2,076,42076,,,rpa,7/19/2016 2:31:25 PM,4c82cf68-8254-4d50-9159-56f143c925d6,637430.444908142,4304.18305985963
1165,1,1,061,11061,,,rpa,7/28/2016 9:14:47 AM,3e763ef8-3806-4518-a954-aab842be264e,753152.536453247,3898.45619498176
1166,4,5,044,45044,,,rpa,8/1/2016 9:38:35 AM,de771d77-eb96-4670-a74b-49d3ad0643a4,482959.242645264,3504.46107743206
1167,4,5,062,45062,,,rpa,8/1/2016 9:38:17 AM,f281ed41-6cb7-4579-bed2-e78f6bd830bd,525574.359191895,3383.18005452305
1168,4,2,080,42080,,,rpa,7/19/2016 2:31:26 PM,46c3735c-6942-4786-a87c-80e77a9824eb,583446.319961548,4845.70495403419
1169,4,2,021,42021,,,rpa,7/19/2016 2:31:28 PM,44a36269-67a5-4317-bfe4-39bcd8023903,994357.411468506,5353.25550519112
1170,4,2,058,42058,,,rpa,7/19/2016 2:31:27 PM,bc4551e1-29c1-47cf-b917-2f15d50d28a5,1197481.81963348,4756.47004386098
1171,4,2,053,42053,,,rpa,7/19/2016 2:31:26 PM,ef03c7f1-e920-4035-ab7c-940f1ff0b9e0,417926.68724823,3336.27114929166
1172,4,5,061,45061,,,rpa,8/1/2016 11:27:18 AM,6e50fc9f-5bc6-481b-9261-d757e1cc0027,1049454.67672729,4591.3828040737
1173,4,5,060,45060,,,rpa,8/1/2016 11:27:30 AM,b1aa70b4-ccd4-453e-9e73-5fbbb0eda6c4,1517350.48995972,5557.01688888241
1174,4,4,007,44007,rpa,8/17/2016 2:50:11 PM,rpa,9/2/2016 7:57:02 AM,ced5c803-25dc-4c7b-8b0d-114175a38049,790193.199356079,4606.85126267997
1175,3,2,050,32050,,,rpa,10/11/2016 3:33:10 PM,c8890465-5e5e-4926-9f50-19e9a413d017,426922.884975433,2713.52870116119
1176,4,4,011,44011,,,rpa,8/29/2016 1:24:06 PM,0ece6a7f-24ea-4711-b903-9142152bc698,11594953.4473267,24642.8906819128
1177,1,3,035,13035,,,rpa,10/5/2016 8:10:12 AM,e017c3b4-6af1-426e-a171-7738e917b6dc,790356.703346252,3842.6699730336
1178,3,3,013,33013,,,rpa,10/11/2016 2:54:59 PM,02fa35fd-9030-4b6f-8707-bd9405caa3b5,655723.900138855,4160.79543834305
1179,4,5,099,45099,,,rpa,9/15/2016 8:14:49 AM,0e80fc94-48fb-4abc-9b46-b6dfb7812fbb,659575.136627197,3841.97124572513
1180,4,3,008,43008,,,rpa,9/19/2016 8:50:19 AM,3a1bc714-6fcd-405f-8859-73d1098d9263,1156216.90100098,4517.6549497388
1181,2,1,027,21027,,,rpa,9/23/2016 11:45:05 AM,2be0a6c8-98f6-4393-a0d1-3a3faec8a03f,486402.369369507,3208.14040175442
1182,2,1,032,21032,,,rpa,9/23/2016 11:45:04 AM,6e5aa10e-02c0-41c8-961a-d7358dbff149,745092.85382843,3593.66413428573
1183,4,5,002,45002,,,rpa,10/3/2016 9:14:54 AM,6ea21ed9-8b75-449c-b9f0-9f4973fc4232,1012772.35264587,5361.72489835877
1184,6,6,009,66009,,,rpa,10/18/2016 8:15:12 AM,1e9ff788-90fd-4996-bbf3-467a169b51ca,987545.581100464,5138.46478204054
1185,6,9,005,69005,,,rpa,8/8/2016 12:50:20 PM,b40815fa-0852-427c-b9d5-4a966094ab6c,5123299.77952576,25231.2390810561
1186,6,6,010,66010,,,rpa,10/18/2016 8:15:13 AM,b6dbd53e-b841-441d-bc0f-b3f3126be371,2204761.51922607,7027.02856723175
1187,6,9,004,69004,,,rpa,8/8/2016 12:50:20 PM,f6d99308-7ca0-4d71-85d6-b5bab46b0099,6444405.0995636,27352.676389237
1188,6,6,008,66008,,,rpa,10/18/2016 8:15:12 AM,70d8df80-f2cf-452a-8285-fcbf5483ace6,1056433.97981262,5137.54937011819
1189,1,4,004,14004,,,rpa,10/5/2016 8:10:10 AM,7f098615-a8d2-4725-ab79-054ec19c9454,816121.878013611,3910.29668240394
1190,1,3,028,13028,,,rpa,10/5/2016 8:10:12 AM,13a97e7f-18ae-44f3-8148-7dfacb5c47be,745432.45728302,4114.06927185969
1191,4,2,095,42095,,,rpa,9/21/2016 11:00:23 AM,eb59556e-f237-4894-863f-16d20a3f8f74,816537.58127594,5213.33754597049
1192,3,1,007,31007,,,rpa,8/15/2016 11:48:02 AM,1a428575-b0aa-40c1-9515-3d86c0c48c9e,535023.615333557,3139.97274436454
1193,4,5,095,45095,,,rpa,9/15/2016 8:14:50 AM,07f89987-439c-435d-a63a-ead78b08564b,357969.129928589,2888.48085238382
1194,4,5,086,45086,,,rpa,9/15/2016 8:14:50 AM,b5f13a5b-c2f4-4620-8656-3f31234ea8f1,797987.479293823,4018.46846801097
1195,3,5,027,35027,,,rpa,10/11/2016 3:33:10 PM,b036acfa-59c0-43b5-8d72-ab58f5704476,676249.285896301,3736.74978112598
1196,3,5,028,35028,,,rpa,10/11/2016 3:22:03 PM,750734c2-60cb-473a-a5cd-d636b56ac442,528183.815872192,3821.45619923629
1197,2,2,048,22048,,,rpa,10/18/2016 2:33:18 PM,b79d73bf-088f-4e3d-a685-de637870f176,316074.018348694,2742.20725224889
1198,2,2,050,22050,,,rpa,10/18/2016 7:13:32 AM,95a38e41-7aa8-47fa-8186-0d85dc86e7a7,1080349.85207367,5092.55496553594
1199,3,1,036,31036,,,rpa,9/23/2016 7:17:31 AM,e5852eb6-e70d-4de6-bc92-02460c7a84c7,332674.41230011,3148.04421531841
1200,4,5,003,45003,,,rpa,10/3/2016 8:47:27 AM,4817a2ae-70ab-4900-b911-acc2ff67dd69,463016.192214966,3775.9948228891
1201,9,4,095,94095,,,rpa,10/17/2018 2:04:12 PM,6f97d27f-02a0-4b0a-821a-e3baa60f2482,1152392.64355469,4306.03726753317
1202,2,2,051,22051,,,rpa,10/18/2016 7:13:32 AM,901ddb77-4247-4232-81d3-6be0279813bc,800721.77809906,4925.97527419838
1203,2,2,046,22046,,,rpa,10/18/2016 7:13:33 AM,1e4959ac-9f54-4841-bfdc-02e8aa8809d6,1066564.76976013,5550.20214758572
1204,9,8,033,98033,,,rpa,11/7/2016 7:40:32 AM,0aeedcd3-5b96-48a9-9615-e110f9fce3b0,627424.469963074,4541.27300522076
1205,2,4,005,24005,,,rpa,11/2/2016 2:05:16 PM,7f171bf6-0937-42f3-9ae7-176a8ad730d9,743263.797225952,3586.85182370426
1206,4,5,011,45011,,,rpa,10/3/2016 8:47:26 AM,6acb18c0-7321-4422-bbda-543a64b59a0c,580848.66368103,3686.8925131625
1207,3,2,026,32026,,,rpa,10/4/2016 11:12:13 AM,c91edf6b-15b0-41ca-aab8-43e9c33f5b8d,269687.430625916,2214.79881722811
1208,3,1,029,31029,,,rpa,9/23/2016 7:19:37 AM,03771c77-7f31-4caa-a3b7-60ee26aeaba9,999959.348495483,4234.58232555275
1209,3,1,035,31035,rpa,7/21/2016 2:02:32 PM,rpa,9/23/2016 7:17:31 AM,0b47b662-a2e3-462d-a199-21a38aa082ee,601001.469127655,4532.35010023716
1210,6,6,001,66001,,,rpa,10/26/2016 7:34:31 AM,9a84a39b-c02d-4268-ad28-f5810551707d,836851.272628784,4209.69545477264
1211,2,2,054,22054,,,rpa,9/26/2016 10:21:35 AM,2ce6995b-7236-416c-8684-717cf5e01f4d,61440795.5651245,45326.119951117
1212,2,2,041,22041,,,rpa,9/26/2016 10:21:35 AM,94d41853-5da9-46c8-a667-c1c2cc3f0aa9,2798080.10969543,10132.1922126865
1213,3,1,033,31033,,,rpa,9/23/2016 7:17:31 AM,25757cf8-9732-42c1-99a9-4571ec5fe1a5,377507.552722931,2579.96976612209
1214,2,2,035,22035,,,rpa,12/1/2016 6:49:36 AM,18992019-0ecc-4d15-8eb5-7f2f1b61ad11,496991.340202332,3787.03247544288
1215,2,4,010,24010,,,rpa,10/25/2016 11:44:22 AM,eee93682-dba7-4bbe-b538-874ca6d62851,633287.880447388,3705.74680445827
1216,2,4,007,24007,,,rpa,10/25/2016 11:44:22 AM,f52f4386-a893-4965-822c-bf5340bc075c,574486.253288269,3252.92092233893
1217,2,2,036,22036,,,rpa,10/31/2016 9:12:50 AM,b5380acb-4b7b-4155-81b4-9f9c86f9862c,629662.492073059,3796.31448855206
1218,2,2,034,22034,,,rpa,10/31/2016 9:12:50 AM,402ad602-a1de-4ebd-b4a0-93fbe3648470,819204.131965637,3865.0260950369
1219,1,4,009,14009,,,rpa,3/1/2017 2:22:08 PM,2141917e-13ea-4538-b242-d333fe4ef101,318255.526519775,3986.7210892119
1220,4,1,040,41040,,,rpa,11/28/2016 2:27:53 PM,5e0c4beb-cc3c-4b69-ab19-1659906c345d,427985.991981506,3453.99423645388
1221,8,5,018,85018,,,rpa,11/16/2016 2:38:01 PM,9df8f6b9-4769-48c7-b258-d72f480c8501,538801.211029053,3537.67295751153
1222,9,9,017,99017,,,rpa,10/27/2016 10:55:55 AM,5adf0925-768a-4288-9496-fd7562a0638e,754592.199325562,4268.45483363839
1223,6,8,009,68009,,,rpa,11/15/2016 10:46:19 AM,09b65d8a-7ae1-45e1-810f-6d3a984afb10,561829.314682007,3333.66303267023
1224,2,2,049,22049,,,rpa,10/26/2016 7:28:06 AM,f2167516-716b-4d28-9929-06c8af52f2d4,1220394.39974976,6243.92382019753
1225,2,1,060,21060,,,rpa,10/24/2016 12:51:20 PM,44b4aba1-3c76-4813-8835-5fb76f595b6d,2829505.0110321,7549.55799448288
1226,9,4,139,94139,,,rpa,12/12/2016 8:31:36 AM,1bfb57fe-7f50-4901-9683-503d532d0647,538782.443099976,4647.73006346213
1227,6,7,006,67006,,,rpa,12/8/2016 9:30:56 AM,02873a4e-d94b-465d-a2af-57cd0c49e594,768931.237625122,3556.38759127539
1228,6,6,024,66024,,,rpa,12/8/2016 9:30:56 AM,d0082466-424a-40b5-b5e9-91b0dbca82ce,2674466.34597778,8164.89456749549
1229,9,4,077,94077,,,rpa,12/12/2016 8:31:30 AM,d481c9ca-2998-489b-9a99-70e513897193,1034207.04296875,4536.57850079339
1230,2,2,033,22033,,,rpa,10/31/2016 9:12:51 AM,ec360e45-4858-4590-93e5-117d5bf99b08,639455.467514038,4025.4100369682
1231,9,4,073,94073,,,rpa,12/12/2016 8:31:36 AM,013839c0-593e-450d-81e6-c3999aff0196,697195.61869812,3522.1325349166
1232,4,5,019,45019,,,rpa,2/27/2017 6:43:27 AM,2b0e429e-339b-4228-b00b-afcc84e1aefc,635491.39201355,3910.68055969164
1233,2,2,043,22043,,,rpa,10/31/2016 9:12:51 AM,8d8d2556-8e8b-4b0a-9b44-2f435c95bddd,1063175.19449615,4671.98577825693
1234,9,5,039,95039,,,rpa,12/12/2016 8:31:31 AM,ef508129-9473-495d-acc5-d74f9407b778,876663.921020508,5034.88286277416
1235,9,4,140,94140,,,rpa,12/12/2016 8:31:31 AM,012292ef-f974-483a-a469-1828600bf91e,821447.120269775,4496.56380644691
1236,6,2,003,62003,,,rpa,10/26/2016 7:34:31 AM,1be610ea-138f-4cbd-b0da-04ed48d15a61,1517089.61309814,9618.62273708432
1237,3,1,034,31034,,,rpa,11/28/2016 3:06:01 PM,1b50b571-1d6d-40a7-9442-538c22841ee7,385974.136890411,2596.07034402425
1238,2,6,028,26028,,,rpa,12/9/2016 3:14:09 PM,9d3aec62-f391-4d95-9d43-a5234e20f5a0,712234.127929688,3833.23619055793
1239,9,5,035,95035,,,rpa,12/12/2016 8:31:32 AM,ee1b9da8-4b1a-4c06-bd08-51f12bd66c15,901639.345245361,5331.19657940918
1240,9,4,065,94065,,,rpa,12/12/2016 8:31:33 AM,75a4dd06-3c51-4e81-bd82-8b6eb7d98c8f,288845.876159668,2402.28335904301
1241,9,4,062,94062,,,rpa,12/12/2016 8:31:33 AM,fd2e9a81-77aa-4659-ac75-1704e2bb3d95,966719.681091309,4538.97338863853
1242,9,5,042,95042,,,rpa,12/12/2016 8:31:33 AM,b8e88e4b-519e-4675-b15e-40f1969d8111,741696.817672729,9379.02494371442
1243,6,8,002,68002,,,rpa,11/15/2016 10:46:20 AM,9499461c-9619-4ba0-a679-aecc26769455,80109393.0640259,52708.1586318031
1244,6,6,003,66003,,,rpa,10/26/2016 9:14:08 AM,a9e899c3-0d74-4036-82ea-f698b1fc9c1b,741944.705703735,3975.58000088036
1245,9,4,075,94075,,,rpa,12/12/2016 8:31:40 AM,305df1b0-f687-486d-9399-acaafa9fe597,820136.385559082,3643.40823349974
1246,9,4,141,94141,,,rpa,12/12/2016 8:31:34 AM,1d46fd1b-0fe3-4d68-9e84-309da5750ebb,780437.816436768,4124.03772617557
1247,9,4,070,94070,,,rpa,12/12/2016 8:31:39 AM,89f03e8a-39fb-46ce-aa9a-ede57229e5d7,395281.296188354,2636.72145182706
1248,2,2,044,22044,,,rpa,2/21/2017 10:11:31 AM,30d13ad0-9b5f-4183-988d-006ec8d9f361,957462.598884583,4029.36212139195
1249,6,9,003,69003,,,rpa,11/1/2016 1:08:11 PM,95de0a53-ace3-41a4-bac4-96826ca0d26f,94507111.0740356,54745.9832180229
1250,6,6,004,66004,,,rpa,10/26/2016 7:31:49 AM,8eae99ad-35f4-4892-9b55-155ad8f25398,988414.399490356,4869.56825579128
1251,1,5,030,15030,,,rpa,10/23/2018 9:22:01 AM,d62f14c3-6e8c-46cf-8ff0-a2aa57041bff,731828.791381836,4048.08457183169
1252,4,8,004,48004,,,rpa,10/27/2016 10:54:53 AM,97a34fd8-f91e-4258-8ae5-48e4f68b366f,2785369.59596252,11888.5519553604
1253,4,8,010,48010,,,rpa,10/27/2016 10:54:54 AM,fcaac7e0-acff-4f1b-8993-0f1cd916e704,3118854.96452332,9597.12667259467
1254,6,6,002,66002,,,rpa,10/26/2016 7:34:31 AM,5144012c-8f3a-4645-89d6-28436b2999dc,1302566.2532196,9419.70888908405
1255,6,6,005,66005,,,rpa,10/26/2016 7:34:31 AM,27c85ec2-9321-4bec-a130-86f449ae67ae,954342.974533081,4662.56323478402
1256,4,7,031,47031,,,rpa,1/11/2017 11:36:07 AM,9830debc-7227-4176-941f-f83af441d999,657562.496231079,3846.54260079966
1257,4,7,023,47023,,,rpa,1/6/2017 7:12:55 AM,9f318567-5c01-4d12-bf72-56d19c515e70,776049.612991333,4054.33376511674
1258,1,3,025,13025,,,rpa,1/9/2017 1:27:34 PM,7afc9387-494a-427b-9e64-0fdf6f8f2562,659457.167312622,4013.73709000095
1259,1,3,026,13026,,,rpa,1/25/2017 3:55:45 PM,cdcb939b-e0f0-4db3-aefa-62445f0000e5,702837.41204071,4511.63244393582
1260,9,4,045,94045,,,rpa,12/13/2016 2:17:19 PM,84683d38-7ff2-447a-bb9d-81609f7f0954,1466896.76447296,5368.84400981363
1261,9,4,069,94069,,,rpa,12/12/2016 8:31:40 AM,744a24e1-ab81-4353-8ec3-0ce8a4127954,448923.678192139,2692.01932899176
1262,9,4,088,94088,,,rpa,12/12/2016 8:31:40 AM,7fbf0463-e061-4816-98c3-bf8aa8cbbb93,547657.561676025,3242.9248410471
1263,9,4,151,94151,,,rpa,12/12/2016 8:31:41 AM,20088753-5abb-40a3-bf5b-d7e7982aad65,301784.531143188,4162.92337754729
1264,9,4,071,94071,,,rpa,12/12/2016 8:31:39 AM,6d74538a-4fab-49d6-937c-376502faa549,880773.58203125,3774.28625248798
1265,1,5,033,15033,,,rpa,10/23/2018 9:22:02 AM,5e27b87b-1948-4f70-9c1e-c50ef3fc0060,185879.517913818,2198.50503893821
1266,6,2,005,62005,,,rpa,1/3/2017 10:08:14 AM,913c692c-276c-412c-a3af-fcf2b2f01e29,3252062.20820618,8738.82150404773
1267,3,2,018,32018,,,rpa,1/3/2017 4:25:10 PM,174669ea-da25-48bc-bd05-d0cd307e9277,582326.348808289,3094.70811629409
1268,4,1,029,41029,,,rpa,1/27/2017 11:20:45 AM,7440e3f3-7015-4651-809a-b583e064c0cf,1072958.16281128,4467.71291848993
1269,4,1,020,41020,,,rpa,1/27/2017 11:20:46 AM,102989e3-cede-43f7-947b-b81eca98882f,821916.039558411,3958.50242054755
1270,4,1,021,41021,,,rpa,1/27/2017 11:20:47 AM,549972c2-87b0-4e06-a7c8-89773218880c,568719.004241943,4073.1347156187
1271,9,4,080,94080,,,rpa,12/12/2016 8:31:40 AM,f77cb88b-7383-4581-b8c3-65326312460a,1397350.55392456,5528.00127874456
1272,9,4,033,94033,,,rpa,1/6/2017 1:10:01 PM,509326df-621f-4041-9104-8183d6343ee6,3673984.78411865,8991.92226602663
1273,1,5,022,15022,,,rpa,10/23/2018 9:22:01 AM,a61e0806-60b6-4106-bf81-b9e702ed65f6,470465.856575012,3046.35187514042
1274,9,4,127,94127,,,rpa,1/6/2017 1:10:00 PM,b81c5723-6191-4124-acf8-b159469ebbe3,2516340.77186584,7016.78772342627
1275,4,1,036,41036,,,rpa,1/27/2017 11:20:45 AM,ec09bd68-8c08-42a7-a56a-22ad63c8bd03,426400.978286743,3405.79483834844
1276,9,4,084,94084,,,rpa,12/12/2016 8:31:33 AM,c9923836-b771-4df9-8112-3b4538eb36c6,1018063.16835022,5468.45088467462
1277,9,4,067,94067,,,rpa,12/12/2016 8:31:34 AM,2c283789-665d-4e17-8ec1-8cdb20f6febc,497095.628173828,4971.8430776842
1278,9,4,085,94085,,,rpa,12/12/2016 8:31:43 AM,591f12ec-ea0f-4229-82fb-83bebbba50cb,872164.60925293,3826.43377783647
1279,8,7,014,87014,,,rpa,4/18/2017 11:14:23 AM,f0a1fa24-6099-448e-8546-b5341a771ad3,823031.673339844,3730.76565195576
1280,9,4,129,94129,,,rpa,12/12/2016 8:31:35 AM,90374e4c-bb76-4ccd-81c2-86279c5203ba,1188619.87828064,5599.30771048401
1281,9,4,081,94081,,,rpa,12/12/2016 8:31:36 AM,73aec789-5ee0-4ac0-a1b6-da2e61d7dadf,1081994.28262329,4378.24433881256
1282,9,4,068,94068,,,rpa,12/12/2016 8:31:37 AM,372d0c2f-9d7f-4a3d-bede-87df080badbf,1436731.12716675,4983.44495338617
1283,9,4,076,94076,,,rpa,12/12/2016 8:31:36 AM,2c3fbcd2-c6d6-4eb4-bf90-16da64a56f41,1425092.45129395,5544.46430763556
1284,9,4,091,94091,,,rpa,12/12/2016 8:31:37 AM,367eed26-6809-4b6d-8ca6-54864da786c0,755305.907516479,4235.8225172806
1285,9,4,108,94108,,,rpa,12/12/2016 8:31:37 AM,7a0fb56c-afb3-4f0c-962f-0f62559c7ff8,491780.059585571,3298.78293727599
1286,9,4,078,94078,,,rpa,12/12/2016 8:31:38 AM,c17ace8b-3a02-4696-9324-250e87f030bd,874183.754852295,3952.21853561501
1287,1,6,028,16028,,,rpa,12/21/2016 3:31:37 PM,6122a4de-64af-4d81-83b9-e4a2b166ec75,1177211.57969666,5162.94579513142
1288,9,5,025,95025,,,rpa,12/12/2016 8:31:38 AM,64eb34f4-06a0-4783-9ef3-1ba1c9636595,867188.97795105,5352.17504198981
1289,5,4,018,54018,,,rpa,4/25/2017 7:20:15 AM,0ecd2a81-1677-4d3a-b712-c742981eb46a,952684.34197998,5051.76178711359
1290,9,5,040,95040,,,rpa,12/12/2016 8:31:38 AM,94e62f40-b1f6-4ae4-9dcf-3a4f02906e0b,757557.742355347,4291.90757091253
1291,9,4,082,94082,,,rpa,12/12/2016 8:31:39 AM,2f972097-edcf-4082-b2be-d4d8245820f0,697879.142669678,4294.65939668401
1292,4,7,057,47057,,,rpa,12/12/2016 1:58:09 PM,31fb8bb1-12c7-4838-9964-a47fb50a5a69,642837.074951172,3910.27137674776
1293,4,7,065,47065,,,rpa,12/12/2016 1:58:09 PM,9d43a14a-8bcc-4cd7-9107-727106095be8,401452.027557373,2777.93880648683
1294,3,9,061,39061,,,rpa,2/9/2017 10:04:19 AM,acc1ad9f-1ca1-4c1f-8121-a5782df2bb30,879324.697601318,4169.98994709377
1295,4,7,050,47050,,,rpa,12/12/2016 1:58:08 PM,e507224f-2702-4b96-8e3f-4497eacdbc6c,926991.83430481,4736.88026719728
1296,3,5,026,35026,,,rpa,2/7/2017 4:11:30 PM,59b09668-e417-4331-b817-926803cb3f4c,615101.978359222,3492.42271781735
1297,3,9,104,39104,,,rpa,2/9/2017 10:04:22 AM,79609ba6-eb78-4730-a634-4aec336b2e56,562874.128387451,4069.43086948592
1298,9,4,101,94101,,,rpa,12/12/2016 8:31:39 AM,519edc57-ce91-41c1-9707-3bdc373af4b5,326606.50944519,2267.6833661003
1299,6,2,009,62009,,,rpa,2/7/2017 9:00:45 AM,ea776be8-fbc8-4b7f-b48a-2fa4c5fe9da2,62181135.2270203,43285.827409409
1300,8,5,023,85023,,,rpa,2/14/2017 12:05:49 PM,21e8e474-4a5b-45f9-b322-3ebdc9699b24,712760.583938599,3424.70375953831
1301,3,9,005,39005,,,rpa,2/9/2017 10:04:22 AM,8b08cf87-688c-48e7-bb4c-5d657a7c29e8,5016496.16740417,22187.2996718346
1302,3,9,106,39106,,,rpa,2/9/2017 10:04:19 AM,fc938887-e4cc-44cc-989e-565fb0aed06f,1633803.50166321,5656.12978041383
1303,3,9,107,39107,,,rpa,2/9/2017 10:04:17 AM,fed3db2e-f789-40c5-8c47-1c5d5365fd8b,1586518.99262238,6183.42804649007
1304,3,9,012,39012,,,rpa,2/9/2017 10:04:21 AM,7b4842f4-ce5e-4c01-a882-90392e4740a0,54578904.7877312,56437.6259258079
1305,3,9,060,39060,,,rpa,2/9/2017 10:04:14 AM,b6db0c4e-e441-45be-bbcf-2d55a6969598,405332.002754211,3340.50197761999
1306,3,9,011,39011,,,rpa,2/9/2017 10:04:22 AM,fc44a020-91ee-44cd-a5a2-2d88659c40cf,15423124.8792496,23537.6138264121
1307,3,9,093,39093,,,rpa,2/9/2017 10:04:17 AM,3c24a933-fb95-49d5-871a-0674dfd4ec9a,1127657.44734192,8088.48805423168
1308,1,8,026,18026,,,rpa,2/21/2017 10:11:31 AM,48669402-038d-4436-9a15-a71e8ab45f8a,658465.005470276,3436.19397074762
1309,3,9,063,39063,,,rpa,2/9/2017 10:04:21 AM,fcada812-cd49-4dd2-b5cf-aed0751a798a,1001602.01997375,5057.18207362995
1310,3,9,094,39094,,,rpa,2/9/2017 10:04:15 AM,9c1d2205-b017-440f-b4bb-e65ced5fcc52,528637.049201965,3207.48786223765
1311,3,9,081,39081,,,rpa,2/9/2017 10:04:17 AM,7fd965d3-b6a8-4bb3-a631-f61713520ebd,810029.015296936,4260.77704018292
1312,3,9,080,39080,,,rpa,2/9/2017 10:04:19 AM,4b20be23-6899-41a6-8a0b-22634b8ee0b3,1157002.35087585,4959.63556059418
1313,9,9,054,99054,,,rpa,3/23/2017 10:54:38 AM,3c9ad65d-7441-498e-a91c-4e0763d268e3,1142124.56655121,4708.38758891988
1314,4,3,050,43050,,,rpa,9/11/2018 8:14:04 AM,b356064d-5f92-41f9-a708-4395fc256e01,417447.792694092,2684.47455277028
1315,3,2,012,32012,,,rpa,10/2/2018 9:24:24 AM,cc99a662-3e2c-40c6-a5cc-baf849a14a63,585241.224708557,3100.56786917434
1316,3,9,105,39105,,,rpa,2/9/2017 10:04:18 AM,8fd2b0e1-adb8-4c85-8a43-2982e4837545,482209.431861877,3403.95481970421
1317,3,9,015,39015,,,rpa,2/9/2017 10:04:21 AM,9aceebe5-00a7-48b1-86e8-8e5878d16aa7,1164940.28205109,5936.39434099267
1318,3,9,101,39101,,,rpa,2/9/2017 10:04:19 AM,3ffac225-ac83-4483-948a-be6621de0cc5,1665836.66279602,6260.68093811471
1319,3,9,072,39072,,,rpa,2/9/2017 10:04:20 AM,67bc2b27-4712-4656-ad00-9faab29b15bc,821000.224815369,4045.0006252844
1320,8,5,037,85037,,,rpa,2/14/2017 12:05:47 PM,8fccb9f7-862f-4f5a-8264-38010aa15768,147643.616348267,1802.7152802115
1321,9,9,057,99057,,,rpa,3/21/2017 8:09:52 AM,dfbf1278-fcca-463e-9150-f6018959e4f1,833759.535751343,4394.76445647023
1322,3,9,082,39082,,,rpa,2/9/2017 10:04:16 AM,1f02b6e1-aae9-44ea-8e46-b3eb9e6b89db,1217263.45152283,6589.79809723741
1323,8,5,034,85034,,,rpa,2/14/2017 12:05:49 PM,7d29d489-b02c-471b-8c78-3436148727c2,6486615.29629517,13622.317571349
1324,3,9,103,39103,,,rpa,2/9/2017 10:04:18 AM,c3b4acaa-91ad-4640-89ff-dfaa1b32527c,787894.924247742,5037.52339162487
1325,4,5,091,45091,,,rpa,2/14/2017 12:37:31 PM,03962086-6447-4acf-9453-63324dce8ced,658144.127929688,3765.02762987975
1326,6,2,008,62008,,,rpa,2/7/2017 11:43:14 AM,e3bb8c0d-be32-4820-b293-cefae0994553,4030270.45370483,24921.1889025258
1327,1,1,055,11055,,,rpa,2/16/2017 12:40:35 PM,48f0aa70-8911-4aad-8fe9-5b41152f9123,794793.65612793,3884.57433327467
1328,1,1,060,11060,,,rpa,2/16/2017 12:40:36 PM,408cc0af-84d5-475e-82a9-128945642306,841398.802429199,4267.97701568491
1329,2,6,025,26025,,,rpa,2/8/2017 8:10:20 AM,2cbc0939-0cd7-4fe7-b5ee-09217967456f,587650.438739777,3203.50782265181
1330,2,6,026,26026,,,rpa,2/8/2017 8:10:20 AM,346be6b2-1717-4034-b5f9-1b18f9725ea2,622624.079345703,3188.77768375931
1331,1,7,027,17027,,,rpa,3/17/2017 9:22:24 AM,9d1f8a43-2eac-491e-b704-43580fecadfc,478231.423858643,3242.64080113224
1332,6,2,007,62007,,,rpa,3/17/2017 9:32:34 AM,9c1e9e20-98ac-4c3c-9761-16b37b1e0177,2703277.1410675,10431.6463446544
1333,6,2,006,62006,,,rpa,3/17/2017 9:32:35 AM,7683e395-ec25-4d69-b5a6-a6e72c72f54c,2851928.01351929,9095.83062826833
1334,9,1,068,91068,,,rpa,3/21/2017 7:43:31 AM,9ff09252-4643-45b2-af2b-1b1c68d434c6,789599.876068115,5529.45826717966
1335,9,1,059,91059,,,rpa,3/21/2017 7:43:32 AM,ea90d2bd-a76c-41cd-b454-1113e1050886,998654.241531372,6689.8011517822
1336,9,9,052,99052,,,rpa,3/21/2017 8:09:52 AM,abb7ff41-b87e-414e-a2d0-80949db5b497,809160.185874939,4064.62527056436
1337,4,3,071,43071,,,rpa,2/22/2017 9:01:36 AM,e6e312cc-8b0c-4af0-8272-d0fbc95ffa35,576149.073776245,4051.57928471632
1338,1,7,037,17037,,,rpa,3/28/2017 9:14:21 AM,d28fd599-4055-4fd7-9d12-01adc05776ef,574080.84261322,3242.94031556929
1339,1,7,040,17040,,,rpa,3/28/2017 9:14:23 AM,77633ce8-fd37-425b-9dcb-e58bb4da2c71,375569.338890076,2885.27002535381
1340,1,2,010,12010,,,rpa,3/6/2017 1:37:25 PM,ab9cd0f9-e637-456e-bcef-3e462091ee15,751805.09249115,3726.06879304841
1341,1,2,008,12008,rpa,2/17/2016 10:21:24 AM,rpa,2/23/2017 3:22:19 PM,01aeb613-0bcf-4b82-a529-cbb1eb16adf6,1002787.32540894,4160.44775033335
1342,1,2,012,12012,,,rpa,3/6/2017 1:37:26 PM,73ea2e22-b41d-4fec-85cc-7f52f310b246,415836.594543457,2638.64952290445
1343,1,2,026,12026,,,rpa,3/6/2017 1:37:26 PM,17b68831-0f97-4884-bd93-00a142069ff1,635624.622886658,4162.4242259429
1344,1,4,019,14019,,,rpa,3/21/2017 11:14:47 AM,4bdebf84-b23e-40ec-bd69-d8a6ea24f94e,1358223.58906555,5081.8354866223
1345,1,8,001,18001,,,rpa,3/22/2017 7:17:06 AM,feec6f37-6d3f-457e-9f78-f785b54172de,824418.199981689,4432.38246811944
1346,1,8,028,18028,,,rpa,2/21/2017 10:11:30 AM,8d7c98cb-ba66-4156-9d04-5cca3a04fd09,706283.331329346,3721.81448498623
1347,2,2,040,22040,,,rpa,3/22/2017 6:49:39 AM,a466c08a-1351-478a-acc3-219fda7f0a79,844673.962425232,5764.90525061223
1348,9,9,072,99072,,,rpa,3/29/2017 2:54:24 PM,dc00866e-8b5f-459c-bbef-d55babb7cec1,3175282.28851318,9302.35488883867
1349,1,2,006,12006,,,rpa,3/16/2017 6:47:16 AM,3cb08586-c215-4fc9-93a7-71bf055ec21f,897697.871871948,4321.13602037377
1350,1,2,024,12024,,,rpa,3/16/2017 6:47:17 AM,04c65fb9-6e73-4262-8cd9-0f84c400bdae,391352.615386963,2448.67136232633
1351,1,2,007,12007,,,rpa,3/16/2017 6:47:17 AM,69aa4c10-58e7-4e3f-ad00-332c9b6301b8,849696.66431427,3913.99160841367
1352,9,9,058,99058,,,rpa,3/21/2017 8:09:53 AM,ffd78bb3-b3f8-4938-a901-ace3de7e799a,932775.016052246,4685.00386738657
1353,9,1,158,91158,,,rpa,3/21/2017 7:43:30 AM,d0d1dee5-fa9c-4e6c-a49f-401bbb96cd96,997846.413169861,4354.65113034801
1354,8,6,012,86012,,,rpa,2/27/2017 6:57:47 AM,7d6bb0f5-d2bd-4231-bce2-01e68fdf308a,2167212.03775024,6613.37253473509
1355,3,6,025,36025,,,rpa,5/2/2017 7:53:49 AM,3ac033ab-87af-42e9-a84d-3fde2568381b,645588.403633118,4115.91574568693
1356,1,9,001,19001,,,rpa,2/21/2017 10:11:31 AM,962b874c-425c-47b7-bb0d-9cc82c783f18,3078849.9852066,8023.08640515742
1357,1,9,002,19002,,,rpa,2/21/2017 10:11:31 AM,23bc7675-99e3-41a5-b501-eb20929c970c,702274.959640503,3543.42054441057
1358,1,9,003,19003,,,rpa,2/21/2017 10:11:29 AM,957d7254-df37-4c1b-a76e-fb9a4474971b,1375764.78507233,4853.69612644177
1359,9,9,032,99032,,,rpa,1/3/2018 2:46:41 PM,5ad5786d-085a-4074-b1b7-b6d5248bc932,500261.469413757,3157.83653004326
1360,1,4,012,14012,,,rpa,3/1/2017 2:22:09 PM,7e08f43d-5439-4658-b787-b2ab311ac4c6,1001644.32907867,4367.48644488162
1361,1,8,003,18003,,,rpa,3/9/2017 7:27:14 AM,71267c9d-d1d3-42f7-b10d-ccf8aa84a841,556952.215332031,3078.27617195067
1362,2,2,027,22027,,,rpa,3/17/2017 7:27:16 AM,79dfa3d0-cc26-4a42-b25a-88e906a2ef95,985168.173301697,4882.03284737996
1363,2,2,039,22039,,,rpa,3/17/2017 7:27:18 AM,fb67648e-5c52-4b6a-a572-27699dca2dfa,2849957.80683899,9349.5375073065
1364,2,3,033,23033,,,rpa,1/5/2018 12:41:14 PM,89e57038-6551-40dc-ad2b-cc9b818938f8,511241.682479858,2895.58788873579
1365,2,2,028,22028,rpa,3/27/2015 10:05:56 AM,rpa,3/17/2017 7:27:18 AM,90d2eded-865e-4435-a751-8abbbf780296,1038106.1957016,5030.00395987119
1366,2,2,053,22053,,,rpa,3/17/2017 7:27:17 AM,2a8f2e99-5350-40f1-8944-a6498d262c87,3592623.10536194,13989.1770233475
1367,4,5,013,45013,,,rpa,2/27/2017 6:43:26 AM,71c06d72-c35d-4362-936c-347ebc3073df,1332108.83320618,5078.8244213597
1368,4,5,015,45015,,,rpa,2/27/2017 6:43:27 AM,a51e82c9-4bcd-43f9-8d15-5276ec6c3ac0,741065.12487793,4760.87031003426
1369,1,8,002,18002,,,rpa,3/9/2017 7:27:13 AM,28938c19-421a-441e-a2f6-fe96fb084721,960535.788566589,4456.42527369782
1370,4,2,019,42019,,,rpa,2/22/2017 7:06:48 AM,bf0e3cb8-139b-40dc-92fe-08098ce69924,1012409.18592834,5232.0894033934
1371,6,8,008,68008,,,rpa,4/18/2017 10:29:24 AM,ab30a1f7-7d30-49e3-a207-8cdf5b02460e,468762.608657837,4044.03812531336
1372,4,2,091,42091,,,rpa,2/22/2017 7:06:48 AM,ac26b606-bbd9-4014-bb57-337a2ce79810,529118.043487549,3154.91982600033
1373,4,3,070,43070,,,rpa,2/22/2017 7:06:48 AM,3e8e7f5e-ce08-443c-97e6-13657d996c9b,408995.630218506,3180.55859446005
1374,2,2,020,22020,,,rpa,3/9/2017 7:27:15 AM,9d99b381-e4db-447f-87d0-916203a3c1ce,1132931.46226501,4644.70200585936
1375,1,4,024,14024,,,rpa,3/1/2017 2:22:07 PM,f1aa8286-5f04-4e04-9931-0fa5579f7eca,951863.009628296,4127.87554965069
1376,4,2,075,42075,,,rpa,2/22/2017 7:06:48 AM,2a213cc9-4303-4ac4-b1ea-d7af26167e9f,861526.170776367,4473.91552114889
1377,1,9,005,19005,,,rpa,2/21/2017 10:11:31 AM,f04b6ee8-7f5f-4ff2-9eab-5f5cdad7ba71,1562452.84559631,6617.90828411492
1378,8,7,051,87051,rpa,12/5/2013 7:35:41 AM,rpa,4/11/2017 8:51:01 AM,ca96bccf-fa25-4ebf-afd6-835b8c0ed59e,284515.813552856,2993.8414932875
1379,8,7,001,87001,,,rpa,4/17/2017 10:39:23 AM,6ef189aa-80bc-4fd1-88ab-bc5054251648,1346463.08973694,7634.91158484477
1380,8,7,016,87016,,,rpa,4/17/2017 10:37:55 AM,d27e03ac-6d2c-450f-abd4-0d6a2d5d7a07,657860.787567139,6479.69383841143
1381,8,7,028,87028,,,rpa,4/11/2017 8:51:01 AM,cd19243e-5f02-4d98-89a5-a07d92cad4a9,588336.338027954,4241.06021593189
1382,3,5,060,35060,,,rpa,5/2/2017 7:53:41 AM,5df5dfb9-cb4e-4f73-98f9-f480e5094349,639656.108276367,3877.72112739818
1383,3,5,068,35068,,,rpa,5/2/2017 7:53:41 AM,91039319-0ba7-4554-ba19-07934d045a7d,1003661.430336,4658.92801836573
1384,4,3,052,43052,,,rpa,9/11/2018 8:14:26 AM,baeb280f-2a93-4a3e-a57a-d533e75bdcb9,410892.40284729,2594.69860029689
1385,9,1,120,91120,,,rpa,4/10/2017 6:52:43 AM,211afce8-db21-4495-ad2b-ac4ebe195e74,651142.557426453,6323.28638969631
1386,8,7,011,87011,,,rpa,4/17/2017 10:37:01 AM,2c710072-8f5f-471d-ae62-ba63cc521c06,638131.017486572,3521.72849079501
1387,8,7,013,87013,rpa,9/24/2015 11:40:08 AM,rpa,4/17/2017 10:36:48 AM,f4381361-1948-4441-bec4-6d62f39a29fd,826721.158462524,3860.62478602487
1388,4,3,054,43054,,,rpa,9/11/2018 8:14:42 AM,8b2e2427-237d-4388-a99b-d95025ba8bde,292549.517593384,2168.29904731352
1389,9,6,001,96001,,,rpa,4/17/2017 12:23:29 PM,18e314ea-c1b6-4c41-befa-acd378db3067,8132731.8106308,12991.9183830223
1390,9,2,007,92007,,,rpa,4/11/2017 10:26:05 AM,94aa4beb-0ea7-4a1c-b003-3c03e845462a,672584.802444458,4045.30773674722
1391,3,5,055,35055,,,rpa,5/2/2017 7:53:41 AM,7abdfbd9-bcac-44ac-99cc-85c0f3ec98d7,1133809.73564148,7949.02171582956
1392,3,5,049,35049,,,rpa,5/2/2017 7:53:42 AM,0e5ee3a7-9429-4d18-a9f4-a48507e35887,476122.224189758,4948.48373603274
1393,8,4,028,84028,,,rpa,5/10/2017 7:36:17 AM,ebe28cc4-31d8-4e61-bf69-051934cf963f,524060.940048218,2955.94135794986
1394,3,5,062,35062,,,rpa,5/2/2017 7:53:42 AM,ea55df0b-cc52-49e7-b405-55346379d295,1063355.92873383,5657.29065296508
1395,3,5,061,35061,,,rpa,5/2/2017 7:53:43 AM,9c3e09c9-1065-407c-b3a5-6fef6695c09e,198649.782333374,2615.24256744448
1396,3,3,020,33020,,,rpa,5/2/2017 7:53:43 AM,3207cab1-153f-46e3-815b-4980102c3e14,696424.802322388,4787.17634640403
1397,3,4,036,34036,,,rpa,5/2/2017 7:53:43 AM,056feed7-8496-446f-a9bd-562f7624657f,1009562.56911469,4521.13957348654
1398,3,5,039,35039,,,rpa,5/2/2017 7:53:44 AM,259c377c-9498-47f7-aef7-1adc5876ee10,698209.99382782,4494.89911867957
1399,3,4,018,34018,,,rpa,5/2/2017 7:53:47 AM,44630862-6c37-4161-af16-c93fcf230d57,2205369.08023071,7467.31685068535
1400,3,5,073,35073,,,rpa,5/2/2017 7:53:47 AM,536ac4fc-d633-4856-9127-54e4d525b589,2044009.64021301,6982.5949867533
1401,2,1,048,21048,,,rpa,5/24/2017 8:21:22 AM,d70f027f-503f-411d-8f8f-ce0c78c075ec,308602.166107178,2535.29664338885
1402,2,9,045,29045,,,rpa,5/2/2017 10:30:25 AM,18e7c48b-7894-4d41-b87e-2e468c1341ab,723106.216392517,3962.07087384565
1403,3,5,071,35071,,,rpa,5/2/2017 7:53:44 AM,8650a992-1d7a-4193-b4d7-256d613f1753,1075205.85679626,12175.528813148
1404,3,5,048,35048,,,rpa,5/2/2017 7:53:44 AM,8d3bee8d-6959-434a-95af-9f5b873c6d1f,792540.346313477,4426.68549797929
1405,3,5,057,35057,,,rpa,5/2/2017 7:53:44 AM,34f0e5f5-449b-46d2-b593-2cbfbfdc2e00,577070.188087463,3705.31599324072
1406,3,5,072,35072,,,rpa,5/2/2017 7:53:45 AM,ae85de65-a20e-45ad-9292-90d56c7eac57,702850.347038269,9190.05581129618
1407,3,5,067,35067,,,rpa,5/2/2017 7:53:45 AM,a2303eb5-b065-4495-8ea6-31f93ac1d1ae,957142.054458618,5329.25219925247
1408,3,5,056,35056,,,rpa,5/2/2017 7:53:47 AM,5e772b29-962e-4195-9ea4-621b717345aa,419372.221939087,2940.7810687035
1409,3,5,064,35064,,,rpa,5/2/2017 7:53:48 AM,d64042c8-13b3-4eb8-823e-2af25a53817e,766111.433837891,4247.35547412666
1410,3,5,018,35018,,,rpa,5/2/2017 7:53:45 AM,84133f11-eba6-4b53-94ba-aff11cb92860,885925.155181885,4019.7192036086
1411,3,5,038,35038,,,rpa,5/2/2017 7:53:45 AM,80cf2d43-d048-454c-8434-5e157570ad12,617570.16330719,4569.75693290398
1412,3,5,070,35070,,,rpa,5/2/2017 7:53:46 AM,ab316c6f-da1b-4713-a089-5c43350bfbd6,901012.820556641,4444.76832451718
1413,3,3,021,33021,,,rpa,5/2/2017 7:53:46 AM,12b40a4f-d5ef-40c9-b99f-46b5e99ac9c0,839582.687789917,4047.05036990864
1414,3,5,063,35063,,,rpa,5/2/2017 7:53:46 AM,e91da751-8301-47eb-8abc-18b0e13b56af,599666.139724731,4111.00114378836
1415,3,5,040,35040,,,rpa,5/2/2017 7:53:48 AM,10b09471-dad9-4a2d-bc6c-35dcf912ce57,239102.888534546,2465.62214039971
1416,3,5,050,35050,,,rpa,5/2/2017 7:53:48 AM,acc54815-b255-46e2-9969-8844980ab0bd,323229.382736206,2831.70920875533
1417,3,3,027,33027,,,rpa,5/2/2017 7:53:49 AM,b51f8d6d-dd40-457e-a9c7-e9b7c437f8d1,835957.683143616,4447.0302737142
1418,3,4,033,34033,,,rpa,5/2/2017 7:53:49 AM,979b9ed4-75b2-4a7b-8da4-f69f0ddbbdd3,862813.650352478,3896.26358943542
1419,3,3,026,33026,,,rpa,5/2/2017 7:53:50 AM,3bce6099-a43b-44a7-a3de-2f88bf154c06,821543.113235474,5702.96225589353
1420,3,5,021,35021,,,rpa,4/20/2017 4:06:41 PM,8b30de92-7547-42af-bb07-6a513f60d8d1,1175738.79262924,4775.93849634002
1421,3,5,052,35052,,,rpa,4/20/2017 4:06:41 PM,a1f8ddbc-ad6b-4040-9538-9cb04617263e,618762.5390625,4613.97880805112
1422,7,5,019,75019,,,rpa,7/13/2017 8:57:54 AM,a97257a5-0667-458f-a212-ec1b02d2a100,957410.261810303,4448.84290295083
1423,2,9,063,29063,,,rpa,5/2/2017 10:40:18 AM,e2d5cc5b-812e-4c81-9357-c67ac37aec6d,492664.440994263,3589.96745091305
1424,3,5,020,35020,,,rpa,5/2/2017 7:53:52 AM,544a53b2-d56b-4018-88ce-83650fde0f3f,2493408.98961639,12294.8055428449
1425,3,5,053,35053,,,rpa,5/2/2017 7:53:52 AM,fe43921d-8277-4855-8136-17063a381b36,1264903.71008301,5664.98541200694
1426,2,3,032,23032,,,rpa,1/5/2018 12:41:14 PM,a03eed4e-c71d-4a8d-b456-2b875200e5c9,408430.797309875,2569.06692847708
1427,3,4,015,34015,,,rpa,5/2/2017 7:53:53 AM,11873dc0-d896-4d97-a586-c792791e59d9,1755610.73442078,8888.35198482392
1428,3,5,051,35051,,,rpa,5/2/2017 3:22:34 PM,4f392635-7f2d-43f4-b468-913359538690,1057789.86828613,5367.04623909552
1429,9,2,046,92046,,,rpa,4/28/2017 1:47:24 PM,4413f441-1707-423c-b9a6-49373f879611,655123.14289093,7204.411629959
1430,9,2,012,92012,,,rpa,4/28/2017 1:47:25 PM,c2015ae1-2637-4d72-a019-17314ddf2278,1053744.74959564,4109.82695130694
1431,2,9,061,29061,,,rpa,5/2/2017 10:30:25 AM,0a53aae0-37b3-4a0a-b784-8dd5193830a5,721731.058250427,3698.36319485061
1432,3,5,037,35037,,,rpa,5/2/2017 7:53:40 AM,d8f59db8-fce4-4967-bc8a-e740c3e40423,558796.671958923,4485.99163593173
1433,9,2,015,92015,,,rpa,4/28/2017 1:47:25 PM,813a6d5c-794a-48b6-a274-c8fa59b356ef,898491.2237854,4385.94173619945
1434,3,5,069,35069,,,rpa,5/2/2017 7:53:40 AM,b1411af1-d96c-4980-8dec-361948627d39,933976.055549622,5211.40703792808
1435,4,3,068,43068,,,rpa,9/11/2018 8:17:08 AM,1a14ee69-d6b0-401e-bb86-5efcd4ceb85f,478967.09854126,3074.85369674342
1436,9,2,031,92031,,,rpa,4/28/2017 1:47:27 PM,afce330d-1d6f-4ea9-a0b5-38e3389cd132,617440.154457092,3610.96751154967
1437,9,2,041,92041,,,rpa,4/28/2017 1:47:26 PM,515e46d8-3355-4c3a-95c6-c60175a15921,750516.240509033,5369.69125994117
1438,9,2,016,92016,,,rpa,4/28/2017 1:47:23 PM,1b0591b4-d091-4f20-8b45-ff930c87d4cf,688669.868041992,4328.32216085683
1439,9,2,048,92048,,,rpa,4/28/2017 1:47:27 PM,d5e95ca4-3729-4ee4-8a2e-2e461ac280a5,1010482.95424652,7012.41801095191
1440,9,2,027,92027,,,rpa,4/28/2017 1:47:28 PM,6649818b-da37-42f0-b66b-b756c6109768,1281792.51422882,4673.68801707335
1441,9,2,017,92017,,,rpa,4/28/2017 1:47:28 PM,bc58de71-049f-4198-9401-988072a39f02,558476.023597717,3036.65350691105
1442,9,2,034,92034,,,rpa,4/28/2017 1:47:26 PM,0fe0f57e-8ce5-4b69-a60b-183053869652,705122.845947266,6631.62105192529
1443,9,2,035,92035,,,rpa,4/28/2017 1:47:27 PM,ecb7f3af-c080-429f-95f5-ebed0955d910,349726.051635742,6210.49781382061
1444,9,2,028,92028,,,rpa,4/28/2017 1:47:22 PM,763e8d7e-a98d-4416-a4ea-90a9a13aff8e,302037.588348389,2205.40275296524
1445,9,2,022,92022,,,rpa,4/28/2017 1:47:24 PM,5b1e463e-73be-4a05-be3b-5e9599a6041b,705657.369018555,3460.01197596426
1446,9,2,013,92013,,,rpa,4/28/2017 1:47:29 PM,7fb81dfa-7410-4957-882d-b6c2fe317914,1067016.46099091,4447.4659579697
1447,9,2,008,92008,,,rpa,4/28/2017 1:47:30 PM,400c0a81-927f-4a2f-8e08-10c0f7e037c6,1233863.48057556,4568.9684837744
1448,9,2,020,92020,,,rpa,4/28/2017 1:47:31 PM,1a4d1564-c181-48c6-b968-d4c84021be3c,1006820.72838593,4146.76548765113
1449,9,2,029,92029,,,rpa,4/28/2017 1:47:31 PM,45c26647-ed18-4668-88e1-1f0794531096,595357.548568726,5574.78292178
1450,9,2,021,92021,,,rpa,4/28/2017 1:47:32 PM,080b1c31-8a03-4851-af23-fd484acc8350,716687.302101135,4262.43745705943
1451,9,4,090,94090,,,rpa,9/12/2017 1:05:51 PM,ec692183-ee92-4d59-bfb3-ab377e5a7557,951235.739395142,4069.87794383835
1452,9,2,030,92030,,,rpa,4/28/2017 1:47:33 PM,3ef302d7-9e4f-4072-adde-7e36622b950d,379387.851455688,5434.84620826063
1453,9,2,044,92044,,,rpa,4/28/2017 1:47:33 PM,9bd6647b-16be-4064-8fa4-72703d7d971d,1106801.43977356,7363.92931586544
1454,7,1,006,71006,,,rpa,7/13/2017 8:57:53 AM,4afc43d2-5389-4e21-8f99-a8c3c2ebb66a,787269.777374268,3583.20056968715
1455,4,2,082,42082,,,rpa,7/3/2017 7:57:49 AM,25c720d2-9f61-412d-a3bb-95a04d2ac0a2,778636.120918274,4046.37305113914
1456,9,6,002,96002,,,rpa,4/28/2017 12:56:59 PM,99d15726-48bf-430f-b5b8-b073aa384b27,1815065.52650452,8300.29068211805
1457,3,5,066,35066,,,rpa,5/1/2017 10:10:17 AM,9b963b98-b31c-43cb-bed7-99fcdc494d96,772259.249076843,4559.04317905124
1458,8,4,027,84027,,,rpa,5/10/2017 7:36:17 AM,6a4a5341-b4a5-473c-b0b7-361a258913cb,339990.158721924,3424.64065971312
1459,8,4,018,84018,,,rpa,5/10/2017 7:36:17 AM,efc598b3-e280-4981-acbd-b27dc5aeb2ba,607413.909942627,3664.49488086652
1460,9,8,040,98040,,,rpa,6/22/2017 7:44:14 AM,9f2d7cea-6c49-45c1-8e5f-0a3453803c58,981940.854896545,6562.21322426441
1461,8,4,029,84029,,,rpa,5/10/2017 7:36:18 AM,553eda8c-2ef3-49ec-8fa8-23689941341d,9633099.90705872,16395.1785187145
1462,2,4,029,24029,rpa,11/8/2017 3:18:37 PM,rpa,12/20/2017 10:18:21 AM,46b0ad5b-7d28-4d2a-8b62-bba6335fe95b,653407.730461121,4422.18099603306
1463,2,5,003,25003,,,rpa,5/9/2017 10:58:04 AM,b1e59f6c-1ac1-4495-a755-a6a35fa7c2be,744209.339019775,4417.01397485255
1464,2,4,024,24024,,,rpa,5/9/2017 10:58:05 AM,7f370ac8-781c-4fc7-9693-25d5337bb705,825366.404052734,4148.0502240187
1465,8,4,022,84022,,,rpa,5/10/2017 7:36:19 AM,52b85d58-5f52-48f4-8d04-82d68415cd1f,1843060.4176178,6459.71723265375
1466,9,9,064,99064,,,rpa,5/17/2017 2:34:42 PM,9fb12f82-e827-486c-bc2e-0b92316278ea,782831.668533325,3906.83340450029
1467,9,9,003,99003,,,rpa,5/17/2017 2:34:43 PM,6f94f69d-123f-4888-95e2-cb83ef5ae484,11141435.6201553,25733.1758771454
1468,9,9,063,99063,,,rpa,5/17/2017 2:34:44 PM,f557b554-f09b-4500-9f00-8d2f1e42bde9,660903.745903015,3673.91739115829
1469,8,4,026,84026,,,rpa,5/10/2017 7:36:15 AM,d465a71b-1a76-45f7-abae-c4cbc0791743,529885.318527222,2939.08824411313
1470,8,4,023,84023,,,rpa,5/10/2017 7:36:19 AM,d03d5bc1-a4ea-48c4-a808-3e98b44565d6,1455642.99000549,5603.28153666531
1471,1,3,037,13037,,,rpa,5/23/2017 3:02:21 PM,7a0da3a9-4b56-4d5d-b8d8-9b791014c937,452563.705940247,2801.29281677804
1472,2,7,003,27003,,,rpa,1/5/2018 12:41:15 PM,39c9693d-849e-4bb3-bc23-3f98e73faa23,484683.51007843,2866.51325936672
1473,1,7,017,17017,,,rpa,5/11/2017 8:44:15 AM,05ab5cb0-7365-44f1-b88a-b23a15ae5b63,590786.84463501,3609.68166633069
1474,9,8,046,98046,,,rpa,6/22/2017 7:44:14 AM,14258d6b-3900-4f1f-aad6-1c121daef8d2,679346.789909363,3804.86997780086
1475,3,3,003,33003,,,rpa,6/30/2017 2:10:07 PM,62957daa-d0bb-4975-86ca-7bff8ed43623,790070.932693481,4137.64539064025
1476,3,3,004,33004,,,rpa,6/30/2017 2:10:07 PM,9ec151d4-598d-4b90-aec5-1683026de9cf,1175383.23243713,4408.34677741747
1477,4,6,015,46015,,,rpa,5/11/2017 1:50:34 PM,33c97e62-b904-4aa0-a530-8e012456ec39,41694697.0473022,28343.2239208611
1478,1,6,008,16008,,,rpa,5/31/2017 7:11:04 AM,ed983d4f-5384-45e7-9b65-e84f63ff0bdf,463030.713150024,3113.26794313248
1479,1,7,044,17044,,,rpa,5/31/2017 7:11:04 AM,27e38a11-22fe-4308-ba4c-0b14ff5459c0,418122.774383545,3303.94943525609
1480,1,7,042,17042,,,rpa,5/31/2017 7:11:05 AM,54e88992-2e03-4cfe-a6f7-5bc8842be02e,636580.191520691,3307.23775024128
1481,7,1,011,71011,rpa,7/7/2017 8:21:09 AM,rpa,7/17/2017 11:47:46 AM,0b69266c-af7e-41bb-8761-4aa814cad7e4,163153.026992798,3590.45974040382
1482,4,1,032,41032,,,rpa,7/21/2017 7:13:18 AM,47367ccf-1dea-4f3e-959b-602d8e0ad4a8,546896.802963257,3276.91995258565
1483,9,8,014,98014,,,rpa,7/17/2017 2:44:51 PM,08149005-0095-470a-85ab-e02e716cb2db,1273305.86818695,5075.66738147145
1484,4,2,093,42093,,,rpa,7/3/2017 7:57:49 AM,4a834fa0-db01-47dc-9370-e1609a89369f,426845.317314148,3153.61673082166
1485,4,2,077,42077,,,rpa,7/3/2017 7:57:49 AM,8c8f3d2c-2a93-4405-b891-1e495fb55aaf,1184211.79163361,4663.42273968025
1486,7,1,010,71010,,,rpa,7/13/2017 8:57:50 AM,898deb53-49dd-4f91-a93a-677eb5302954,1050008.86174011,4479.42186369659
1487,2,9,056,29056,,,rpa,7/27/2017 7:28:47 AM,c811365f-1f67-4eb8-9dd9-0353d35d7289,578124.653526306,3830.58957734022
1488,4,7,048,47048,,,rpa,7/21/2017 11:15:41 AM,7282a7db-94a8-4089-9d9a-cc2c933b2687,3479070.99803162,7701.83939319024
1489,9,1,035,91035,,,rpa,6/14/2017 1:29:48 PM,3faf0af4-b3b8-467e-9309-a1b36ba26c1b,620477.558815002,3174.1741058519
1490,7,1,007,71007,,,rpa,7/13/2017 8:57:51 AM,2838d908-a7b4-4cc7-ade9-981baa4ae8ac,929323.267669678,4047.92960077655
1491,7,5,022,75022,,,rpa,7/13/2017 8:57:52 AM,b5c41d11-1aec-4c81-9eb4-98f063c41f73,618557.7890625,4534.60079286472
1492,9,1,155,91155,,,rpa,7/24/2017 11:31:30 AM,d03dd14a-8d2d-46b3-a919-3b202eaa6e9e,582520.866020203,3334.46071791493
1493,9,1,031,91031,,,rpa,7/24/2017 11:31:35 AM,90f7429a-a391-4f71-b4c7-8d4c1930ce74,18725497.824173,18143.8896992251
1494,2,1,054,21054,,,rpa,6/26/2017 8:50:04 AM,1c96f227-deb4-4ed0-888f-a4227ceda3a9,740322.002586365,3691.19612466998
1495,9,1,135,91135,,,rpa,6/16/2017 3:23:27 PM,34ed1c1d-976d-479c-8796-8fc8d8e5c55c,568432.354904175,3293.24950513848
1496,2,4,001,24001,,,rpa,6/8/2017 11:00:59 AM,b479e82d-c375-44a7-bd44-59b6dc79b2d8,349461.890930176,2406.67140795456
1497,9,5,010,95010,,,rpa,8/24/2017 8:47:50 AM,c50a2b3e-6a94-4364-baed-7ff89a001ee7,1028450.50032043,5988.31956594368
1498,4,7,059,47059,,,rpa,7/21/2017 11:15:41 AM,a7c723b0-8953-4509-a910-981b7116435e,1564487.39646912,8553.40892528666
1499,4,7,049,47049,,,rpa,7/21/2017 11:15:41 AM,ce4ca6e2-e458-403c-b0ad-22649fec31ad,2457934.46336365,7635.06432340573
1500,2,6,014,26014,,,rpa,1/5/2018 12:41:15 PM,35048daf-4230-40de-aa68-daa7924dc1a7,480364.618026733,3196.79557153381
1501,4,7,040,47040,,,rpa,7/21/2017 11:15:42 AM,879b2c9e-1586-4227-9589-b5b302ff7ee2,4190228.00410461,11545.3707568976
1502,4,7,046,47046,,,rpa,7/21/2017 11:15:42 AM,1b6bc09f-e0a0-451e-b614-847cd3699c98,2167886.95974731,6921.42743623246
1503,4,7,026,47026,,,rpa,7/21/2017 11:15:43 AM,7297c18d-c5fb-4aac-9dcb-78bff0c3ccb6,1665401.88226318,8072.53880477219
1504,4,7,027,47027,,,rpa,7/21/2017 11:15:43 AM,79ccd4dd-1265-4258-83d4-56f032cdd49e,1736945.30169678,6636.81798761596
1505,3,2,046,32046,,,rpa,7/5/2017 1:40:00 PM,49cba5ba-1c9f-4ea1-abc6-365bae7e9be4,475397.801139832,2795.06996492676
1506,9,7,010,97010,,,rpa,7/11/2017 7:52:36 AM,93a7533a-e6fd-465e-a63c-39ce34144da2,658711.747581482,4182.25697906763
1507,6,2,001,62001,,,rpa,6/14/2017 3:26:01 PM,035d6bf4-7a9d-40c5-8608-6f2f09280595,5379611.78987122,14493.4293831578
1508,7,3,006,73006,,,rpa,7/18/2017 7:54:39 AM,54f065dd-aac0-4c8a-a2c7-aca4eed92326,720497.359680176,4431.39085641427
1509,7,4,009,74009,,,rpa,7/7/2017 8:21:07 AM,d9744343-4cc9-4dc5-9f79-75186c4e9921,739120.608856201,3674.96769054536
1510,7,5,005,75005,,,rpa,7/7/2017 8:21:09 AM,842b8e1e-345b-47bf-8af5-f0b29442e076,449357.270980835,3522.56847790076
1511,7,1,004,71004,,,rpa,7/13/2017 8:57:52 AM,8465128d-10cb-4521-813f-f6e340647340,359925.000213623,2897.13604959263
1512,7,5,013,75013,,,rpa,7/13/2017 8:57:53 AM,3bc6c61d-a938-4394-a2be-5b0ea011a66d,503417.780044556,3103.4229490508
1513,2,4,028,24028,,,rpa,11/27/2017 10:05:11 AM,7e08b563-9f0b-4ae1-8321-3563636d0884,523094.922454834,3654.94162004589
1514,4,2,020,42020,,,rpa,6/14/2017 7:53:25 AM,b520f13a-eb64-4abe-960d-5f32c588dac1,1152778.62791443,5207.9254649055
1515,7,1,003,71003,,,rpa,7/13/2017 8:57:52 AM,2c15bd07-020a-4b74-8090-af3a7a50cc91,999908.073730469,4146.08980319463
1516,9,4,087,94087,,,rpa,9/12/2017 1:05:50 PM,2689605f-246d-444c-b400-28572fe522f3,963587.48588562,4587.5932304365
1517,9,4,147,94147,,,rpa,6/19/2017 10:07:43 AM,0adddaf1-084b-44b8-9f22-c67c6f38fa79,635273.833702087,9549.70498929587
1518,3,5,029,35029,,,rpa,9/11/2017 2:18:42 PM,e2bf561e-5997-4306-a9ea-a5dd56385c49,664216.676654816,3416.63923917998
1519,9,4,089,94089,,,rpa,9/12/2017 1:05:50 PM,f72ee87b-dffe-4754-8e2c-23bef332e305,612176.735534668,3960.69822443805
1520,7,1,005,71005,,,rpa,7/13/2017 8:57:51 AM,4b366ff2-9b20-43ae-8f75-253df7f6b7b5,774594.499023438,5348.17980748156
1521,9,4,110,94110,,,rpa,9/12/2017 1:05:51 PM,550cbb37-b29a-474e-9c6e-5a9e363b66eb,928735.405090332,5349.72843199296
1522,9,4,093,94093,,,rpa,9/12/2017 1:05:51 PM,784ed07c-ad9f-4326-93fb-b6b935aee6af,641548.594772339,3852.89376607416
1523,9,7,028,97028,,,rpa,7/28/2017 12:06:19 PM,1fb700d7-ea6c-4522-b9cc-3b991f053c35,983377.000167847,4406.46502531921
1524,9,5,041,95041,,,rpa,9/12/2017 1:05:50 PM,7f0f0b2a-824e-454f-9afb-cbeb7b1eb90a,1079475.08486938,10185.5540394377
1525,1,1,001,11001,,,rpa,9/13/2017 12:15:40 PM,edbe4b50-73d4-4248-bae5-d9bd1ec37838,13211668.3105621,22323.8284390057
1526,3,8,015,38015,,,rpa,9/12/2017 3:11:47 PM,3d5feed6-0778-469b-a6ff-6829d6998ffc,514864.849258423,3004.34044986481
1527,9,4,032,94032,,,rpa,8/15/2017 12:08:44 PM,86fda5db-ac7c-424c-a04c-10f70eb5f783,929983.407897949,3868.9871382034
1528,9,7,062,97062,,,rpa,2/15/2018 7:43:14 AM,08c49ade-486c-420d-9397-aa0e60d33523,1206075.43286133,5270.53317838188
1529,3,6,024,36024,,,rpa,9/12/2017 2:18:44 PM,c4bc076b-4693-4c21-ae6a-ab8ed2ece433,874584.045227051,4788.43920875189
1530,1,2,025,12025,,,rpa,9/13/2017 12:15:40 PM,424f7dfb-3118-4865-a23a-274ec11c0d16,7431323.75045013,12767.4350185077
1531,4,2,081,42081,,,rpa,9/15/2017 8:36:13 AM,35ddea1a-281e-4add-83d0-74ed2bb269a7,287546.406555176,2311.60430187727
1532,3,5,012,35012,,,rpa,9/12/2017 1:46:39 PM,1a0f9e50-5aa0-4322-a052-88d3d7c394cb,644758.51638031,4738.07592278532
1533,1,8,017,18017,,,rpa,7/31/2018 8:24:33 AM,496af3ef-5158-4be6-ac71-8c39db75e0da,609794.982421875,3937.327525217
1534,1,2,023,12023,,,rpa,9/13/2017 12:15:40 PM,8231010c-74fd-4e39-a373-80e64c8cbca2,3425306.44018555,8387.97448562041
1535,2,1,026,21026,,,rpa,9/18/2017 9:05:23 AM,6363141e-15b3-4538-a155-e8f50f5aed5b,454869.915939331,2804.472815638
1536,1,7,041,17041,,,rpa,9/15/2017 12:56:14 PM,0b4f20c2-02ee-4286-9eaa-f37a0dd5f450,341364.246406555,2522.86326852383
1537,1,8,020,18020,,,rpa,9/15/2017 12:56:13 PM,6808f067-3ee9-462b-9af4-95ebba88b937,679904.17791748,4068.77613688841
1538,2,2,006,22006,,,rpa,9/18/2017 10:24:21 AM,38004d6b-58df-4da3-a636-5725b1ccd424,521380.337814331,5343.48200484288
1539,2,8,007,28007,,,rpa,8/24/2017 7:52:18 AM,5bb42b70-45cf-4f5b-9c92-68fbaa3356f4,535366.111022949,3687.66303420984
1540,9,7,017,97017,,,rpa,7/28/2017 12:06:19 PM,abf8efbf-8569-412c-9ab9-e4ccc97442b6,587800.710861206,3515.24750911487
1541,9,4,149,94149,,,rpa,8/15/2017 7:12:22 AM,588ec018-ed24-4316-8312-eb61e4a7e7d2,700532.260932922,3706.30073375227
1542,9,7,054,97054,,,rpa,2/15/2018 7:43:15 AM,3d5c487a-7793-43e8-91fb-44f156fdc172,798651.87109375,3708.8196471435
1543,9,5,021,95021,,,rpa,8/24/2017 9:04:09 AM,dcbeddf6-dcb8-401c-bb75-f5eacddfc1c7,2104483.06434631,9802.95251113108
1544,9,4,162,94162,,,rpa,8/15/2017 3:07:13 PM,56488b47-717e-49dc-995b-156fd5c64822,650619.100326538,3669.5647461462
1545,9,4,027,94027,,,rpa,8/15/2017 3:07:17 PM,3ec76500-f19e-4df5-99b8-5ba79a199226,1255506.53781128,4850.96614410892
1546,8,9,011,89011,,,rpa,11/1/2017 3:32:53 PM,bf0b923e-e450-48ab-bc2c-fc40be5131d7,520642.68271637,5019.70422968524
1547,9,4,150,94150,,,rpa,8/10/2017 9:16:13 AM,b2dd9c37-b9ae-4a21-bac6-bfbd3289d728,413039.713104248,3077.86030048526
1548,5,4,002,54002,,,rpa,8/17/2017 7:27:42 AM,4288038c-53a0-4d31-af3a-cb011ab72fa2,843548.670181274,5858.76373742732
1549,5,4,015,54015,,,rpa,8/17/2017 7:27:41 AM,eee350ed-4eeb-4488-9be3-bbf4c7e53ccf,689162.843551636,3387.22638185065
1550,5,4,016,54016,,,rpa,8/17/2017 7:27:42 AM,f3692802-09a4-4106-9dee-e2cfa8c60afc,734897.780944824,3787.55622079428
1551,9,4,132,94132,,,rpa,8/15/2017 7:12:30 AM,9cb13dad-81d1-489b-b2f0-a9f50a23a7bc,786443.345794678,4042.91631197068
1552,9,4,160,94160,,,rpa,8/15/2017 7:12:30 AM,9491bb78-8a79-4fd1-9d0c-543abd9e1fdc,1519597.36009979,6423.5178602429
1553,9,9,043,99043,,,rpa,8/24/2017 1:49:36 PM,887d1ec9-60bb-4cf3-8aa5-cd94d6096b55,422218.007865906,3089.01203775834
1554,5,6,010,56010,,,rpa,8/3/2017 6:55:58 AM,d45a16b0-0a9a-41d3-908d-0c5534329036,1474662.84899902,4945.80009229445
1555,9,1,067,91067,,,rpa,8/3/2017 8:37:42 AM,1c1f2756-83a0-4010-a5de-dce1669f88ec,880605.846801758,4879.18721090776
1556,7,5,026,75026,,,rpa,9/19/2018 9:05:28 AM,4db8b73f-259c-4c19-8160-4bcc2df18d38,648258.572387695,4054.51152483941
1557,4,4,023,44023,rpa,6/12/2014 1:54:30 PM,rpa,8/3/2017 8:05:12 AM,a6fe2e39-a98f-4d58-8ac9-9c9fa3f0aad2,760520.349395752,6715.1797995372
1558,9,1,065,91065,,,rpa,8/3/2017 8:38:02 AM,0874a9bf-7357-4ffe-93cb-43115c5a2a4b,1038012.27052307,4813.63784865364
1559,4,1,009,41009,,,rpa,8/3/2017 7:44:26 AM,28bd6742-e702-47d9-bace-7aa15b96ada7,8882264.01425934,25735.9006283196
1560,5,4,017,54017,,,rpa,9/7/2017 2:43:54 PM,3f657b0e-745e-477b-919e-1b3bda1dca2d,334359.853012085,3074.14847879099
1561,9,9,040,99040,,,rpa,10/5/2017 1:48:18 PM,28f9be55-702d-499e-a53c-79666cc1b265,774413.623191833,3636.77326679802
1562,1,1,073,11073,,,rpa,5/17/2018 10:11:44 AM,fd5b6017-079f-4d9d-910d-2c30764084f1,950475.272361755,5098.40453313164
1563,9,4,133,94133,,,rpa,8/15/2017 3:07:16 PM,d2c6d6a7-8b0a-49bb-821a-f209e7c8859d,1180346.8547287,4744.74247993909
1564,8,6,008,86008,,,rpa,10/10/2017 2:31:38 PM,214c5f3d-2871-4214-9142-20c1e9d00550,4268410.1060791,8465.38679184649
1565,8,6,010,86010,,,rpa,10/10/2017 2:31:38 PM,974f9a7e-3044-4ccd-aa5a-9dd0d520add6,3314383.34571838,7356.55697692499
1566,1,3,036,13036,,,rpa,9/11/2017 10:44:45 AM,729dab75-9a03-47ea-86d9-460de05c7274,719546.986061096,3651.43947285216
1567,9,4,035,94035,,,rpa,8/15/2017 3:07:17 PM,54ebf6d4-c7b1-4be6-9960-ac4fce82811b,803505.73664856,5485.01450864353
1568,9,4,135,94135,,,rpa,8/15/2017 3:07:14 PM,d9859b92-7d2a-4620-b7f8-bc31d037c36e,831239.893112183,3980.59558226062
1569,9,5,036,95036,,,rpa,8/17/2017 9:03:54 AM,594f8950-95c4-4006-a055-b04f71e9fc54,723348.966796875,4513.13012252608
1570,9,4,155,94155,,,rpa,8/15/2017 7:12:23 AM,1ff41fea-16d4-4078-8f57-9dd120af9794,916371.122268677,4082.45075724592
1571,9,5,043,95043,,,rpa,8/17/2017 9:03:54 AM,140b3a04-53f5-4034-bad3-c8d51fd6ac4a,558995.929031372,5289.0896722563
1572,9,5,089,95089,,,rpa,8/17/2017 9:03:56 AM,7a27354f-ccde-476c-9f6c-c6b2b8735bf1,359221.31237793,3663.9097651752
1573,4,3,043,43043,,,rpa,9/11/2018 8:13:06 AM,f932ded0-9cf0-494e-91c0-a6f777078c66,530492.618255615,2935.03102976159
1574,9,4,152,94152,,,rpa,8/15/2017 7:12:23 AM,c90fe656-36f2-4243-aaa5-a6657df8eaa1,605013.128143311,4198.1066831342
1575,4,4,027,44027,,,rpa,8/3/2017 8:11:49 AM,88be965f-4311-4e89-aa9f-4067c735bb2b,746663.368881226,4056.91197424708
1576,4,4,026,44026,,,rpa,8/3/2017 8:14:45 AM,055bd604-fad3-4929-bfcb-e1b35bbbb1b8,920740.094177246,5280.33642342722
1577,9,4,168,94168,,,rpa,8/15/2017 7:12:25 AM,c5cbe132-df64-4988-9f19-2df3c1178d56,786144.836959839,3712.13106725939
1578,9,4,107,94107,,,rpa,8/15/2017 7:12:25 AM,d34d6e37-95ad-4071-97ec-720ee7741f48,2402977.31595612,7834.94779835749
1579,9,4,163,94163,,,rpa,8/15/2017 7:12:23 AM,8d9bbed4-3cce-474d-a1d4-ed22cc9377ea,855654.282905579,5840.02512675616
1580,9,4,074,94074,,,rpa,8/15/2017 7:12:24 AM,e8788cf5-007a-49e3-8db2-37c76a189eda,845542.960845947,4081.61903030991
1581,9,4,171,94171,,,rpa,8/15/2017 7:12:25 AM,c32b96c9-2bf1-49a1-aebb-820af4d183bf,624921.234848022,3674.76925930158
1582,9,4,137,94137,,,rpa,8/15/2017 7:12:26 AM,bcb737a7-0ad5-4f35-8d90-d1a05e642eab,1277120.60969543,5335.95497070767
1583,9,4,154,94154,,,rpa,8/15/2017 7:12:27 AM,e92d2f04-d264-4ba5-be98-dfaedb4e0490,409428.387619019,4702.04799157674
1584,9,5,020,95020,,,rpa,9/27/2017 7:43:49 AM,abd26f0a-e181-408e-8825-e694f86275ce,973619.059402466,4175.25396345327
1585,6,8,003,68003,,,rpa,8/11/2017 9:39:57 AM,f341d0c6-1f77-462a-955f-ee00d83a9b7a,95148486.0525818,43825.3096199518
1586,9,4,167,94167,,,rpa,8/15/2017 7:12:26 AM,bfeeafc5-5ed1-4158-9982-938766effefe,640082.753768921,3356.8369289223
1587,3,1,014,31014,,,rpa,10/23/2017 7:36:29 AM,a399bfd4-2854-4c0a-9d3e-7c9233d51166,697257.838668823,3587.75350214007
1588,9,4,156,94156,,,rpa,8/15/2017 7:12:26 AM,008472e9-e36f-47bd-bd00-b8563601b9cc,637690.310379028,8429.58964559082
1589,9,4,165,94165,,,rpa,8/15/2017 7:12:26 AM,d32eb9f5-5fd1-46aa-a65d-affda16a9bc4,419907.010101318,2833.07885088984
1590,2,8,011,28011,,,rpa,10/26/2017 1:51:40 PM,9cfc1bab-c096-497d-866a-4b2c685405e4,873446.402755737,3823.00501850795
1591,9,4,153,94153,,,rpa,8/15/2017 7:12:27 AM,0a9db76b-0fef-4296-9b2a-9bfeef445703,530989.776321411,5670.09830821541
1592,4,3,026,43026,,,rpa,9/11/2018 8:23:26 AM,06c3a4a8-4b6b-4d79-9b7c-77759213a21b,658934.9609375,3268.307104764
1593,9,4,106,94106,,,rpa,8/15/2017 7:12:29 AM,e4d51e44-6f27-4c95-80b3-1d1533dd155c,948599.429779053,4720.17942009871
1594,2,4,030,24030,,,rpa,11/22/2017 10:23:09 AM,b7748ac0-a6af-44ae-9dd8-b8f6a8b4bc68,919179.409263611,4383.87166097917
1595,9,4,157,94157,,,rpa,8/15/2017 7:12:27 AM,1f19d445-0a8a-45a2-85d4-40290a5ddee1,614597.083198547,8271.33581677218
1596,9,4,113,94113,,,rpa,8/15/2017 7:12:27 AM,efd10faf-a59c-4d9a-807b-d91c56ad9a86,829422.617835999,4362.83803200002
1597,9,4,146,94146,,,rpa,8/15/2017 7:12:28 AM,856743b6-d91f-47a2-af46-36af5c387fa8,4221111.72355652,11111.449681937
1598,4,3,025,43025,,,rpa,9/11/2018 8:23:29 AM,a2c2064f-687f-4be3-8d09-7d08f28d1ff2,656325.462890625,3251.70770266349
1599,9,4,164,94164,,,rpa,8/15/2017 7:12:28 AM,49f8f21e-c996-4edc-9051-01a4fa26e26b,215961.876876831,4288.96222212231
1600,7,3,002,73002,,,rpa,8/25/2017 8:03:05 AM,31722323-bd1e-4eff-a4f8-e06433c4ecce,928615.327072144,3862.96650847044
1601,9,1,138,91138,,,rpa,11/14/2017 11:28:23 AM,3bcc3c55-5bc2-4cee-9677-6d26e8e044d4,802271.091743469,4278.14462280202
1602,9,4,148,94148,,,rpa,8/15/2017 7:12:29 AM,e367d937-b78f-48a9-a324-304407113327,379240.459243774,2902.39916863764
1603,2,9,011,29011,,,rpa,9/26/2017 12:02:48 PM,abae190c-d2cb-48a9-8602-895783500604,563153.481315613,3139.54272933209
1604,2,9,006,29006,,,rpa,9/26/2017 12:02:49 PM,f279f751-3531-4d08-8114-ea59bdca0c02,590520.363258362,3676.10892672773
1605,2,9,015,29015,,,rpa,9/26/2017 12:02:49 PM,931aaa0d-9f68-47bb-9f70-bc16482596ee,974758.476745605,4497.66232993129
1606,2,9,009,29009,,,rpa,9/26/2017 12:02:49 PM,741e5705-2af4-4ac5-8c00-bb87d4073e15,873341.296951294,4473.8000855775
1607,2,9,008,29008,,,rpa,9/26/2017 12:02:49 PM,4c8cdc8a-45c8-423e-ae25-4f8e025677e9,788839.878707886,4017.08393018047
1608,8,5,014,85014,,,rpa,11/9/2017 7:25:44 AM,0d7e583e-10cf-495e-86b1-db9376c14003,968652.447647095,4363.87569905022
1609,8,4,020,84020,,,rpa,10/12/2017 11:19:56 AM,18873c40-5106-4064-b7ae-a8da3ca7480d,2812515.57275391,8043.66973866325
1610,9,1,117,91117,,,rpa,11/14/2017 11:28:22 AM,feb97cf0-9c6b-4a47-bb64-66ab88f9ab90,1080505.83531189,4367.0537723802
1611,5,9,028,59028,,,rpa,11/1/2017 8:00:39 AM,e08d36e6-5ac9-4d9d-8ba9-52f574a031e7,1732011.652771,7070.82706924748
1612,5,9,030,59030,,,rpa,11/1/2017 8:00:39 AM,daa699db-771c-4c8a-a3ef-c24f6ad0583a,1872061.07058716,8001.82629949432
1613,5,9,018,59018,,,rpa,11/1/2017 8:00:39 AM,7ebfb48e-bccd-485f-be68-1cbb319e4bff,2892178.39077759,7355.39925072054
1614,8,5,025,85025,,,rpa,11/9/2017 7:41:15 AM,005ee63d-8b43-46af-937b-b8bbf5945ea4,440394.677154541,3113.21859017958
1615,8,5,024,85024,,,rpa,10/12/2017 11:19:52 AM,cf2d0825-32d8-46a5-b117-84849985936d,530059.990203857,3510.27863883932
1616,9,1,131,91131,,,rpa,11/14/2017 11:28:20 AM,df202be6-caa5-4dca-826d-b17af368c865,898841.967163086,4025.0243406874
1617,8,6,019,86019,,,rpa,9/21/2017 7:58:48 AM,fb29789f-4028-47ca-9e5a-18ce54c02424,2247023.61058044,6962.65443964576
1618,8,6,011,86011,,,rpa,9/21/2017 7:58:49 AM,c8cff596-14a7-4dcb-922e-08379eaaf9e0,2709162.4682312,7999.64778033088
1619,9,1,114,91114,,,rpa,11/14/2017 11:28:22 AM,f6006a44-051e-47cd-97b4-dd54d3bcd024,1225758.70449829,4670.68807673107
1620,8,9,005,89005,,,rpa,11/1/2017 3:32:54 PM,51d5f195-8874-4a95-9da6-fa5e36fa58c3,2092772.74997711,6069.64806783292
1621,9,8,072,98072,,,rpa,9/28/2017 3:38:10 PM,cb1fbece-e904-48fe-b736-91cba61b7fcd,291851.294326782,2933.46953880334
1622,1,5,034,15034,,,rpa,10/11/2017 8:47:49 AM,dc2ed5de-3670-4424-b159-f0593e2844ec,694251.47290802,8668.56462063763
1623,1,5,035,15035,,,rpa,10/11/2017 8:47:50 AM,0063e279-2b32-4200-a529-9b8af1d091aa,663923.253395081,3932.98397391688
1624,8,5,017,85017,,,rpa,10/12/2017 11:19:53 AM,d569a9e1-b9aa-440f-994b-be55070daba2,550823.727432251,3487.8324449625
1625,3,9,038,39038,,,rpa,10/6/2017 9:55:21 AM,33f7bd19-73a9-4860-a121-774b953b5f25,1136489.08473206,4166.35744588116
1626,3,9,032,39032,,,rpa,10/6/2017 9:55:22 AM,565a5ad5-425d-48d9-97c7-07ec4cd18e9b,1082988.1240921,7465.13154179588
1627,8,5,015,85015,,,rpa,10/12/2017 11:19:56 AM,3ffb4c4b-9c27-4633-9c4d-ec572c79474a,665811.61114502,3540.60185798534
1628,9,5,016,95016,,,rpa,9/27/2017 7:43:50 AM,6d6d83fb-8dd3-4aa2-81ad-b805f0919dc1,900973.394760132,4427.16544773994
1629,3,9,050,39050,,,rpa,10/6/2017 9:55:21 AM,e5b15253-1106-494f-a60d-ea61ca5ff754,521910.68119812,4231.98281959422
1630,3,9,039,39039,,,rpa,10/6/2017 9:55:23 AM,8a1780ba-9f43-47cf-8555-1a061795b439,1486658.88484955,5211.34328736245
1631,8,4,019,84019,rpa,8/15/2016 2:00:46 PM,rpa,10/12/2017 11:19:55 AM,617498b9-dd36-4395-8528-f01c730a1017,2574390.09967041,6888.07179823706
1632,8,5,016,85016,,,rpa,10/12/2017 11:19:56 AM,c3a6c280-0f00-4b7d-85a1-511b32161279,985693.975296021,4471.16213775889
1633,8,5,006,85006,,,rpa,10/12/2017 11:19:57 AM,bd0fe005-4232-42c8-bc1e-ef28ed45a0f2,159820270.098892,73555.603829429
1634,2,7,018,27018,,,rpa,10/30/2017 1:06:50 PM,d7e29ea3-e90f-4442-b246-e4af1e7b2c7d,424120.021362305,3197.66731953366
1635,2,7,011,27011,,,rpa,10/30/2017 1:26:25 PM,6a198de3-2974-42ba-a5e5-adcfc0eefe82,398324.505172729,3000.44359507147
1636,9,5,014,95014,,,rpa,9/27/2017 7:43:50 AM,7e1925ca-ab37-465a-bf45-734087cbf894,1218724.17570496,4825.67288156799
1637,9,9,051,99051,,,rpa,1/3/2018 2:46:40 PM,0f3d389f-f4af-4877-b0c4-f42d634d204e,764159.508766174,4986.45522088372
1638,8,7,043,87043,,,rpa,11/2/2017 1:31:58 PM,ca745770-32d5-4650-9997-228600653ab7,833213.068008423,11348.1573645677
1639,2,7,015,27015,,,rpa,10/30/2017 1:26:14 PM,c20b962f-065b-4dc1-a314-f4c3d3714e6e,372669.7917099,2908.24193375858
1640,7,1,002,71002,rpa,2/23/2016 1:09:40 PM,rpa,11/8/2017 9:10:09 AM,d45b676f-b0a3-46ed-aec3-bd428f6d2e02,67326907.73172,70588.5868381578
1641,8,7,042,87042,,,rpa,11/2/2017 1:31:59 PM,999e0db5-29c7-4a8e-9b01-4d57c4f83a0b,1567713.48030853,13254.0667574903
1642,8,6,007,86007,,,rpa,11/2/2017 10:46:31 AM,49409632-2c25-477f-90f6-5df552e8cbb2,3111992.46824646,7640.01249056805
1643,2,3,035,23035,,,rpa,1/5/2018 12:41:15 PM,e7a5e3af-347f-4f00-b3e8-e8cb34f5a379,548764.988471985,3059.01476631685
1644,2,3,036,23036,rpa,2/19/2014 11:11:11 AM,rpa,1/5/2018 12:41:15 PM,1a448f40-2511-483e-aa62-b4a1ed8752cb,1021579.69665527,5820.84129173064
1645,9,1,073,91073,,,rpa,12/4/2017 2:36:10 PM,20d672c1-96b1-437d-b055-318b16cbbe6d,1523441.1490097,5311.78571283475
1646,9,1,082,91082,,,rpa,12/4/2017 2:36:10 PM,7f38cfd0-4088-467b-abe2-4985358aa1c6,891130.219444275,4292.90681058891
1647,2,4,019,24019,,,rpa,11/22/2017 10:23:10 AM,c8e690e6-c5f3-49fd-8182-ac69d48c127f,945560.006340027,4260.87872594897
1648,2,4,021,24021,,,rpa,11/22/2017 10:23:09 AM,e7c010d3-5d6b-416e-afb7-3634cf55937f,709453.24269104,3711.32712051319
1649,2,4,038,24038,,,rpa,11/27/2017 10:04:53 AM,3f94133a-35ba-4967-a444-2b2f2e13e46d,528576.704971313,3710.33191411461
1650,9,1,116,91116,,,rpa,12/4/2017 2:36:10 PM,396d4aeb-67a4-4cf6-a885-9cb58919cdb8,661852.928962708,4345.59365044709
1651,9,1,161,91161,,,rpa,12/4/2017 2:36:08 PM,ff24d2a6-5d84-4267-897a-313d11bfbed7,902273.827400208,4302.32830803273
1652,1,4,008,14008,,,rpa,12/11/2017 6:53:09 AM,af67b081-f586-430a-aaee-bb7955385ba8,628958.662361145,3330.28945882577
1653,8,4,010,84010,,,rpa,12/19/2017 8:52:49 AM,0c4abd52-da0b-4f99-a70e-a3ac625d959a,846647.825958252,3900.88189522599
1654,4,3,004,43004,,,rpa,12/4/2017 2:20:05 PM,a8d663b3-e20e-48ca-b956-a6273e06ee73,1337061.10883331,5755.5055242551
1655,4,2,033,42033,,,rpa,10/29/2018 1:14:55 PM,4a0c475d-d94f-4248-a87c-77088c09064b,729161.194038391,3701.86048546494
1656,8,2,001,82001,,,rpa,12/19/2017 8:52:49 AM,f730fb30-6af4-4e32-881e-a41220bde4f6,58309080.0903015,37658.972049646
1657,2,7,016,27016,,,rpa,12/15/2017 7:38:13 AM,c020502d-aea4-434d-9392-49eaf8fcf299,598415.699562073,3539.62906753722
1658,2,8,006,28006,,,rpa,12/15/2017 7:38:13 AM,d8f31390-93b2-4792-bb8f-162aab070929,1055658.36625671,4253.26291399146
1659,8,2,002,82002,,,rpa,12/19/2017 8:52:49 AM,ed7f1d83-a330-4c4f-86a6-d56d74530bcd,56257124.0242615,48355.0365886931
1660,5,9,008,59008,,,rpa,11/17/2017 6:44:33 AM,33c6ddb6-c76d-4bc8-82e8-a76d62b27155,613071.830169678,3322.0856509299
1661,5,9,029,59029,,,rpa,11/17/2017 6:44:33 AM,9f433083-ccd0-439e-bc31-d283ab8feece,2863005.48071289,7339.44539107
1662,2,1,052,21052,,,rpa,11/20/2017 9:33:20 AM,4db7fd1e-99a2-492b-b69c-b7fb93bdaa2b,502437.617477417,3300.81738318604
1663,4,5,073,45073,,,rpa,3/6/2018 8:06:55 AM,98db9446-b874-47f0-9381-3bb263f460db,467296.397186279,3648.40002131514
1664,5,9,007,59007,,,rpa,11/17/2017 6:44:33 AM,2b7c5e4c-3651-4711-ae7a-70843e8a4a20,889231.193756104,3798.73756382854
1665,2,3,003,23003,rpa,2/25/2016 12:59:48 PM,rpa,11/20/2017 9:35:29 AM,f3deb1fe-df28-4795-9c3d-b0604acece50,1104473.86026764,4849.48807621982
1666,4,3,006,43006,,,rpa,12/4/2017 2:20:05 PM,9865a00d-5acd-4208-9a8c-b66b03d5c80c,1654859.32633972,5528.77703786205
1667,9,1,083,91083,,,rpa,12/4/2017 2:36:07 PM,c0d5f3d9-0634-4dc8-8e91-a1453ac74de4,902276.14654541,3907.46285336295
1668,9,1,093,91093,,,rpa,12/4/2017 2:36:07 PM,bd40313b-7bd1-43e3-b456-f52b2ca40e57,648961.721374512,4542.3624189272
1669,2,6,005,26005,,,rpa,1/18/2018 2:38:21 PM,3c5b125a-5163-4c86-b385-65a6a3b37194,3288212.97822189,8255.23547198281
1670,6,6,014,66014,,,rpa,3/13/2018 9:18:57 AM,6ab34b87-e5bd-4f63-8edb-d2a145a70b51,1671939.76930237,5925.17546795245
1671,2,6,006,26006,,,rpa,3/8/2018 1:30:39 PM,359a3f9d-853a-4433-8fb3-3abec58273fc,93895.9928665161,1396.11518071877
1672,9,7,087,97087,,,rpa,2/15/2018 7:43:13 AM,e7a77a27-2f6b-485f-88d6-2fa5a78b533b,1012210.43028259,4447.56645720225
1673,9,7,090,97090,,,rpa,2/15/2018 7:43:14 AM,8afc5a4c-9e85-40c1-baef-4ff139056198,794233.607192993,4572.98754444212
1674,2,6,009,26009,,,rpa,1/29/2018 12:37:16 PM,3334b8ed-eb02-4dd8-bc95-981baccfb31b,552585.861717224,4398.02829925568
1675,9,7,009,97009,,,rpa,1/30/2018 7:41:32 AM,cba25639-69cc-4b31-8d58-509b2647caea,721941.763641357,5188.8617750869
1676,9,7,008,97008,,,rpa,1/30/2018 7:41:33 AM,57522690-8f50-418b-86e7-88ece73d33a4,884024.517097473,4750.87332651942
1677,1,5,028,15028,,,rpa,2/23/2018 8:24:05 AM,831b1689-8e04-47ec-a803-2b41c0b93b29,655522.166725159,3772.77769390757
1678,9,7,061,97061,,,rpa,2/15/2018 7:43:15 AM,af3b16d6-20f2-478f-9eb5-976489a3044b,850416.020431519,4555.12609566075
1679,9,7,063,97063,,,rpa,2/15/2018 7:43:16 AM,f2ce526c-b775-4eac-a89c-f152e6797f76,744540.711975098,4263.82592883448
1680,1,3,031,13031,,,rpa,3/1/2018 7:33:57 AM,7b5542a7-bd59-4404-82cc-cf7c378644c4,456362.796409607,3313.14317215074
1681,2,6,012,26012,,,rpa,1/18/2018 2:38:20 PM,c8546f13-f516-4f69-a806-53779d332771,760996.827926636,3521.5220904396
1682,9,7,058,97058,,,rpa,2/15/2018 7:43:16 AM,3287f8de-fe37-4546-9a50-a634299430ac,1102119.19763184,4661.34682220841
1683,9,7,088,97088,,,rpa,2/15/2018 7:43:16 AM,7118c26a-7ca0-40d1-a61a-dcbbb9e92646,1469714.90124512,5033.89285773903
1684,4,3,076,43076,,,rpa,9/11/2018 8:18:08 AM,4e68552f-f805-4d22-ae45-e4243c3bee82,856040.766494751,3784.93281924666
1685,9,7,059,97059,,,rpa,2/15/2018 7:43:17 AM,7ceafbac-7c9c-4d24-8175-085a6bd9a982,1003294.04597473,4737.78304922978
1686,9,7,077,97077,,,rpa,2/15/2018 7:43:17 AM,81902f8d-262b-4dac-b885-9b1f8ad7b257,1059589.6733551,4324.34152822956
1687,9,7,057,97057,,,rpa,2/15/2018 7:43:18 AM,730e0c77-2dbb-4353-a115-b434e07e47dc,570677.224517822,4276.50642985445
1688,5,6,011,56011,rpa,12/19/2013 9:53:47 AM,rpa,10/12/2018 1:56:29 PM,dff3cd2b-2555-4883-a407-7dff521acbb7,196585.8855896,2349.95502461671
1689,9,7,075,97075,rpa,3/7/2014 2:11:24 PM,rpa,2/15/2018 7:43:19 AM,fe474a70-6f6c-40c9-9fee-16c2b35dbbc7,1387092.97305298,6473.04920416961
1690,4,3,033,43033,,,rpa,9/11/2018 8:24:04 AM,c0c54d1e-2e85-48de-b27f-e0a5826355e6,387289.827941895,2500.99624151961
1691,9,7,049,97049,,,rpa,2/15/2018 7:43:21 AM,7c0ac565-034e-4cc3-81f8-f7d6ed34fdef,666273.434814453,4217.73261017767
1692,6,6,029,66029,,,rpa,2/13/2018 11:34:40 AM,22428f95-1f49-4329-90e8-e49b346e78e5,798675.747039795,4192.38990251821
1693,6,6,023,66023,,,rpa,2/13/2018 11:34:40 AM,e67f8446-d829-424d-bc6b-12a3dc05da66,1979657.87550354,7143.43972326523
1694,6,6,034,66034,,,rpa,2/13/2018 11:34:41 AM,7e636507-123a-455f-bad3-ce08f46a0561,669272.528457642,3756.4592055666
1695,6,6,033,66033,,,rpa,2/13/2018 11:34:41 AM,dc99266b-3e1d-441b-8b4e-2331d12e43f9,1067533.96000671,4840.87762286068
1696,6,6,032,66032,,,rpa,2/13/2018 11:34:41 AM,a8004768-bdf5-4601-80b9-4c3e2d1e5990,742851.710998535,3617.95393942365
1697,9,9,044,99044,,,rpa,2/15/2018 12:43:25 PM,24878a60-0a1f-4118-9238-0b0212291b66,645649.527046204,3562.80564463517
1698,4,5,082,45082,,,rpa,3/6/2018 8:06:56 AM,a94e0b61-7b56-4fe6-84c7-22cf785fe352,895837.779815674,4211.14347355606
1699,4,5,078,45078,,,rpa,3/6/2018 8:06:56 AM,86dea06e-27e5-4b14-9468-1ff24cb53df5,897028.32762146,5752.60274075233
1700,4,5,068,45068,,,rpa,3/6/2018 8:06:56 AM,fcc50c3f-154d-4a93-8337-8421ad1dfe0d,905903.92918396,4465.28003584336
1701,4,5,027,45027,,,rpa,3/6/2018 8:06:56 AM,35f0c860-f83a-4454-93d4-59986df9bfdc,894827.268768311,3924.11894768573
1702,1,6,018,16018,,,rpa,3/14/2018 1:11:05 PM,32d5c75a-dc22-4c36-9d8a-54c6cd9a124b,881800.870948792,3998.00356957884
1703,4,7,012,47012,,,rpa,3/21/2018 7:36:54 AM,d25e0cd1-a60a-47e9-a849-b131ebd38679,2541139.56790161,7683.23945389187
1704,4,5,020,45020,,,rpa,3/6/2018 8:06:56 AM,7047175c-75d6-4181-a8c2-cd633e8a2501,1120395.64535522,4575.97370686356
1705,5,9,024,59024,,,rpa,3/16/2018 2:06:32 PM,f704696d-3670-4e28-8e3d-bb37241fac15,2158184.19158936,8510.19086444527
1706,2,1,003,21003,,,rpa,2/27/2018 2:11:14 PM,06bbe7e5-243e-47df-9c0d-f269b98338ce,370404.45891571,2517.36285670272
1707,5,9,025,59025,,,rpa,3/16/2018 2:06:33 PM,a7a053da-ab9c-4b3f-8279-331a6d41374a,3961010.61828613,8448.4756646988
1708,1,3,012,13012,,,rpa,2/12/2018 11:29:57 AM,0b1c8b46-9ea3-4c4b-90cf-1b8470109c6d,849455.545646667,3848.6492449851
1709,2,3,018,23018,rpa,7/21/2015 1:41:15 PM,rpa,4/11/2018 8:36:43 AM,73bd693d-afdb-4fe5-ac27-a7d425eaf951,974582.689781189,4059.59590158296
1710,9,4,128,94128,,,rpa,4/20/2018 3:21:51 PM,25b48651-1884-4f59-a347-5c93b83b9190,1925963.99534607,7174.61970874372
1711,8,4,003,84003,,,rpa,5/2/2018 8:52:08 AM,e25259d7-bbb7-463b-8071-0815e271a0bc,297371.130386353,3076.53362718908
1712,7,4,002,74002,,,rpa,7/18/2018 2:28:56 PM,a7a8b07d-fbba-476e-8d9a-631419bf8a0c,944098.871627808,4215.27121803017
1713,4,5,072,45072,,,rpa,3/6/2018 8:14:53 AM,2f6b963e-70bf-41e7-a7c8-0915c2ad4a81,947697.459350586,7187.04002349179
1714,1,2,003,12003,,,rpa,1/12/2018 10:29:01 AM,da5703a6-0899-44a7-8f5c-43d0a2a86ec1,716431.643539429,3412.11426243113
1715,1,5,027,15027,,,rpa,1/12/2018 10:29:01 AM,669868e2-cbfd-4521-bfa0-b5333171756b,475018.34815979,2919.29120999928
1716,4,5,033,45033,,,rpa,4/5/2018 3:12:01 PM,cac2855c-d1c3-4208-8412-359308fff097,13534081.9080505,18438.1338092272
1717,5,9,022,59022,,,rpa,3/16/2018 2:06:31 PM,d8cfca14-530a-4268-83ac-1f1a5eafa40a,2835983.67547607,9576.73202741012
1718,9,9,028,99028,,,rpa,2/7/2018 11:34:27 AM,9fe8c8ea-0c4b-4516-846d-e25141f0b301,863228.639732361,9457.11304585079
1719,4,7,064,47064,,,rpa,3/21/2018 7:36:41 AM,f1ae95ca-174d-4a2d-b000-2558147f08dc,770445.970001221,4765.9285748368
1720,4,7,005,47005,,,rpa,3/21/2018 7:36:41 AM,462602e5-5614-448f-a0b9-b67a4ee3a5f9,12677629.2885284,21259.7738388542
1721,4,7,063,47063,,,rpa,3/21/2018 7:36:54 AM,910d539c-28ed-45d3-94b0-60e5d02555fd,519146.917236328,3346.78672286174
1722,4,5,032,45032,,,rpa,4/5/2018 3:12:02 PM,835c1934-ce06-40ce-b721-19bf63f582fe,2920107.43609619,9455.28234657326
1723,9,7,026,97026,,,rpa,3/20/2018 3:35:04 PM,e56d5d75-de9d-4759-bf8f-a7c6c071c3f5,100676419.272842,55866.5230758287
1724,9,2,032,92032,,,rpa,3/20/2018 1:28:37 PM,c5ccc756-e108-45ee-a386-aa97ddfaeea3,732718.955780029,4755.55032031575
1725,4,1,030,41030,,,rpa,3/21/2018 9:14:41 AM,ee56a309-d103-479c-aadc-6d81471a0005,642353.045387268,3800.71286891972
1726,1,1,035,11035,,,rpa,4/13/2018 8:41:13 AM,9632d09f-e097-4c28-a004-d55fa215787b,2775476.55962372,7147.08870148505
1727,1,1,007,11007,,,rpa,4/13/2018 8:41:13 AM,1b3ac7b4-98a6-415c-b4a8-7c210762ec3b,3233672.64859772,7965.16269108096
1728,1,1,064,11064,,,rpa,4/13/2018 8:41:13 AM,60f76801-04b2-4255-8a47-4bf84cdc48c6,2248029.06409454,6496.28044681521
1729,6,2,012,62012,,,rpa,4/18/2018 12:08:57 PM,45df00a7-3ef1-40c7-827c-b31fa85d4758,672506.654830933,4004.02940732898
1730,9,8,056,98056,,,rpa,2/26/2018 2:26:36 PM,09636fd2-fe93-4ea4-9560-bf2e585d00b9,767240.607040405,4742.8092959782
1731,3,9,085,39085,,,rpa,4/13/2018 1:13:51 PM,bfbf2d87-29bc-4173-9c0e-a0ffedcaac20,821720.82649231,5521.08429326289
1732,3,9,083,39083,,,rpa,4/13/2018 1:13:51 PM,cf838a6e-7e44-409d-894d-dcd2ec858e98,990947.304473877,4981.50771627663
1733,3,9,098,39098,,,rpa,4/13/2018 1:13:50 PM,fff7dfe8-eb83-46e2-85e0-7388a25188bd,1314640.66966248,7838.77199368752
1734,1,1,005,11005,rpa,4/13/2018 8:41:13 AM,rpa,4/16/2018 11:21:45 AM,9fcffa0f-abe1-4735-9efd-d7c27f403ff8,4575981.74136353,8698.96842818935
1735,9,1,106,91106,,,rpa,4/13/2018 8:40:08 AM,e60d7aa0-8576-4414-bb3e-7b7a2492a3d0,3004136.2081604,9094.5186713531
1736,3,7,009,37009,,,rpa,3/22/2018 3:18:46 PM,04e92b45-3968-4a04-9911-ec4b05afe2f6,856054.966880798,4180.06521368068
1737,3,7,008,37008,,,rpa,3/22/2018 3:18:44 PM,0577d27d-51b1-46e5-963e-24ea86a4d0e3,775710.948684692,4323.37124699448
1738,3,7,015,37015,,,rpa,3/22/2018 3:18:45 PM,7b209cdb-89cb-409c-a84a-b656d8e41746,1397119.67557526,6485.62085418836
1739,3,9,049,39049,,,rpa,4/13/2018 1:13:50 PM,92d52615-0dfe-482c-9943-4509bd35df5a,1558114.57707214,5050.8467503419
1740,3,7,017,37017,,,rpa,3/22/2018 3:18:46 PM,207f5e00-fcbc-4926-919a-55e4540553bf,1039308.46857452,12419.1688060607
1741,9,7,006,97006,,,rpa,5/11/2018 12:19:01 PM,21e6c737-c206-40e5-b064-e7258e2cc385,687195.969734192,3826.21232124387
1742,6,2,004,62004,rpa,4/13/2016 8:49:22 AM,rpa,4/17/2018 8:29:08 AM,61bd352c-dd25-4b14-8bb8-fa1f29d0788c,1963254.56634521,8409.17777907139
1743,3,7,021,37021,,,rpa,3/22/2018 3:18:45 PM,e4129b45-31ad-4450-b596-178563dc68e9,1152766.73920441,4918.1444044743
1744,3,7,020,37020,,,rpa,3/22/2018 3:18:44 PM,bdf300df-4ed4-4b2c-bcbb-d7af46ef0dde,995820.511520386,6538.86158267736
1745,9,8,053,98053,,,rpa,2/26/2018 2:26:37 PM,98f5d9ee-f5d3-4b97-b1ac-bcdf703e3083,1080879.53747559,4863.20739620311
1746,9,8,051,98051,,,rpa,2/26/2018 2:26:34 PM,3a5d29d8-0a09-429f-9bb7-cb8ba1cfa122,831548.14944458,3787.28587906359
1747,3,7,018,37018,,,rpa,3/22/2018 3:18:44 PM,40ac2860-ab8f-4022-a8ec-066a08732e8f,1925539.19115448,6982.10680364271
1748,5,9,032,59032,rpa,10/31/2017 7:42:55 AM,rpa,3/23/2018 9:47:06 AM,a1678ec1-7c21-4f58-bf55-7e6c38d28f54,1266950.85946655,5806.86123765343
1749,3,9,073,39073,,,rpa,4/13/2018 1:13:48 PM,3c025d9d-6678-49c5-a90a-a74d16b3a062,685279.677993774,3994.23120065165
1750,3,9,074,39074,,,rpa,4/13/2018 1:13:50 PM,d31a9e72-7b69-4f8e-a906-7ff3d8ae0bcb,1158733.68740845,4524.90153654048
1751,3,9,100,39100,,,rpa,4/13/2018 1:13:48 PM,e4c21375-84bd-459c-acdb-e1f2ea93cbbb,784070.870361328,4595.46079064585
1752,7,4,001,74001,,,rpa,7/18/2018 2:29:00 PM,5b41fe28-4088-4d58-bf7f-650a2bd8873a,573293.994232178,3649.80183743752
1753,3,9,047,39047,,,rpa,4/13/2018 1:13:50 PM,7a23df31-e482-4dd7-b819-3a26dec2cba2,358790.991485596,3269.96814427035
1754,3,9,099,39099,,,rpa,4/13/2018 1:13:50 PM,01c12d79-f3a8-487a-987c-455ec3fb929b,1564567.44950867,7323.38375690261
1755,3,9,079,39079,,,rpa,4/13/2018 1:13:48 PM,e82a8287-d401-4c70-9bea-d6ea8865a86a,507797.176856995,3352.984040621
1756,2,5,005,25005,,,rpa,3/29/2018 8:53:38 AM,571aedac-477b-4373-a823-de7c826c6b40,962982.577980042,4654.42009226927
1757,8,7,017,87017,rpa,4/2/2018 2:29:05 PM,rpa,4/3/2018 8:39:23 AM,5c3b1e5b-7415-4ec7-953e-d94de9150f3a,1029104.33798981,4201.00790541531
1758,2,3,024,23024,,,rpa,5/21/2018 8:50:06 AM,59e740f0-30f8-4380-98e5-cea7430ef123,253230.025772095,2475.6466221096
1759,2,4,006,24006,,,rpa,5/21/2018 8:48:25 AM,294c59f2-80cc-40ae-8212-ca64fe76d682,283529.069351196,2240.34071342335
1760,9,2,006,92006,,,rpa,7/12/2018 1:27:46 PM,dd28584d-a18a-4e4a-aaa9-b10eefcebc32,1408041.98405457,5305.01067257204
1761,1,4,021,14021,rpa,2/11/2014 9:25:00 AM,rpa,4/12/2018 8:12:05 AM,ac2adb47-951e-4e47-b0f5-64afda35acf8,641235.456199646,3981.65161590428
1762,8,4,013,84013,,,rpa,3/20/2018 1:49:16 PM,2a0e0a40-c2d8-4b31-9fe8-6b5b52c3455c,492136.53565979,3050.28297991276
1763,4,6,030,46030,,,rpa,6/28/2018 1:57:14 PM,2d270ea8-7e58-4f95-b2b4-3b4d108f6435,1604080.23510742,6935.96389190135
1764,6,2,010,62010,,,rpa,5/29/2018 11:26:01 AM,17efcbcf-06b4-49d4-82c1-9c916ddf277e,84991098.0231018,88542.7035894382
1765,8,4,001,84001,,,rpa,3/20/2018 1:49:17 PM,422a56d4-fbe8-4c2f-b026-a9dccbe8e144,1316578.25831604,11406.0652037672
1766,8,4,004,84004,,,rpa,3/20/2018 1:49:17 PM,6be20ee9-3d8d-4bc7-a3f9-804bcc1e0c69,321090.051361084,2941.14719548234
1767,4,6,018,46018,,,rpa,6/28/2018 1:57:15 PM,49297ffe-cd5b-4286-b7a9-4b7be25aabeb,1143396.609375,4432.95298304054
1768,4,6,021,46021,,,rpa,6/28/2018 1:57:16 PM,f3c8b9c2-f5fc-4bde-92c8-d922052306db,415579.15612793,3314.54082726721
1769,8,4,021,84021,,,rpa,6/1/2018 1:31:32 PM,6a6db1b6-c55c-4fce-a0b3-c2551ca24557,2837407.30950928,7342.77914339556
1770,8,4,025,84025,,,rpa,6/1/2018 1:32:41 PM,a6f6f2ca-1809-4d02-8c6d-5bd18ebde7ed,821145.775756836,4708.79586023844
1771,4,6,024,46024,,,rpa,6/28/2018 1:57:16 PM,93674ef1-3e71-4169-b45c-94da0439ea18,654535.294677734,3761.33848702955
1772,9,4,143,94143,,,rpa,6/22/2018 8:20:04 AM,13ef0fa7-2f64-4e44-b8df-6a415be61f5a,749028.450698853,3780.91002952507
1773,5,9,031,59031,,,rpa,6/26/2018 11:26:54 AM,70484cc8-8101-4f9e-99e4-2f146260cada,2668777.36193848,7458.73541094437
1774,6,1,013,61013,,,rpa,6/26/2018 11:26:54 AM,bdf75bbf-353f-412d-b2b5-b318dac75b60,311295.721405029,2738.20082068771
1775,5,9,033,59033,rpa,3/16/2018 2:06:33 PM,rpa,6/26/2018 11:26:56 AM,3bb421d1-0c34-46b5-8e35-c0bbfe032df2,4102024.36413574,16984.0265735489
1776,2,1,050,21050,,,rpa,6/21/2018 11:16:46 AM,b81ab009-01d2-4836-95f4-904fcb2fb544,626164.810401917,3483.80387374445
1777,9,7,015,97015,,,rpa,6/12/2018 8:56:25 AM,d9e91186-317c-4d4e-8ef8-16a5f1cbc9bc,584960.733062744,3689.2930513924
1778,6,1,006,61006,,,rpa,6/26/2018 11:26:56 AM,1e998e61-bf6b-4804-b15b-71e6682dfb06,94942284.2913971,54516.3666290303
1779,4,6,002,46002,,,rpa,6/28/2018 1:57:15 PM,c9f42023-d9d4-4851-986b-1268c023407f,1928304.07609558,6142.36912925838
1780,9,4,142,94142,,,rpa,6/22/2018 8:20:04 AM,104af696-c805-497a-9668-564e0ac5484b,1375730.67178345,5591.08815727308
1781,3,6,009,36009,,,rpa,5/8/2018 6:44:55 AM,8e1a5143-a727-4e5c-96f7-8aa403d645bc,732585.564544678,3485.88755338246
1782,3,5,046,35046,,,rpa,5/8/2018 6:44:56 AM,0bf1365f-fa7d-449d-9ef2-18c89d64ef27,866037.985725403,4268.35390660013
1783,1,3,005,13005,,,rpa,6/12/2018 2:39:58 PM,5f59f3bf-3be2-4ef4-a51b-ce45c3794079,825949.465812683,4107.97018770467
1784,2,3,027,23027,,,rpa,5/21/2018 8:49:35 AM,7b250691-c361-4f84-9c1f-76fa310f4d11,356880.663978577,2572.61931242705
1785,3,6,001,36001,,,rpa,5/9/2018 8:07:16 AM,ed922bec-c8a5-4e5c-80ca-58ee01dbbd7a,2000206.24323273,5998.04837627787
1786,9,1,167,91167,rpa,11/17/2016 12:03:10 PM,rpa,6/13/2018 2:44:20 PM,c4574731-0c3c-4e61-8287-7c2050cbda8a,317781.345062256,2283.42821080893
1787,3,5,022,35022,,,rpa,5/8/2018 6:44:56 AM,43918e39-acf5-464d-8709-d989eb9026f9,491958.210262299,5122.50839425209
1788,4,3,007,43007,,,rpa,6/13/2018 9:50:01 AM,d3fe3088-e95d-4ebd-ad3f-63106f374e52,1311672.75746155,5143.45936044128
1789,9,7,007,97007,,,rpa,5/11/2018 12:19:02 PM,19959a6e-a6f7-4454-a5ce-35ec105457f1,971656.800163269,4496.91577650732
1790,2,8,001,28001,,,rpa,5/21/2018 8:48:24 AM,eaebac0a-45ba-4142-a7e2-04f33f338038,832972.781059265,3817.6819000312
1791,6,2,011,62011,,,rpa,5/29/2018 11:26:01 AM,51e4f6c3-a38c-4f87-ad74-4ab5757c2c4c,84558844.4641571,81045.3731729684
1792,8,4,015,84015,,,rpa,6/1/2018 1:23:01 PM,14fcbc04-2b56-439a-9be0-e26f4795ee67,657061.876159668,3815.21991656324
1793,1,5,002,15002,,,rpa,5/30/2018 9:33:56 AM,fcc2587a-eba6-4951-8dfb-1ce925997b57,298096.578735352,2239.29804017732
1794,7,5,009,75009,,,rpa,7/18/2018 2:28:58 PM,6a620c3a-61fa-4d6e-bc65-fd02b76edfbd,809610.135986328,3708.95990580457
1795,9,7,027,97027,,,rpa,5/11/2018 8:11:03 AM,509ea579-35ea-48ab-9a9f-a3568673380f,1236341.92700958,4661.94299376244
1796,9,7,011,97011,,,rpa,5/11/2018 8:11:04 AM,47c28e91-0096-42d2-b9d6-f12f58ffa6a5,1165625.4364624,5494.41828812251
1797,9,7,014,97014,,,rpa,5/11/2018 8:11:04 AM,ec2472eb-241d-47dd-a8b7-1d180031cef2,835027.231842041,3742.28218467176
1798,1,1,069,11069,,,rpa,5/18/2018 11:53:02 AM,19594178-e0d5-4b6a-a607-744d9d13a92a,1351407.42054749,5392.06495241013
1799,7,4,018,74018,,,rpa,7/18/2018 2:29:03 PM,9302069b-629b-4859-903e-98eca61fc968,1806515.67272949,7225.31334937269
1800,9,7,045,97045,,,rpa,7/13/2018 1:54:40 PM,e4b3979b-8d2a-4bde-9d5f-042e1fad4c26,991782.481414795,4432.93456953616
1801,9,7,016,97016,,,rpa,5/11/2018 8:11:04 AM,2f4c4837-00eb-4f11-ab30-6b0f41334ea3,3188159.58840942,10548.6671034809
1802,1,5,023,15023,,,rpa,5/29/2018 11:14:24 AM,ae6c3876-1fda-4cda-8a5c-7d39e8dd9f28,857361.56817627,4034.69052322261
1803,1,6,021,16021,,,rpa,5/29/2018 11:14:24 AM,c30babce-8511-40cf-8a73-064feb21ac7c,1395733.27075958,4969.8600597058
1804,1,5,003,15003,,,rpa,5/29/2018 11:14:25 AM,8c417b9e-e5b8-4c3b-9315-efa1313212b1,497660.372489929,3698.92757902927
1805,1,5,001,15001,,,rpa,5/29/2018 11:14:25 AM,a8644223-5413-4ebf-a4bd-fad5d6d7bc16,785824.429000854,3691.59383189322
1806,2,2,003,22003,,,rpa,6/4/2018 10:34:21 AM,081c9f3f-33dc-4761-98a5-a89d97238bc7,951809.812240601,4115.94803051033
1807,2,1,021,21021,,,rpa,6/4/2018 10:34:21 AM,21facdd6-9821-4121-98b2-c35ba0ba6a75,521154.572135925,3129.06979604667
1808,3,7,007,37007,,,rpa,5/29/2018 9:24:49 AM,d415b8d5-0f48-401b-a1e6-3be96029940e,576353.529632568,3337.41221858664
1809,4,3,032,43032,,,rpa,9/11/2018 8:24:29 AM,b4cf5a5f-5b7f-4423-9fd5-69dac736398b,536204.543243408,3012.3670429393
1810,2,3,039,23039,,,rpa,5/29/2018 1:57:16 PM,4be6b186-e7b4-48de-85ee-b01bd89c373c,388521.76764679,3826.27271431806
1811,3,7,012,37012,,,rpa,5/29/2018 9:24:49 AM,4964072a-e1bb-4341-ba5c-c280338425e1,965572.629470825,4752.55549709812
1812,3,7,014,37014,,,rpa,5/29/2018 9:24:49 AM,728d2203-0c23-4b1c-958f-3f235ddf04aa,1088949.21536255,4749.30283779712
1813,9,2,018,92018,,,rpa,7/12/2018 1:27:45 PM,b5f6908e-2e85-458f-bcb1-70a9eadbc61d,1024571.40590668,4149.84222747973
1814,7,4,021,74021,,,rpa,7/18/2018 2:29:01 PM,364de4a1-522e-4948-8685-93d8856f59c1,871141.349411011,4204.5573119456
1815,2,3,004,23004,,,rpa,5/29/2018 1:57:15 PM,a451192d-cdd4-4ee0-9987-a6f039b4884b,702193.045265198,4861.79237829118
1816,2,1,038,21038,,,rpa,6/4/2018 10:34:21 AM,5982bad4-1e98-4c2e-80fc-7a8f2a2e777a,476170.339286804,2911.98147664934
1817,7,5,001,75001,,,rpa,7/18/2018 2:28:57 PM,bf637aeb-0e2a-442b-93bc-6e060aa47bb3,485301.837585449,3515.37859522721
1818,3,8,011,38011,,,rpa,5/10/2018 7:32:39 AM,909cbf55-6bc5-4aa1-b906-a5a948330865,5465719.89730072,14100.2685240391
1819,2,4,002,24002,,,rpa,5/7/2018 9:39:55 AM,a65c2208-76ff-418f-ab46-4327f3ad7aee,782333.511917114,3629.00918379737
1820,9,7,002,97002,,,rpa,5/11/2018 12:10:34 PM,40933cfd-fa88-48f9-a13f-0c2059d38be7,473113.671134949,3541.03396045613
1821,9,9,018,99018,,,rpa,5/25/2018 2:25:51 PM,018e02f6-0586-4201-b80a-777c2da78a96,444788.18523407,2702.87574675529
1822,9,8,003,98003,,,rpa,7/3/2018 1:45:13 PM,fd009051-4d4c-4588-958e-44a78c70595f,940967.334716797,6483.52355769972
1823,2,3,025,23025,,,rpa,7/18/2018 11:21:05 AM,da8bdd29-f467-413e-8c25-7c1f149c55aa,185140.498680115,2083.48196077856
1824,9,4,059,94059,,,rpa,7/20/2018 11:41:43 AM,783cd421-263d-4d0c-8ae5-8c7366c59793,1362170.3163147,4987.62207226503
1825,9,7,036,97036,,,rpa,8/29/2018 10:24:37 AM,376b3eb4-c241-44db-8a8c-2f9c57db6553,2142115.80821228,6167.60680962244
1826,9,7,095,97095,,,rpa,7/27/2018 10:31:04 AM,ddb1f121-69c2-4105-bd8d-7e2fb1435bc0,349844.154754639,3290.33615529318
1827,3,2,031,32031,,,rpa,10/15/2018 11:34:22 AM,feab123b-3c0f-4cc3-885a-0c5d3535286f,633815.974456787,3259.53519146296
1828,9,4,037,94037,,,rpa,7/20/2018 11:52:18 AM,0192b352-ec89-4cdc-9d6c-ad3bfe799e44,732786.111991882,3893.0026639904
1829,9,7,018,97018,,,rpa,7/3/2018 1:45:14 PM,dd5385a5-287b-4850-9147-d25ca0cb09ce,2357941.97450256,8734.91410124119
1830,9,4,014,94014,,,rpa,7/20/2018 11:52:17 AM,bdaf455f-edb5-4070-8622-7b5a47fdeda2,715581.549110413,4859.09806440196
1831,9,8,059,98059,,,rpa,7/3/2018 1:45:14 PM,b188d167-65b5-44d2-af4d-45dd1ae8e6ec,7127206.14775848,12315.7757259319
1832,9,4,021,94021,,,rpa,7/20/2018 11:41:42 AM,68caae80-a510-49b7-a854-6702ee5c76ff,692477.802635193,3844.57229745099
1833,1,8,024,18024,,,rpa,7/31/2018 8:23:01 AM,cf10fb8d-67ec-4442-818f-68707a027a17,819299.688766479,4624.03497823552
1834,9,4,058,94058,,,rpa,7/20/2018 11:41:43 AM,acf1864b-08bb-4133-9275-e07b30647fe7,1607620.98436737,5653.76506542684
1835,9,4,026,94026,,,rpa,7/20/2018 11:54:00 AM,0371a5fd-f50f-4566-ad56-cf24bd2e9bf4,1441490.57655334,5365.42214532224
1836,1,1,006,11006,,,rpa,7/31/2018 11:11:34 AM,c1eff08e-fe7e-42dd-8d72-8bd42a842537,2115421.21211243,8161.43785809472
1837,9,7,074,97074,,,rpa,9/10/2018 9:27:08 AM,bccf9cb6-1e5b-4b24-b02f-1c1b63390499,852276.484939575,3845.94419488629
1838,2,6,008,26008,rpa,4/2/2014 12:24:29 PM,rpa,7/19/2018 2:16:14 PM,9953dc9d-8450-470e-bb85-a5bf4d755a3f,506844.16884613,3551.65264365462
1839,2,6,024,26024,,,rpa,7/20/2018 8:21:36 AM,47617fd3-5f5e-425f-861b-b333b5206181,742912.163124084,3419.10192591517
1840,7,5,008,75008,,,rpa,7/18/2018 2:28:59 PM,6ea15111-3ee5-445e-adb7-0c7b2b480129,723878.156600952,3756.43634084174
1841,7,3,001,73001,,,rpa,7/18/2018 2:29:02 PM,7d7a07af-79ef-414f-8482-90a6f713416d,783842.749359131,4595.2642294902
1842,1,1,014,11014,,,rpa,8/8/2018 10:20:35 AM,b40336c6-b58d-4a7b-8b76-bf102ef5ead3,2918843.69550323,7367.19005099747
1843,9,4,040,94040,,,rpa,7/20/2018 11:41:42 AM,e01e6947-21a9-40e1-b43f-c513a98fb168,882894.689071655,4773.90893131548
1844,9,4,041,94041,,,rpa,7/20/2018 11:41:42 AM,5f0e0921-f8f1-4eb8-8247-e1ecbfbd889c,1119874.24169159,4689.21096171708
1845,9,4,015,94015,,,rpa,7/20/2018 11:52:18 AM,3b1b80f7-9fcb-4ec1-8d4a-32d5ac56d40a,590070.068054199,3402.97960702612
1846,1,1,015,11015,,,rpa,8/8/2018 9:26:34 AM,af232db1-93cf-4f24-9735-8c88cc0c0246,1413369.73181152,4670.81657761931
1847,6,5,003,65003,,,rpa,8/9/2018 1:53:36 PM,50b4ab54-4040-4a27-b2a1-4c2646d45f97,492577.335281372,2759.89128710286
1848,6,6,028,66028,,,rpa,8/9/2018 1:53:37 PM,9ca20327-4c8d-4886-a50a-b5264332538c,2676033.96401978,7161.87190528984
1849,6,8,010,68010,,,rpa,8/10/2018 11:17:24 AM,a72c12ab-a061-4d01-be79-f44db2dd1632,374633.314620972,3613.70103030865
1850,9,5,076,95076,,,rpa,8/7/2018 3:27:15 PM,348279c2-4403-479f-9ce1-422ccee93ed3,1110428.54934692,5379.51763152921
1851,9,5,085,95085,,,rpa,8/7/2018 3:27:15 PM,48dedf9c-f320-4d7f-9875-9b2001f2a738,350386.365600586,3175.3134311749
1852,1,5,009,15009,,,rpa,7/12/2018 10:39:12 AM,86a6673b-495a-4f75-ae5a-cf7d1bd2c366,321385.052864075,2755.32352931212
1853,9,6,006,96006,,,rpa,8/7/2018 3:27:16 PM,5738fcae-90ff-4742-a7c8-17012dfd91e5,194887053.54364,71895.8425175927
1854,6,5,004,65004,,,rpa,8/9/2018 1:53:35 PM,e0099f6a-9065-488a-9890-39953403e6d1,3715409.8321991,8314.91629756443
1855,9,4,051,94051,,,rpa,7/3/2018 9:48:13 AM,16a7cd06-ec60-4d66-8380-379057007ca7,1480997.41036987,5024.18531512763
1856,9,8,001,98001,,,rpa,8/10/2018 10:49:42 AM,ae3fd8a7-acc9-4ad6-97c7-336f432350f7,260425396.693283,80464.0665753137
1857,5,9,013,59013,,,rpa,10/1/2018 7:43:55 AM,8dee01ce-59cb-426f-a12e-19eaf7404ea1,781986.425628662,3742.64982858186
1858,9,5,046,95046,,,rpa,7/18/2018 2:28:59 PM,5a4e00cc-94bf-4a28-b0ca-3ba971e7ca2e,7477805.77436829,15327.7019252974
1859,4,6,011,46011,,,rpa,8/22/2018 2:53:26 PM,ea71050d-ebe5-4b5d-8947-344fe28e83e8,1643780.7724762,6074.51054334953
1860,9,5,017,95017,,,rpa,7/20/2018 11:19:59 AM,16fa0bcf-0e9e-4e6c-8dfd-546d444d8767,1466038.26010132,5571.67366568751
1861,4,5,022,45022,,,rpa,8/20/2018 1:41:50 PM,4992f3aa-2884-41d3-86dd-4b1037a0a5a6,1169189.67855835,5290.84745257095
1862,3,2,027,32027,,,rpa,12/4/2018 1:57:20 PM,782023c4-0a53-444c-93a5-bad7a92c0e81,612135.816543579,3205.22784073457
1863,6,8,014,68014,,,rpa,8/10/2018 8:24:45 AM,1dbec280-7516-4ffe-80c8-24b1ab4dac27,12024103.2373505,27572.866730385
1864,9,5,034,95034,,,rpa,7/20/2018 11:19:59 AM,ed96256e-c02e-4ab3-923a-d0e8692252a3,1330675.97137451,5928.8960909052
1865,9,5,024,95024,,,rpa,7/20/2018 11:20:00 AM,e6fdaa72-c03d-4a95-b54b-478c3a936bcc,1528677.03494263,5447.63474978556
1866,9,7,051,97051,,,rpa,8/21/2018 12:06:08 PM,8f0a96a2-97e4-4d88-a814-d0bf6993112f,423911.487640381,3317.7264143878
1867,9,7,039,97039,,,rpa,8/29/2018 10:24:38 AM,0cf82ed2-b73d-48fd-9389-a4c22748f754,655839.274269104,3474.53766104667
1868,9,7,072,97072,,,rpa,7/20/2018 2:03:05 PM,ceeab640-a993-41aa-abdf-20fd342ffdb5,1038417.34408569,5388.87950356776
1869,1,6,001,16001,,,rpa,8/30/2018 1:40:02 PM,deb3f4bd-ab78-46cf-9738-79978199cdfa,707865.128578186,3409.04144675695
1870,4,2,078,42078,,,rpa,7/6/2018 12:39:26 PM,eacbe96c-7604-4479-ba04-a684aeba4bfd,1228939.23719025,5836.93160478333
1871,1,3,011,13011,,,rpa,7/30/2018 8:35:14 AM,9e6cce21-40b2-4f6b-a3a4-00874dfd0087,823327.98197937,3925.50440603989
1872,1,8,023,18023,,,rpa,7/31/2018 8:23:00 AM,857ac166-d486-47e1-8a72-e682f56d573c,737810.44770813,4654.20658717659
1873,1,8,015,18015,,,rpa,7/31/2018 8:23:01 AM,7588a256-d73a-438e-9992-5666c31c6569,524200.038352966,3343.23711027634
1874,1,8,014,18014,,,rpa,7/31/2018 8:23:01 AM,6db23027-346a-429a-ac45-d909393603d6,946777.471000671,4144.39088812698
1875,9,5,003,95003,,,rpa,8/13/2018 1:48:04 PM,f7e3c2cd-9e7b-46af-b553-6ae68af3598b,105312143.534973,54246.7735527206
1876,3,2,030,32030,,,rpa,8/16/2018 8:38:39 AM,eb19feba-8b0b-4175-96e8-fa3213681eb5,540938.015644073,3013.69324545768
1877,3,2,061,32061,,,rpa,8/16/2018 10:18:47 AM,236b6f42-5909-4d63-ac93-fdfe1b670509,485709.905044556,3502.00532474507
1878,3,9,035,39035,,,rpa,8/30/2018 8:26:39 AM,36985eb9-28df-4fa9-8f85-150ef7ce1215,1122897.15849304,6261.24732063521
1879,9,7,056,97056,,,rpa,8/15/2018 11:50:13 AM,4b7f1bc6-1d8c-43a6-9c4c-08fd7476105e,1205995.91807556,4963.48497921947
1880,2,3,026,23026,,,rpa,7/18/2018 10:29:02 AM,f1444992-c8fa-423e-9b9f-e48361259935,513795.448295593,3112.09022994052
1881,9,7,044,97044,,,rpa,7/25/2018 3:41:06 PM,aab1f1d4-ef9c-4f9b-a2ab-0939224fecd9,1117015.85923767,4741.1577642975
1882,1,5,017,15017,,,rpa,8/30/2018 1:40:03 PM,dd1fe8f8-3b92-4e4c-af20-abde5ef20e22,595085.179664612,4575.44410706679
1883,1,7,031,17031,,,rpa,8/30/2018 1:40:03 PM,42e86999-c217-4bc7-a898-d763307bbb7d,670249.370681763,3341.45508612724
1884,1,8,011,18011,,,rpa,7/18/2018 3:28:12 PM,5573332a-5892-414b-9afe-196bcb7cc49f,456884.197616577,3048.39391112293
1885,9,7,053,97053,,,rpa,8/15/2018 11:50:13 AM,e84db730-2749-4791-a2fc-cca5d1918c3b,807202.786087036,3647.51793153783
1886,7,4,016,74016,,,rpa,9/26/2018 3:24:32 PM,fdbebe56-8dc4-4111-a65c-61557fd2fb9e,889238.781692505,3776.38388745545
1887,3,9,034,39034,,,rpa,8/30/2018 8:26:38 AM,bc5bdd68-50ea-47ef-8515-d57bea551f6a,1703926.4901123,7242.85163070913
1888,3,9,036,39036,,,rpa,8/30/2018 8:26:38 AM,50d1611c-63a2-42f6-89db-5d87b2f14c9c,1045081.15102386,4843.47420699862
1889,2,9,062,29062,,,rpa,8/21/2018 3:52:14 PM,dc3fd5b8-7b79-4713-83cb-31b84b297c73,878700.11933136,4097.97568448137
1890,4,2,100,42100,,,rpa,7/9/2018 11:12:40 AM,e8daf1d6-020d-4fb9-abf4-474b1228e863,145936.157775879,1876.35937022555
1891,2,9,010,29010,,,rpa,9/28/2018 1:11:15 PM,081d8367-e355-4235-a484-4f0dab854115,421934.888771057,3438.75567935182
1892,9,7,038,97038,,,rpa,8/29/2018 10:24:37 AM,8387d5b7-b8e3-4f85-908a-50d7098fe030,323680.164657593,2492.48471386218
1893,9,7,029,97029,,,rpa,9/17/2018 2:58:14 PM,cc4ea086-777d-4e4f-93c1-b462058de79a,772843.933830261,4203.89064886394
1894,4,9,004,49004,,,rpa,9/5/2018 8:18:07 AM,92a618ad-191b-4d42-ade7-eb2a687dd093,12205928.1121826,16882.0299813694
1895,7,5,016,75016,,,rpa,9/19/2018 9:05:28 AM,86b990df-74cf-4842-8624-a8c297ea4d07,864734.758483887,4268.85495353358
1896,7,5,015,75015,,,rpa,9/19/2018 9:05:29 AM,d2f37a5c-3f8c-4648-a0d3-cc4bc0d57fb9,1029303.53662109,4588.82934927936
1897,7,5,025,75025,,,rpa,9/19/2018 9:05:29 AM,530677f1-0d16-4c9e-b839-7c83e2ec177d,1036216.49873352,6610.49441956939
1898,4,3,077,43077,,,rpa,9/11/2018 8:18:47 AM,fd95bf01-572a-4c2d-bbd0-503e470e68af,981294.668426514,4136.27625306973
1899,4,5,004,45004,,,rpa,10/19/2018 10:58:42 AM,156956b2-8465-4fbe-b314-f29530fb2378,644370.416152954,3737.88503711826
1900,4,8,006,48006,,,rpa,9/5/2018 8:18:08 AM,d23464c0-c017-4267-89d9-beabe17bf9a7,31092971.1916962,32102.8025615724
1901,4,9,002,49002,,,rpa,9/5/2018 8:18:08 AM,6212e982-28d4-42ed-a2ac-c6ad5cf3e00c,10512329.9196777,15950.7811172441
1902,4,4,010,44010,,,rpa,9/24/2018 10:49:35 AM,e6dd0706-7280-4d34-9f10-6d359aabd744,1569391.8475647,11045.4895166683
1903,2,6,001,26001,,,rpa,9/28/2018 10:12:44 AM,2176b301-b5b1-45af-9083-9450d44d2f7f,408810.640235901,4715.53759027875
1904,4,3,056,43056,,,rpa,9/11/2018 8:20:29 AM,c8a73165-40a1-4108-978c-7ffef512641d,2335760.24938965,7070.39299727119
1905,9,7,035,97035,,,rpa,9/10/2018 9:27:07 AM,8432547e-f89f-4b61-a69c-84d42d7b03b1,1486462.97886658,8225.95502472506
1906,5,7,004,57004,,,rpa,9/20/2018 8:46:47 AM,2f5a8a9d-5f78-47c9-ab51-03cff759c653,29846863.2930908,33478.1819312535
1907,2,6,023,26023,,,rpa,9/28/2018 10:12:44 AM,07e9585c-1efd-4b5a-aa9f-a7e3fa6d0ae7,712094.876724243,3518.33410491759
1908,4,3,037,43037,,,rpa,9/11/2018 8:21:19 AM,a804540d-edf8-4f78-803f-c2246442bea5,444949.149017334,3465.07221319541
1909,4,3,036,43036,,,rpa,9/11/2018 8:21:39 AM,bee10c37-ba83-4fe9-8656-14f19e1e083e,514196.523498535,3024.04153330111
1910,2,1,031,21031,,,rpa,9/28/2018 2:26:00 PM,434b5584-4747-4a9b-8f81-d05beceeddae,627433.617729187,3457.03088691492
1911,4,4,009,44009,,,rpa,9/14/2018 10:19:18 AM,675fc6fa-80df-4b78-94e2-fd49112446fe,40159095.4881134,37595.8906419946
1912,4,3,045,43045,,,rpa,9/11/2018 3:26:28 PM,34d92b3f-183d-45b4-a5b4-8982b76f2f91,445782.001083374,2677.08985828595
1913,4,3,047,43047,,,rpa,9/11/2018 3:26:28 PM,bc4aacc9-7b1b-4ee6-b28e-8a038d0ba3ab,393863.740585327,2642.5653638458
1914,4,3,049,43049,,,rpa,9/11/2018 3:26:29 PM,d2634c62-69c6-4cb1-906b-16ea3c10f603,412661.615844727,2570.10323586995
1915,1,5,018,15018,,,rpa,8/30/2018 1:40:03 PM,b19d3d4d-bbe1-4b08-b090-1b973ee785ab,547347.802238464,3294.77802247704
1916,9,8,018,98018,,,rpa,9/14/2018 9:37:26 AM,00e1ba1e-f1f4-4343-b747-189574630549,872677.471504211,4456.97438057364
1917,5,5,008,55008,,,rpa,9/13/2018 2:04:39 PM,892a34ec-1b1e-43dd-ada3-0ded3b1cb47e,2189112.75674438,20426.5845269045
1918,1,7,019,17019,,,rpa,9/14/2018 2:54:59 PM,7f1a7e82-6e51-45ce-b098-d37ab8219069,358253.524368286,3023.62011556348
1919,4,3,035,43035,,,rpa,9/11/2018 8:21:55 AM,afd461cd-2ddf-4ab3-8a0f-9ffaff35b34d,414154.695465088,2617.94213892638
1920,4,3,034,43034,,,rpa,9/11/2018 8:22:20 AM,b49417c8-c750-48c2-ab8b-b9043041710a,417775.339569092,2592.09172415186
1921,9,8,015,98015,,,rpa,9/11/2018 10:23:31 AM,f715216d-34d4-4350-bfa3-bd42c6ee265f,653364.987632751,4412.44552893599
1922,4,3,030,43030,,,rpa,9/11/2018 8:23:10 AM,b8273a64-ec42-4fda-ad0b-b04a8cf99486,714118.373886108,3609.55992699472
1923,5,5,017,55017,,,rpa,9/13/2018 2:04:39 PM,223da908-60e3-443f-807d-c00cde4effe0,849081.03237915,4080.06206910266
1924,5,6,001,56001,,,rpa,9/13/2018 2:04:40 PM,e2b30be0-0db7-4fa3-8529-816f75d0f4d4,6550920.10220337,19335.7326959701
1925,4,3,038,43038,,,rpa,9/11/2018 8:12:11 AM,73136c49-f904-4c6b-b2a7-a1d5cf86b646,332369.568008423,2552.66756150029
1926,4,3,029,43029,,,rpa,9/11/2018 8:23:15 AM,ef273c36-113d-42cb-978a-b2bb217911c0,512796.022262573,3197.55579014496
1927,4,3,018,43018,,,rpa,9/11/2018 8:25:51 AM,9efb68ef-0cab-4061-b6d2-a4a8fec42aee,1035506.88157654,4286.93130599491
1928,4,3,017,43017,,,rpa,9/11/2018 8:26:01 AM,9132ad06-7aa5-4b2a-8976-78da6ab52688,930593.313598633,4267.98577549024
1929,4,3,016,43016,,,rpa,9/11/2018 8:26:11 AM,e78e0733-401f-4dfc-a25f-b4abd8e18840,555262.82182312,2996.95168963916
1930,9,8,012,98012,,,rpa,9/11/2018 10:23:31 AM,72f3c9a2-e164-4d40-b2fa-f98dee877a27,787856.551025391,5228.35047527103
1931,4,3,009,43009,,,rpa,9/11/2018 8:28:08 AM,fdcb0b89-f119-4668-8726-e5a92bbef55d,929198.324981689,4348.83026778465
1932,4,3,023,43023,,,rpa,9/11/2018 8:29:36 AM,014d6004-7532-4322-9528-ef1e751b3f71,1020312.94309998,4469.13033412342
1933,2,3,017,23017,,,rpa,9/20/2018 8:20:19 AM,df8be7fe-2b69-4bc9-92be-87f9a43dddff,221295.281013489,2270.22052935
1934,2,3,040,23040,,,rpa,9/20/2018 8:20:19 AM,058841fb-a5f2-4d1b-b66d-b5be3f0f6f24,268115.264595032,2366.93718013176
1935,9,8,030,98030,,,rpa,9/11/2018 10:23:32 AM,6871d188-61b1-4e16-9878-a23aff94521c,1202350.20864868,5755.18323051836
1936,9,8,016,98016,,,rpa,9/11/2018 10:25:14 AM,11cfa902-4c16-42e4-8593-950925c8dae8,3621285.52082825,8282.25230838721
1937,2,3,016,23016,,,rpa,9/20/2018 8:20:20 AM,66086687-d615-4b11-b1d7-cf3b47db0bed,869297.415031433,4227.42327362891
1938,4,3,063,43063,,,rpa,10/8/2018 10:17:17 AM,f9336c33-1704-4f9f-8c39-f49fb8f9cc8f,575166.297836304,3087.21387060588
1939,5,8,002,58002,,,rpa,9/20/2018 9:06:05 AM,3fd6f604-b4c0-4714-93ca-27a1514acdb6,91885561.4393616,56129.7654361323
1940,9,4,009,94009,,,rpa,9/18/2018 2:11:37 PM,c1244696-0f29-4f11-90c2-138ff794ae5a,1255725.74504089,5466.53566193928
1941,2,1,005,21005,,,rpa,9/7/2018 1:17:25 PM,b65f642e-c470-4a0b-ab68-040b5ef808eb,1340068.0770874,4786.86909978736
1942,6,1,004,61004,,,rpa,9/7/2018 2:31:23 PM,aa03bcad-9cc4-451d-80d6-ef1147e23da5,2230503.56648254,7678.72727244029
1943,7,4,017,74017,,,rpa,10/4/2018 11:22:48 AM,f7b5966b-a6ca-4f90-9d29-3f56eb4fee9b,1413202.66287231,9233.83334052644
1944,7,4,020,74020,,,rpa,10/4/2018 11:22:47 AM,864daaa8-3ce3-4070-b520-fc52d97177d9,960711.218963623,4366.05247055858
1945,5,9,012,59012,,,rpa,10/4/2018 8:30:48 AM,1d06708b-c38d-4527-bef9-c40fd8f59da7,596982.673065186,3168.15294559305
1946,5,9,021,59021,,,rpa,10/18/2018 9:19:19 AM,7d0c668d-d574-4c66-824a-2cb15e68bab2,785444.555053711,4710.52015074742
1947,5,6,008,56008,,,rpa,10/4/2018 10:57:23 AM,49cadf85-1bdf-4036-9d08-3fcbc3845bab,180056488.555908,92792.0718577842
1948,1,3,021,13021,,,rpa,10/10/2018 8:14:58 AM,4fde5c94-d887-487e-bf7e-98d3f394d362,812534.235359192,4356.74090328572
1949,4,3,011,43011,,,rpa,10/25/2018 8:55:56 AM,9e44885a-11ef-4fe0-8d93-e1732a817d87,930025.320877075,4366.5329682154
1950,9,4,016,94016,,,rpa,10/25/2018 9:56:24 AM,ed0d4875-e813-42c5-9a09-f1f0baf058f6,833073.675819397,4479.06167404867
1951,8,7,040,87040,,,rpa,10/8/2018 2:43:24 PM,dc33f3ab-2120-474d-8c6d-ae68a0650bce,1189198.67256927,4669.03992140721
1952,9,9,016,99016,,,rpa,10/31/2018 1:00:26 PM,9d572fe7-607d-47ec-938d-621e529003dc,422664.812492371,3208.23558334651
1953,4,3,012,43012,,,rpa,10/25/2018 8:56:29 AM,70a98703-7144-4cf3-97d4-562e9e47ea74,774313.063812256,4054.48507348978
1954,9,9,015,99015,,,rpa,10/31/2018 1:00:26 PM,dd6cbd3c-3fcf-4ec8-94fb-a3ff70098ff2,908526.706474304,4359.31696018482
1955,3,9,057,39057,,,rpa,10/25/2018 8:29:43 AM,d0ee13a3-7933-4b4e-95fb-f3db977116c8,671712.268379211,4849.77980076454
1956,3,9,086,39086,,,rpa,10/25/2018 10:35:02 AM,af323c81-fd56-43d2-8c86-e4e5a26a8e57,889362.58405304,3785.50607263377
1957,3,9,058,39058,,,rpa,10/25/2018 8:32:29 AM,0378d1ce-ca5b-4878-b179-9bbb04bdb20a,1409435.39674377,9183.79878457346
1958,3,9,087,39087,,,rpa,10/25/2018 10:35:02 AM,d8915428-8314-42b4-9822-886f0fed923b,1176927.71768188,4925.55470452306
1959,4,3,014,43014,,,rpa,10/25/2018 8:56:38 AM,2da3a51c-6d74-4ec4-902a-d40eed078258,480111.000762939,3521.20769208924
1960,1,3,020,13020,,,rpa,10/10/2018 8:14:58 AM,1f22a991-5512-44f5-adf1-f5066aad403a,524219.657943726,3296.52356476206
1961,3,9,091,39091,,,rpa,10/25/2018 10:35:02 AM,0db5526c-10f7-43b0-b9b6-7f706704d1f1,753294.123001099,5929.46577646434
1962,8,7,046,87046,,,rpa,10/8/2018 2:43:24 PM,fa49858d-6868-4642-96e0-ac7c0891674b,581169.85899353,3928.87910449515
1963,4,3,002,43002,,,rpa,10/25/2018 8:41:11 AM,c34c2b50-7643-4055-8d63-734cf4f00a93,4322220.54102325,11537.3187540656
1964,6,6,018,66018,,,rpa,10/11/2018 12:12:07 PM,fdbbc6b1-5a50-40cc-b65c-766a2f8a72da,1443174.97636414,5809.78276843603
1965,3,4,020,34020,,,rpa,10/12/2018 8:07:01 AM,20ca7177-78e8-4094-b4ce-9be5644605ea,1732396.83049774,5957.47964446868
1966,6,6,020,66020,,,rpa,10/11/2018 12:12:08 PM,99c8b076-2bd6-4de4-8c5f-1e41fc947f80,1522376.84017944,6902.25109568791
1967,4,3,003,43003,,,rpa,10/25/2018 8:41:25 AM,0f263bac-b951-436a-90d6-a92ba6e631ac,1451897.70114899,6964.46718656895
1968,3,9,090,39090,,,rpa,10/25/2018 10:35:01 AM,dd4890fc-65de-4d71-b1f0-a1dc5bfaf9ce,838138.916870117,5663.17536771836
1969,9,1,123,91123,,,rpa,10/25/2018 9:36:21 AM,daa74e82-78f1-4539-a7fb-71e84856f383,860288.141593933,4620.31256795061
1970,6,6,015,66015,,,rpa,10/11/2018 12:12:08 PM,5206bee7-f09f-4e9b-b206-37f3a55c5377,2158816.35810852,6188.35765640549
1971,6,6,012,66012,,,rpa,10/11/2018 12:12:09 PM,1189e8dc-b1bd-4e02-8e99-250a560ae32e,3618059.80093384,9277.28441308128
1972,9,4,020,94020,,,rpa,10/25/2018 9:58:53 AM,5899745c-cde2-4b5b-bd09-891460c6b9b6,866717.808784485,5109.56627955232
1973,9,1,124,91124,,,rpa,10/25/2018 9:36:41 AM,34201291-2d5c-4fc7-b4a0-05ac8fe8b857,672459.811897278,3523.48115505671
1974,3,9,089,39089,,,rpa,10/25/2018 10:35:03 AM,89c355bb-af8d-4db2-8f41-f6e2c1a16081,901143.680435181,4421.18800465114
1975,9,7,070,97070,,,rpa,10/23/2018 2:21:56 PM,521a04af-8835-4608-a109-90209bf71b9b,929673.91607666,4148.80737184236
1976,1,5,020,15020,,,rpa,10/23/2018 9:22:02 AM,e8a17015-9497-4afb-9428-e98c16672dab,1661095.43050385,6244.06445891482
1977,5,4,013,54013,,,rpa,10/25/2018 8:11:17 AM,69fd2b99-0204-4817-a9f0-9d8685d05316,528193.839630127,3492.8642077188
1978,3,9,068,39068,,,rpa,10/25/2018 10:27:39 AM,d69799d6-92c1-461d-b66c-1875cecbff08,1250941.61896515,4956.92212942918
1979,3,9,042,39042,,,rpa,10/25/2018 8:26:01 AM,e2264938-6390-4257-8030-3ff676fe68c8,1210244.99955368,6403.19240314839
1980,4,2,032,42032,,,rpa,10/29/2018 1:14:55 PM,233055a1-4190-42f9-9d88-463f0a454f10,1264930.17205048,4635.4744855293
1981,8,7,039,87039,,,rpa,12/4/2018 3:17:04 PM,702b7f2c-2aab-4889-b2b8-da1615382080,864209.740234375,3758.4532857376
1982,4,2,012,42012,,,rpa,10/25/2018 10:57:38 AM,4dc91354-2c34-447c-b6d5-a5bcfcaaf96a,3030762.11061096,16350.8745247732
1983,9,7,042,97042,,,rpa,10/23/2018 2:21:55 PM,ac82e31c-9b46-4f20-bc0c-e3a96381e4e7,1070400.17564392,7482.94641364257
1984,4,2,103,42103,,,rpa,10/29/2018 1:14:54 PM,3d8d8317-088a-4f55-b11f-267a1c548079,1439475.7292099,6280.74228677341
1985,4,2,051,42051,,,rpa,10/29/2018 1:14:55 PM,6c3f9d95-57ea-437d-bccc-6a9bd0372169,1484376.27106476,5198.68653908356
1986,1,3,014,13014,,,rpa,1/4/2019 10:00:22 AM,004b112d-3e0b-4f4d-a1fa-5db8cb976662,453179.468399048,2974.28673558139
1987,9,7,043,97043,,,rpa,10/23/2018 2:21:55 PM,5be9e68f-c4c2-4761-977c-dcfc439fe612,1172386.25448608,4803.85229468058
1988,3,2,034,32034,,,rpa,10/2/2018 9:19:12 AM,854a9c1f-8e1c-4d7b-b711-f1d43bf9fc9c,426417.542198181,3319.71495943705
1989,4,2,007,42007,,,rpa,10/25/2018 10:57:37 AM,4001e189-521a-44a3-adfb-fd8389a85cd8,4299027.04006195,13070.5759808504
1990,3,9,092,39092,,,rpa,10/25/2018 10:35:02 AM,6578eac1-f78d-4964-9e6d-be0e1c6ff370,939443.761695862,4510.43483676515
1991,3,9,041,39041,,,rpa,10/25/2018 8:26:28 AM,a194ae26-cc40-4b4f-bcf7-d91be22e98b2,1260882.87179947,6797.76072661769
1992,9,5,006,95006,,,rpa,10/4/2018 10:53:48 AM,c1b02921-f3f2-40ca-8baf-abd94ae6042b,952535.714172363,5400.78625710563
1993,5,4,005,54005,,,rpa,10/25/2018 8:11:27 AM,94c193b7-a5bb-4fa4-925b-f31627235f9f,16332987.7054443,19209.2283936627
1994,2,1,019,21019,,,rpa,10/2/2018 8:56:50 AM,35f9eb42-5923-4fc9-bd8a-0321ab129ea7,235874.335746765,2042.38969324743
1995,4,2,011,42011,rpa,2/16/2018 12:05:36 PM,rpa,10/25/2018 10:57:38 AM,a11806a9-0305-4525-a0ef-3466f1dda2f8,20498542.3964539,43992.9580992355
1996,3,8,012,38012,,,rpa,10/2/2018 10:47:12 AM,aac2d16d-d57a-43cd-b151-66a95accc4dc,15631395.5702209,22376.254385758
1997,9,8,025,98025,,,rpa,10/3/2018 3:50:03 PM,cb71377c-aa80-4de5-a0ee-41e57aa3918b,547281.945678711,3988.40410377204
1998,2,1,020,21020,,,rpa,10/2/2018 7:59:37 AM,aa34e451-d3c3-4243-822b-1e32cb9274e3,247183.395423889,1918.94015781826
1999,4,3,069,43069,,,rpa,10/25/2018 8:46:04 AM,0250fe96-59b2-4651-b0d5-4c80dc45a311,235049.841506958,2422.78972051077
2000,4,3,072,43072,,,rpa,10/25/2018 8:45:28 AM,cd560649-7be9-4dbc-a6b8-2f0a25f2f192,534778.726257324,3816.90010900813
2001,9,5,009,95009,,,rpa,10/4/2018 10:53:47 AM,210ee5f9-b670-4441-9a73-6370e64cd859,872084.905181885,4703.70870222534
2002,9,5,012,95012,,,rpa,10/4/2018 10:53:48 AM,7b1b2bdc-a3c7-4447-9f4e-e7d90c4927fe,2660529.6446228,10007.951732666
2003,9,9,037,99037,,,rpa,10/15/2018 3:18:53 PM,333604df-f883-45c2-b6c5-f7503448a16a,636661.109924316,4223.19902354509
2004,9,4,036,94036,,,rpa,10/25/2018 9:57:23 AM,afc5318b-d932-4e0b-8c2d-d0732b3c8697,1183957.7273941,4428.31647814642
2005,9,4,017,94017,,,rpa,10/25/2018 9:57:37 AM,7b89939b-5cbd-4af4-beed-793ef1e22a62,2545825.63887787,6784.23741136468
2006,9,9,020,99020,,,rpa,10/15/2018 3:11:16 PM,cf9fc62c-509d-4f82-9126-580b9d8b30fa,604819.326835632,4034.68467636281
2007,9,4,019,94019,,,rpa,10/25/2018 9:59:07 AM,b0592e7f-b188-464c-b950-259529a57590,736073.464080811,4724.02434520573
2008,9,4,018,94018,,,rpa,10/25/2018 9:56:24 AM,82117b8a-c49e-4d60-b108-0bcd2a0ae431,1207325.29323578,4765.03538094956
2009,3,2,029,32029,,,rpa,10/2/2018 9:22:47 AM,125bc731-762b-456d-9c84-4caccd3bf7ca,295240.315666199,2500.64541021555
2010,3,2,032,32032,,,rpa,10/2/2018 9:18:58 AM,e157486f-498a-4897-88ae-d1b62b405194,313747.571151733,2691.15280877064
2011,9,4,038,94038,,,rpa,10/25/2018 9:56:24 AM,27fb73d8-1570-46ff-a196-c813850ce0f3,1138603.35467529,7798.60817129671
2012,3,2,003,32003,,,rpa,10/2/2018 9:23:14 AM,1e05ded5-c1ec-4d1a-b9a8-c24954525756,590905.969291687,3115.61201726237
2013,4,2,013,42013,,,rpa,10/29/2018 1:14:55 PM,98ce45fc-0852-48ff-b491-ab0be79f50d3,11418114.8026428,23933.8358619861
2014,9,9,007,99007,,,rpa,10/15/2018 9:28:53 AM,0f8f7d73-56d3-40cf-b1b3-c8635bb153f0,1446534.5660553,8305.52194953008
2015,3,2,042,32042,,,rpa,10/2/2018 9:19:33 AM,e1f31db8-60c5-4f17-a1f2-89338c252e5b,409746.811225891,2573.85530578061
2016,9,4,050,94050,,,rpa,10/25/2018 9:56:24 AM,34ff3132-1f26-4bce-ad55-f10c77729043,880359.684463501,6938.53839396133
2017,8,7,018,87018,,,rpa,10/10/2018 12:17:52 PM,e7b70954-be60-484b-8970-12583bd4bc2f,10701809.5553589,15325.9478809994
2018,9,4,008,94008,,,rpa,10/25/2018 9:56:25 AM,5f196b39-f6f8-41ba-9edb-c721d0c5ce90,4418415.83654785,11695.1046132466
2019,3,9,065,39065,,,rpa,10/25/2018 8:31:24 AM,dda405b7-c193-4087-9d70-f9b72180b972,729961.324638367,4308.85194605512
2020,3,9,097,39097,,,rpa,10/25/2018 10:35:02 AM,d76a8e21-ed35-4188-bde8-4e0cf04beb59,449815.871932983,3516.0055641453
2021,7,4,008,74008,,,rpa,10/4/2018 11:22:49 AM,4ac9cab0-9c3c-41f6-a5b2-c27166106ef0,578449.143173218,3562.99182102373
2022,7,4,012,74012,,,rpa,10/4/2018 11:22:48 AM,33431b98-76e9-4d9e-90db-776b01750deb,522457.018737793,4553.2432525609
2023,7,4,013,74013,,,rpa,10/4/2018 11:22:48 AM,b5638b3e-74cb-4a78-b4da-220079187236,705002.802734375,3455.61767592089
2024,7,4,014,74014,,,rpa,10/4/2018 11:22:49 AM,81bc032f-c3c6-49e7-a9db-714be68654e1,1191262.82569885,4653.96383370386
2025,9,9,011,99011,,,rpa,10/31/2018 1:00:26 PM,ffc8e4aa-dc06-4c63-9f6c-0c14e45015eb,164585999.545959,66883.4797633035
2026,9,9,067,99067,,,rpa,10/15/2018 9:24:59 AM,073ce57c-aaf3-4e91-a6d0-1acd75b38fe7,730402.199104309,4479.86391617677
2027,8,7,019,87019,,,rpa,10/10/2018 12:17:54 PM,7f444e4b-6f7a-4b49-93f0-3cddd94da567,12762020.1186829,18527.6586433992
2028,3,2,011,32011,,,rpa,10/2/2018 9:22:59 AM,8d4cb737-bf02-40d8-be0d-5c720159833f,505864.634353638,2859.31348989492
2029,3,2,013,32013,,,rpa,10/2/2018 9:22:56 AM,d3fef2fa-1f61-4e07-b5b5-f83b35e39529,576534.25453186,3292.9136019595
2030,3,2,014,32014,,,rpa,10/2/2018 9:22:54 AM,6c3efb7c-01b4-43b3-a71e-dbc10bd70edd,611160.807380676,3375.76374670176
2031,9,9,009,99009,,,rpa,10/31/2018 1:00:27 PM,a6e996e0-3d71-44fc-a036-fe06b99fe404,3295222.22968292,8159.08447443684
2032,4,5,008,45008,,,rpa,10/19/2018 10:58:43 AM,e60ec062-97ae-4f5b-a086-66b916e9614b,549227.214309692,3986.10021947682
2033,4,5,109,45109,,,rpa,10/19/2018 10:58:43 AM,cbeb8622-b590-40d0-b74e-f0eb3de9109e,376741.971511841,3291.22623370465
2034,4,5,009,45009,,,rpa,10/19/2018 10:58:41 AM,792800db-1722-4890-aa69-c0a89aaa83c1,588948.561187744,3734.35126946712
2035,4,5,005,45005,,,rpa,10/19/2018 10:58:42 AM,4c7d395e-b1f8-4264-92da-91961d172c3e,639320.184432983,3839.21248416497
2036,4,5,010,45010,,,rpa,10/19/2018 10:58:42 AM,8036374c-159d-4c05-8597-f4291eef72c6,811763.1484375,3621.42142141665
2037,4,3,065,43065,,,rpa,10/29/2018 10:32:32 AM,2754e19f-c538-4b4f-a827-5b7f8a1b6be1,601141.925048828,3851.05495902745
2038,7,4,022,74022,rpa,10/4/2018 11:22:49 AM,rpa,11/7/2018 10:43:59 AM,c64d1edd-a77a-495d-bc21-a81145479a69,875389.086746216,7362.70741061164
2039,4,5,056,45056,,,rpa,10/19/2018 10:58:43 AM,82220441-6c81-4f6e-a05f-1bcac05b9f1e,559818.50352478,3448.0893481932
2040,4,5,059,45059,,,rpa,10/19/2018 10:58:43 AM,7d972aa8-d11e-41a4-8450-37d56b2ab568,413846.653503418,4890.85066380112
2041,8,7,006,87006,,,rpa,10/10/2018 12:17:52 PM,cbc16ca6-09eb-44be-a690-0f28c0de1f91,6948573.2117157,15356.2458762493
2042,8,7,045,87045,,,rpa,10/10/2018 12:17:53 PM,2421ed32-0a1f-45f4-b5ac-581aaf70583e,594556.238716125,4033.58373462508
2043,4,3,067,43067,,,rpa,10/29/2018 10:32:31 AM,76474e14-43dc-4cd2-a4b5-c782406a0b24,704338.442779541,4631.42882612247
2044,4,3,064,43064,,,rpa,10/29/2018 10:32:32 AM,9d71783c-4325-4597-b260-637fdd928d5e,599004.500076294,3146.11049786597
2045,4,3,066,43066,,,rpa,10/29/2018 10:32:34 AM,ac22e841-a68d-49f8-a0f8-694ce81f9806,571097.776290894,3667.39904372783
2046,8,7,022,87022,,,rpa,10/10/2018 12:17:52 PM,87dcce73-c410-46f0-a6d6-b6d833008ceb,4770602.24906158,12463.1948001416
2047,8,6,002,86002,,,rpa,10/10/2018 12:17:56 PM,7554add6-8ca5-46d8-ad4b-c5aa57c2077d,76511597.6215973,36680.9767788339
2048,8,7,003,87003,,,rpa,10/10/2018 12:17:54 PM,e5e0096a-45e7-4440-9a67-917fb7544d78,5742507.39100647,12498.8523227239
2049,1,1,017,11017,,,rpa,11/9/2018 8:55:52 AM,3b46da0c-4702-4560-a933-6c0b341932ed,641558.839935303,3945.00722672747
2050,8,7,005,87005,,,rpa,10/10/2018 12:17:56 PM,c35691b9-6e5c-4a59-ba86-bdd73877eab5,1586414.76745605,15004.3691653991
2051,9,9,030,99030,,,rpa,10/15/2018 3:17:05 PM,f251315b-6032-4bdc-88d7-4fe121c11689,335418.587547302,2971.55175411292
2052,9,9,027,99027,,,rpa,10/15/2018 3:11:43 PM,38c2848d-a6de-4137-8835-99c1bcbbaf4c,1373917.64693451,9292.63886224436
2053,9,6,008,96008,,,rpa,11/7/2018 11:16:38 AM,a49bbdf5-cff1-4950-bb55-3a573193f175,2721604.9727478,10196.3348150301
2054,4,7,024,47024,,,rpa,11/9/2018 1:35:54 PM,d4d87ea2-d46b-4206-af4e-1a668b134154,319422.677566528,3371.64055404055
2055,1,1,074,11074,,,rpa,11/9/2018 9:04:01 AM,8e4ba5f6-e9f8-44ff-8dfa-f5edc9e4cf85,967216.481506348,5158.05715334869
2056,4,3,081,43081,,,rpa,10/29/2018 10:32:32 AM,a60952de-d52b-449d-9432-0510f3b2c9bd,1028328.83816528,4236.15591522337
2057,4,3,062,43062,,,rpa,10/29/2018 10:32:33 AM,6441833f-1d1e-4401-95f0-d8144637ff16,603925.179794312,3820.00337092125
2058,4,3,060,43060,,,rpa,10/29/2018 10:32:33 AM,063be4d6-8bce-4fb4-9880-55e31f2d1ca3,517717.520217896,3451.32329586381
2059,8,7,023,87023,,,rpa,10/10/2018 12:17:54 PM,e4e0cab5-9032-4a51-ad14-16e1b07212b3,2529648.81255341,7901.1984742584
2060,4,7,016,47016,,,rpa,11/9/2018 1:31:57 PM,5443a1e0-be3f-414e-a823-1e0093a08fa4,2278053.44325256,6980.53942968579
2061,8,7,048,87048,,,rpa,10/10/2018 12:17:53 PM,59a0f1c5-3878-4139-84fc-3297fe178475,867252.152442932,6051.51704080387
2062,8,7,050,87050,,,rpa,10/10/2018 12:17:54 PM,a7d2cb52-b15a-46bc-af87-7fbca9e11482,584778.105285645,5147.4971502722
2063,4,2,014,42014,,,rpa,10/29/2018 10:32:36 AM,18a67920-4b16-4949-9fc1-715dd3593d00,22440223.5669785,26181.732087002
2064,1,1,054,11054,,,rpa,11/9/2018 9:04:01 AM,5ed91e1c-1bcc-4941-a4c8-89674bb5c113,872975.707000732,4392.39640250556
2065,9,4,005,94005,,,rpa,11/9/2018 10:19:54 AM,7888a4ea-f8a0-4286-b66c-bef4ecf34727,58841955.339859,114320.592561609
2066,8,7,049,87049,,,rpa,10/10/2018 12:24:57 PM,b7619a46-2e90-43cb-90de-f1b0e50e2fa9,1112471.40882874,5385.77593362942
2067,8,7,052,87052,rpa,12/6/2013 11:32:42 AM,rpa,10/10/2018 12:17:55 PM,d60efae2-b886-4f4e-b7b3-9280ac0fa0f9,745155.175262451,4595.51528180852
2068,8,7,010,87010,rpa,10/8/2018 2:43:25 PM,rpa,10/10/2018 12:26:09 PM,1fab6400-5a08-445a-afad-28f45cc56a17,27425321.6150131,60634.6994425813
2069,4,3,080,43080,,,rpa,11/9/2018 12:58:10 PM,107991a8-a25c-4382-8d92-b902d3e97ef3,453808.556045532,3735.62469214928
2070,4,3,082,43082,,,rpa,10/29/2018 10:32:34 AM,3df23bbe-3f05-4dd5-90d7-a30f296ac6a4,403527.647964478,3319.88458814476
2071,4,3,057,43057,,,rpa,10/29/2018 10:32:35 AM,877ccf12-5de1-4331-8299-7e1e128f0e00,579676.840438843,3245.86123318668
2072,4,3,058,43058,,,rpa,10/29/2018 10:32:35 AM,dff40304-ce72-4978-af8a-7fd2098cdc44,528393.027511597,3980.87955958977
2073,4,4,034,44034,,,rpa,10/29/2018 10:32:36 AM,ae04b540-dc9f-48fa-9847-db1c93f686a8,1440313.94747925,5760.52640571683
2074,6,6,016,66016,,,rpa,10/25/2018 12:16:44 PM,215c0fd3-cfc0-4cd0-839a-1f900e56ced7,860380.149291992,4190.72866071989
2075,2,4,015,24015,,,rpa,10/26/2018 2:01:16 PM,de38999d-aba3-4640-8d5a-353f565d3e14,635897.491157532,3600.89294840788
2076,5,9,014,59014,,,rpa,10/2/2018 3:36:09 PM,de50185e-f69e-4bfb-9053-a0e3063f4cd1,699428.26473999,6040.25755512414
2077,9,4,006,94006,,,rpa,11/9/2018 10:20:02 AM,c9cee993-81cf-4c0b-b2f8-244dd4b8914f,51004011.1833649,50527.6582459986
2078,9,6,007,96007,,,rpa,11/7/2018 11:16:39 AM,e1451c4b-2c03-4283-9678-7aaca9b69fb0,1514768.61834717,12817.1814216845
2079,9,7,050,97050,,,rpa,11/7/2018 11:15:05 AM,560bd986-d142-4b26-ba14-46ab24f584bb,1100797.45376587,5431.21873832789
2080,2,4,017,24017,,,rpa,10/26/2018 2:01:16 PM,9dbb72b6-732c-4e5b-8f1b-0b49845c88e2,964994.331054688,4123.35192780134
2081,2,2,004,22004,,,rpa,10/26/2018 2:01:17 PM,1d9965e3-bf8f-4a91-b76b-33f26d9a15a9,709060.649520874,5721.98335651381
2082,2,4,031,24031,,,rpa,10/26/2018 2:01:17 PM,7891bc92-71d3-4c8c-853c-14dca01afb26,591959.531257629,2980.69762564733
2083,5,9,019,59019,,,rpa,10/2/2018 3:36:10 PM,ae1bf707-adf4-46cb-8456-79d753ee0b3b,424072.492095947,3550.65496079994
2084,5,9,015,59015,,,rpa,10/2/2018 3:36:11 PM,a348d0f0-0e40-43d0-81f2-eab250ad59ff,705261.897064209,3505.52717495933
2085,5,9,006,59006,,,rpa,10/2/2018 3:36:11 PM,d408ff7c-f2c4-4abe-a39d-7e08e02e7b12,91527688.8077087,55575.734071404
2086,2,8,003,28003,,,rpa,11/5/2018 7:51:54 AM,27cd86a8-15a2-4eeb-a07d-3f866bf6bedd,495577.716217041,2827.68560656551
2087,2,8,008,28008,,,rpa,11/5/2018 7:51:55 AM,54fd71be-c10c-47bc-8a27-16a55ad12cc5,761138.647285461,3514.1752630103
2088,2,8,010,28010,,,rpa,11/5/2018 7:51:55 AM,f5d2e919-5389-4a8a-bae1-cb223ba7e6ce,588697.834846497,3268.25980129739
2089,9,9,075,99075,,,rpa,11/9/2018 9:55:05 AM,8fd14d8b-2a60-4f6c-bf36-ad2ee43e875b,933085.370117188,4537.00983140067
2090,5,9,010,59010,,,rpa,10/4/2018 8:08:15 AM,a3a781f7-6557-4e9c-9c56-bb58c3dfa272,542067.611968994,3177.47387749879
2091,5,9,009,59009,,,rpa,10/4/2018 8:08:23 AM,bbdf87d0-0e61-4ecc-8cd1-7e0c5e137775,521417.140869141,2954.57378987901
2092,9,5,005,95005,,,rpa,10/15/2018 1:41:49 PM,8ac29e56-4c86-4c5f-94f8-065ad6706cc1,520458.582092285,4163.83627591629
2093,2,2,011,22011,,,rpa,10/23/2018 12:26:57 PM,8d4102ff-aede-4305-a7e6-89bf3154ffb4,924274.77671814,4451.45354800823
2094,2,2,005,22005,,,rpa,10/26/2018 2:01:17 PM,c544b3bd-4091-407e-8da2-4f7a335b3da4,6267784.18267822,10561.3214317532
2095,3,2,007,32007,,,rpa,12/3/2018 10:02:30 AM,5ed04f27-f6a0-496d-a04d-8e2fe3353f03,309720.792053223,2312.94263383943
2096,9,9,045,99045,,,rpa,11/9/2018 9:55:05 AM,036afc48-03ff-4f60-b294-5d61d4118d0a,1105593.2930069,4911.24748679352
2097,4,3,083,43083,,,rpa,11/9/2018 12:56:17 PM,44ffbc95-4bae-45c2-9aaa-6f8c8f152b2f,1223629.53231812,4601.45716167729
2098,4,3,075,43075,,,rpa,11/9/2018 12:58:10 PM,394f6c9b-ae79-4ae3-8bce-3024d9cd769c,707132.077911377,3856.04697201969
2099,9,7,005,97005,,,rpa,11/9/2018 10:23:41 AM,c9820e62-fb7f-4276-b248-aabf0c3da2e0,746742.846038818,4481.37299098112
2100,4,5,058,45058,,,rpa,11/9/2018 1:19:23 PM,b53cc7aa-51cd-411d-bb7b-0af21f263e0d,746574.887054443,4500.67354405398
2101,4,3,019,43019,,,rpa,11/9/2018 12:58:11 PM,2959f9cc-39d3-44ec-b9aa-af01312fc282,827491.167098999,3680.43381204664
2102,4,3,021,43021,,,rpa,11/9/2018 12:59:59 PM,8077c9ab-6cdf-401f-84a9-938f04e08adc,363565.425582886,2734.05697646897
2103,4,7,041,47041,,,rpa,11/9/2018 1:29:26 PM,dee82a12-3e8b-4818-892b-00acd288e017,114784.673751831,1892.33007509712
2104,4,7,017,47017,,,rpa,11/9/2018 1:29:46 PM,921ba514-8cc9-4591-8a09-269d413cd209,146436.654769897,2116.07343964583
2105,1,1,067,11067,,,rpa,11/9/2018 9:04:01 AM,e9c68aae-83bc-45e0-9ea7-8f3ebf778113,561790.203384399,4226.90494204075
2106,4,6,001,46001,,,rpa,11/9/2018 1:23:23 PM,a97108d5-3b6d-466e-bc13-487bcb3216de,3349180.75588989,18491.1070469142
2107,4,8,007,48007,,,rpa,11/9/2018 1:31:56 PM,b6de85b4-803c-4d35-9261-6921c7e780fc,9009089.70962524,18467.7519091348
2108,5,4,003,54003,,,rpa,11/9/2018 1:49:56 PM,1d45e7e9-d7d7-49b0-9c20-87ae1c032759,536079.060974121,3198.92118798081
2109,4,7,042,47042,,,rpa,11/9/2018 1:31:57 PM,cd0f732f-542f-4415-8901-e07d36451cd4,1347948.91334534,6263.49540072391
2110,4,7,047,47047,,,rpa,11/9/2018 1:31:58 PM,cb01cab5-b0fb-4653-90db-0f669bdf37bd,2584797.00035095,8645.97856112828
2111,4,7,043,47043,,,rpa,11/9/2018 1:31:58 PM,c7a69a2b-f033-417f-a315-5fa20ec99238,3175381.24073792,9207.87111059072
2112,4,7,033,47033,,,rpa,11/9/2018 1:31:58 PM,ee8dbfd9-d3ef-40d8-88e8-96822c53e93d,4076427.688797,9074.92382523683
2113,4,7,058,47058,,,rpa,11/9/2018 1:31:58 PM,be7eb2a1-6f05-4be3-a936-31b471981cf9,1365337.83270264,5130.29099944643
2114,6,8,011,68011,,,rpa,11/9/2018 11:28:13 AM,5e2ef619-a0a6-4417-9602-5027b8d39060,1091380.98368835,4383.75831051335
2115,6,6,031,66031,,,rpa,11/9/2018 11:21:34 AM,f24c0800-bdc1-4edc-b0f9-c2d1defdab06,452921.003341675,3108.6639317114
2116,3,7,002,37002,,,rpa,11/9/2018 12:41:46 PM,6c9105d9-31e3-4520-adac-38e522f66b96,1083602.06023407,6448.00451695278
2117,1,1,059,11059,,,rpa,11/9/2018 9:03:59 AM,af52fd3f-9721-498a-ae97-447d21509b8c,884220.529319763,4007.1106792225
2118,1,1,056,11056,,,rpa,11/9/2018 9:03:58 AM,9626d11a-2188-4f54-a1b0-398e3941657c,692098.6772995,3469.79778749201
2119,3,7,011,37011,,,rpa,11/9/2018 12:41:47 PM,4fb3158b-32a2-4a41-ae0d-d366d5d89310,725962.592414856,4262.64774537595
2120,3,7,010,37010,,,rpa,11/9/2018 12:41:47 PM,55687a0f-bd4a-4cbd-b8b5-d4539f31c640,1125217.04419708,4962.72891574538
2121,2,8,016,28016,,,rpa,1/9/2019 9:07:50 AM,b2c42a77-7f69-4b41-bc0c-d49130bf3f00,793022.874336243,3714.1024236333
2122,3,8,001,38001,,,rpa,11/9/2018 12:41:46 PM,4b6492df-9866-400c-8c05-e6df740b1d88,1037906.93460846,10287.2153959834
2123,3,7,005,37005,,,rpa,11/9/2018 12:41:46 PM,bf4d1600-5645-4b31-bf9c-28e82a698d0b,562893.665672302,3067.26988140922
2124,4,8,013,48013,,,rpa,11/9/2018 1:31:58 PM,ea43ae97-1e14-4c6b-9ccb-75d5944ecd96,64370465.3407593,36735.2182616987
2125,3,8,014,38014,,,rpa,11/9/2018 12:41:47 PM,bbe58997-cae9-477c-bd2f-e06cfe1e66d0,6371078.51964569,13173.8884428159
2126,3,9,002,39002,,,rpa,11/9/2018 12:44:12 PM,3c810260-f6f4-453a-95a3-f1ed83986068,540050.428443909,4558.57151303623
2127,3,9,013,39013,,,rpa,11/9/2018 12:53:01 PM,4119d917-1bc8-48cf-bc08-f8778f634b14,681459.183567047,4527.52111216395
2128,1,1,057,11057,,,rpa,11/9/2018 9:03:59 AM,5f99bac1-2ccd-4114-b89c-126b1ceea866,411753.032089233,4622.3395212442
2129,4,9,007,49007,,,rpa,11/9/2018 1:42:38 PM,8effbc19-3545-41cf-a9d4-5be930971c3a,288086.63079834,6160.0708944134
2130,1,1,068,11068,,,rpa,11/9/2018 9:03:59 AM,9a578f56-4b47-4077-9cbd-ec155b8e1923,992011.082878113,4266.96377184234
2131,6,8,007,68007,,,rpa,11/15/2018 3:35:24 PM,f9e98482-b1c7-4684-9d00-4f0044470904,91464757.197113,44193.6360706883
2132,3,9,027,39027,,,rpa,11/9/2018 12:53:01 PM,7c051630-822a-4bf4-9b26-a05342368c75,647774.223876953,3539.50079712005
2133,3,9,028,39028,,,rpa,11/9/2018 12:53:36 PM,9693d4ff-9294-48a1-a0a6-141947286ec3,1107573.85560608,5320.18571406288
2134,9,1,037,91037,,,rpa,11/9/2018 12:30:59 PM,c6a1bf2a-9115-4ac8-a7e1-caec8a0635ba,1367490.40809631,4885.37476319766
2135,9,1,040,91040,,,rpa,11/9/2018 12:31:00 PM,3b5b1d10-85bc-4bc9-9fbc-5ca57cf3e268,1061067.83950043,4473.56438024905
2136,9,1,039,91039,,,rpa,11/9/2018 12:31:00 PM,3c61d8de-e773-4581-a57f-5d02e024f920,1244042.71362305,4756.99516618502
2137,9,8,021,98021,,,rpa,11/16/2018 9:35:55 AM,4aff5345-fc86-46ca-ac07-a0627f513c7f,799515.741844177,3770.2538178961
2138,9,8,005,98005,,,rpa,11/16/2018 9:35:55 AM,63427d13-2bbc-49d6-8b8c-a5fb5f8d9a68,595269.889465332,3559.77970521403
2139,9,8,020,98020,,,rpa,11/16/2018 9:35:54 AM,3133dd73-5468-4125-8a7a-757e5c01815a,739112.256790161,3739.19912273448
2140,8,6,020,86020,,,rpa,11/15/2018 2:49:21 PM,eafb493c-65e4-4618-9038-c4209c4bb867,923750.46144104,3972.35648644076
2141,9,9,012,99012,,,rpa,11/16/2018 9:48:20 AM,0768ad3b-feca-497d-aea4-814f2bf022fc,834485.314323425,4694.242474234
2142,6,6,006,66006,,,rpa,11/9/2018 11:21:33 AM,c348259e-7c28-4f2c-8e63-3a24402d05aa,175560.577468872,1786.71807832264
2143,5,9,016,59016,,,rpa,11/9/2018 11:05:40 AM,7addb4d4-a33a-4538-bf6e-64539b8469e7,703343.373138428,3506.32569999337
2144,6,7,013,67013,,,rpa,11/9/2018 11:25:29 AM,20b81faa-dd08-43fb-abc4-f153ffa59348,874556.785369873,4310.32562188953
2145,1,1,066,11066,,,rpa,11/9/2018 9:04:00 AM,33151d17-1c79-4626-8369-27f286131bc1,639052.651351929,3944.66297443083
2146,9,1,004,91004,,,rpa,11/9/2018 12:31:01 PM,8dfc564a-37c6-4787-a66f-b5112746f28b,998242.127075195,4252.14171373577
2147,1,2,011,12011,,,rpa,11/9/2018 9:29:57 AM,5d7355df-1761-4550-85f0-3c206dbb2b02,743574.872146606,3731.00930919493
2148,9,1,007,91007,,,rpa,11/9/2018 12:31:01 PM,93ea34f3-ed91-4d9b-8443-9ceee6a6f36f,745510.124725342,3758.06507721492
2149,9,1,038,91038,,,rpa,11/9/2018 12:31:01 PM,32730986-5168-4ed4-bc34-fc8e6cbac28d,1638690.16345978,5400.60598642819
2150,4,7,030,47030,,,rpa,11/9/2018 10:54:30 AM,f8db5b78-7d77-4626-8410-035f058ee827,362736.389663696,2728.13203833746
2151,1,1,058,11058,,,rpa,11/9/2018 9:04:00 AM,ed9989a5-b097-4c2f-8c54-73889f3b041e,750042.694099426,4184.80858964702
2152,1,1,052,11052,,,rpa,11/9/2018 9:04:00 AM,fdff7949-2940-4811-85b1-a90bdb61eda6,972406.882621765,4366.91916330538
2153,9,1,025,91025,,,rpa,11/9/2018 12:31:02 PM,4d901996-0e60-4c58-8807-44dce0df3630,989545.375015259,4426.34663919329
2154,9,1,034,91034,,,rpa,11/9/2018 12:31:02 PM,dec45c6b-e5e5-49af-a379-7e21d4a2447c,1383720.12626648,4964.03014240595
2155,9,1,006,91006,,,rpa,11/9/2018 12:31:02 PM,df45d235-070b-4f0e-991f-af4f459f93c0,375866.227401733,2475.22329866146
2156,9,1,024,91024,,,rpa,11/9/2018 12:31:03 PM,16b72107-e9a8-440a-9c8a-56699a3fe907,894640.140571594,4148.64221148257
2157,9,1,005,91005,,,rpa,11/9/2018 12:31:03 PM,48645795-e5ef-49d0-ab43-3e47274f0d0d,647710.706619263,3427.54364805436
2158,9,1,023,91023,,,rpa,11/9/2018 12:31:03 PM,042bbfe1-ce86-44f7-a5ef-ef0d4c58f729,980540.85521698,4563.60740706232
2159,1,1,075,11075,,,rpa,11/9/2018 9:04:01 AM,4ed4db81-f858-4ba1-825f-0d71e644b8b1,1176756.39414978,4920.68298069523
2160,5,1,013,51013,,,rpa,11/9/2018 1:44:16 PM,47952257-cbb7-44ab-9096-0b2733de1540,324773.754333496,6237.39309614353
2161,4,7,036,47036,,,rpa,11/9/2018 10:54:29 AM,ee40971d-eb4c-4867-b4f4-5383add01466,334435.164428711,2724.61165396514
2162,6,1,009,61009,,,rpa,11/9/2018 11:19:31 AM,162cf1d2-98c1-490a-8aca-717014d777a2,575469.05456543,4375.40104230091
2163,1,5,041,15041,,,rpa,11/9/2018 9:17:22 AM,22535d30-f0a3-4c27-b428-484e42690db6,28031848.8867645,23280.0428916531
2164,3,1,039,31039,,,rpa,11/9/2018 12:36:36 PM,a8685ecb-3895-4a82-8ad9-bff8c6b63597,717116.752895355,3466.14632410193
2165,3,1,047,31047,,,rpa,11/9/2018 12:36:36 PM,96f09f32-e3bf-44e9-aff8-c9bfaeca488c,745779.833492279,5213.583333655
2166,6,1,008,61008,,,rpa,11/9/2018 11:19:31 AM,3df906d1-ed0f-40f2-b108-523dcec5c3a2,705403.215438843,6670.15353120097
2167,3,1,038,31038,,,rpa,11/15/2018 1:51:51 PM,3eb082a8-1788-44fe-845d-da11e205a93d,493509.244049072,3188.93613175104
2168,9,8,019,98019,,,rpa,11/16/2018 9:48:21 AM,f79350c7-bbac-42b7-8371-fece2c715e1c,2398107.47779083,6989.51324186514
2169,6,1,012,61012,,,rpa,11/9/2018 11:19:31 AM,6d71f17c-4c77-4af4-99d0-427075fa0ba0,462153.99609375,6274.12684027723
2170,5,8,005,58005,,,rpa,11/9/2018 11:05:39 AM,e591aee1-1e57-4245-8b95-6d4c98d150fe,1150535.15750122,4275.41643391813
2171,1,1,019,11019,,,rpa,11/9/2018 8:55:52 AM,be877199-8ecb-4f00-b51a-eda0d74f4963,549285.220375061,3815.60447407389
2172,1,1,018,11018,,,rpa,11/9/2018 8:55:52 AM,4c30ad13-8b98-4312-acd1-e8fac1368967,902658.928092957,3902.21957392934
2173,4,7,018,47018,,,rpa,11/9/2018 1:34:02 PM,d12bbd75-fa07-4152-91ab-bce7100d91b3,2049866.37904358,6833.9884193595
2174,3,9,016,39016,,,rpa,11/9/2018 12:47:53 PM,327ed90c-415e-4179-8e22-84ceba31eff4,631780.032142639,3615.54768985795
2175,8,6,015,86015,,,rpa,11/15/2018 2:49:22 PM,37b66c0f-4fd4-4a43-ace4-e23485ebafd5,784328.066223145,3770.61328190447
2176,4,4,024,44024,,,rpa,11/9/2018 1:03:53 PM,a1b5f654-de31-4c7e-a1fb-6f1a58a22b82,958040.37487793,4195.27996771936
2177,4,4,039,44039,,,rpa,11/9/2018 1:03:53 PM,346e57c7-4cd4-4f9c-a21f-890467f80c4a,682702.459686279,3967.75650494151
2178,4,4,008,44008,,,rpa,11/9/2018 1:03:53 PM,933cc1ed-52b4-482d-bb9e-f4551d37b237,92083291.5426636,63940.9467465553
2179,4,4,006,44006,,,rpa,11/9/2018 1:06:50 PM,b3e701b8-538c-4689-aa50-ca4f775f6af0,485137.244262695,3567.73878346594
2180,4,6,006,46006,,,rpa,11/9/2018 10:54:30 AM,4473cc09-6921-4386-95f1-b1360927c81e,1459472.06027222,9945.50484824921
2181,4,7,034,47034,,,rpa,11/9/2018 10:54:28 AM,ea2af0ea-12b3-48d5-ab8c-6a7d83858d91,496417.418899536,3095.01172019788
2182,4,7,035,47035,,,rpa,11/9/2018 10:54:29 AM,7db13efa-8205-4818-be04-fe2001242694,360564.367996216,2434.0005011599
2183,9,7,037,97037,,,rpa,11/29/2018 11:09:51 AM,f766ab00-b147-462b-b58e-da2cbf6405a5,962626.265319824,4372.89192821563
2184,4,7,008,47008,,,rpa,11/9/2018 1:31:58 PM,5780d940-7560-45a2-8bfd-e327d473b9d9,72624767.6320496,49262.4368888291
2185,6,1,003,61003,,,rpa,11/9/2018 11:13:17 AM,b4815d57-4032-48e3-b6f1-5d9589ed1aa4,871552.855575562,6937.43772607668
2186,4,7,001,47001,,,rpa,11/9/2018 10:55:26 AM,8c08c00c-e66b-4a31-af36-3dc7b2b5180d,5800214.81770325,16244.0019474597
2187,1,1,053,11053,,,rpa,11/9/2018 8:58:08 AM,ccb97d49-6ebb-4f8b-a02f-4b68e42458ea,595233.829452515,4737.75981946932
2188,1,1,071,11071,rpa,2/16/2017 12:30:27 PM,rpa,11/9/2018 9:01:17 AM,ce1f9046-075b-4f40-9d11-4f8ccdd3e06e,798469.746856689,3727.99885495284
2189,1,1,065,11065,,,rpa,11/9/2018 9:06:36 AM,6c6bc8bf-f142-4ad8-9075-bdf062399141,1331456.93863678,8209.64928486538
2190,1,7,029,17029,,,rpa,11/15/2018 1:50:19 PM,f552f995-c678-4541-9e07-bbc2ae8f03c3,885858.874282837,3882.97150135352
2191,9,4,030,94030,,,rpa,11/16/2018 8:53:03 AM,80b68c3d-2122-4a0c-ba76-323580795c31,909767.65436554,5645.52566948188
2192,9,4,172,94172,rpa,8/7/2017 1:35:39 PM,rpa,11/16/2018 8:53:12 AM,20a03135-fae5-4933-9ef2-f8c797ce00ec,23593580.6248474,48865.6980288399
2193,1,7,038,17038,,,rpa,11/15/2018 1:50:21 PM,111ef3c8-85a0-42c2-bf81-4174c003b78b,501788.961791992,3194.3018975855
2194,2,4,025,24025,,,rpa,11/15/2018 1:50:22 PM,8afed3ae-c67f-4b1a-9a9c-727fb9acf727,895941.400032043,4236.3949599581
2195,6,8,004,68004,,,rpa,11/9/2018 11:33:36 AM,b5f8f86f-6dea-4ad1-822d-67ba7e367d47,424377.166824341,5265.5928886547
2196,2,1,009,21009,,,rpa,11/15/2018 1:50:23 PM,46fdbe79-a562-4c83-ac4f-2ca36c66becb,615612.980033875,3370.88523614309
2197,2,4,022,24022,,,rpa,11/15/2018 1:50:25 PM,1fe8c21a-5e71-4fa9-8e8a-71df675e3366,649732.907432556,3509.89183217119
2198,4,7,038,47038,,,rpa,11/9/2018 10:54:30 AM,4f69b05e-a1ce-4376-8d16-ca5571531461,3472229.48887634,8114.52425827521
2199,4,7,044,47044,,,rpa,11/9/2018 10:54:29 AM,b24112be-ff7d-4f96-9b6c-e9ca1baafce2,842689.414108276,3833.53703332509
2200,6,8,013,68013,,,rpa,11/9/2018 11:33:35 AM,21961333-0d7d-40f8-8972-447e8ffec468,6326639.03648376,10537.4162150358
2201,1,2,001,12001,,,rpa,11/9/2018 9:31:25 AM,c3317584-2dd5-43b4-ac4c-653dd6656ff8,654142.144493103,3886.09076639002
2202,1,5,025,15025,,,rpa,11/9/2018 9:32:13 AM,c3278e7d-135e-4a84-a303-ec5a7a3e70be,935881.979095459,5308.41882282687
2203,1,2,021,12021,,,rpa,11/9/2018 9:08:41 AM,d187fd2e-7958-4ad5-8ac9-5de6b56c99c2,2217389.60506439,5793.32448570715
2204,1,2,022,12022,,,rpa,11/9/2018 9:08:49 AM,d94101ae-bc7a-4182-ab3e-8227382b417c,1266476.90885162,5078.21293311361
2205,4,5,101,45101,,,rpa,11/9/2018 1:16:53 PM,200ed536-0d4b-4c4b-b3a3-480907406354,720004.906295776,4874.96554248832
2206,4,5,001,45001,,,rpa,11/7/2018 2:06:14 PM,4f76fd8a-6862-49ff-bd3f-dc6a41c5dcbb,626314.842010498,4156.25232512354
2207,3,9,026,39026,,,rpa,11/9/2018 12:50:00 PM,7b6d6c02-c5f3-4061-934e-0277fa7a22bb,1198055.254776,4731.82487623783
2208,4,4,035,44035,,,rpa,11/9/2018 1:06:50 PM,47b51d26-975b-4c4d-bbe8-5eb3aa718ca4,451842.602783203,4452.53150995187
2209,9,7,040,97040,,,rpa,11/16/2018 11:37:46 AM,c978e516-5195-43ec-a0ba-3f7b1c3eb5da,949519.207672119,4465.08522756264
2210,4,7,045,47045,,,rpa,11/9/2018 10:54:28 AM,dd01b941-5a36-43b8-83fd-2c7f94383538,2452781.74078369,8424.47795109492
2211,2,4,018,24018,,,rpa,11/15/2018 1:50:36 PM,d54dd1d2-e20d-4296-8833-4abc9f32fbe4,323371.786239624,2454.67889847339
2212,6,8,012,68012,,,rpa,11/9/2018 11:27:55 AM,41ec2c48-6387-448d-845b-c8a212b5994b,604239.90296936,3932.98472407618
2213,1,2,014,12014,,,rpa,11/9/2018 9:30:15 AM,ebb0cc92-c2f2-4d4c-aa2e-54c621138ffa,912069.450973511,4887.11018242785
2214,3,1,024,31024,,,rpa,1/9/2019 9:39:26 AM,cce06679-9b94-45e4-81e2-f0d91ad634c0,448431.869087219,2717.26491465496
2215,4,4,022,44022,,,rpa,11/9/2018 1:08:06 PM,447cf14d-3406-472c-82fe-369626e6e45d,813157.167572021,5158.70437488563
2216,4,6,022,46022,,,rpa,11/9/2018 1:25:09 PM,b19c2128-1b23-44a0-a636-166e75f9118d,1407644.38754272,5748.72991976042
2217,1,4,005,14005,,,rpa,11/15/2018 1:36:11 PM,538489cc-87c2-4699-bff3-388e2a54b735,857891.820922852,4564.34653827271
2218,9,1,147,91147,,,rpa,12/20/2018 10:43:53 AM,4f5c99f9-238a-4573-8050-edadbdab075a,1250581.29064178,4894.18561396276
2219,1,1,049,11049,,,rpa,11/19/2018 12:06:20 PM,44ac2773-b9d2-4086-bc13-a9068f5dcae4,665168.110939026,4824.11297933858
2220,9,4,055,94055,,,rpa,11/16/2018 8:57:56 AM,90c9b02a-f66d-4b10-8135-4a331acfdba3,1681229.4630661,5276.01070465452
2221,9,8,004,98004,,,rpa,11/16/2018 9:35:55 AM,23049900-daba-42e3-96e5-0d8025083b29,630874.934944153,3885.85407639877
2222,2,3,015,23015,,,rpa,11/15/2018 1:50:38 PM,cfed34e7-9dc3-4bd5-b976-3101fdfd35c9,290428.17401123,2375.46293293517
2223,9,7,001,97001,,,rpa,11/16/2018 9:27:39 AM,22b7362f-aa20-425d-8d74-6ab833413b0a,1505000.85909271,7631.32637592382
2224,9,7,004,97004,,,rpa,11/16/2018 9:28:48 AM,e6efa937-11ca-4ff0-8d10-ab4972065cd4,103326.873817444,2585.49150600882
2225,8,5,020,85020,,,rpa,11/15/2018 2:49:20 PM,012b3f9a-eeb1-427b-a021-2ab67faec4af,1136570.74026489,4750.08853673743
2226,2,1,002,21002,,,rpa,11/15/2018 1:50:40 PM,aca26e7f-68a5-4451-9d7f-a0d870eb6b69,577002.932319641,3275.59865538035
2227,9,9,048,99048,,,rpa,11/9/2018 9:55:05 AM,93da28cd-5e6c-4a67-abb8-2e58b5a0a687,1250393.79187775,5165.29502464671
2228,9,9,046,99046,,,rpa,11/9/2018 9:41:57 AM,ad0718df-947d-4e46-8652-7a5980e436d0,765801.163146973,3723.5154887713
2229,4,4,037,44037,,,rpa,11/9/2018 1:11:49 PM,8f1a0a9a-5525-40fd-8a39-2b9c6671f5f2,546656.930206299,3165.890708822
2230,4,7,019,47019,,,rpa,11/9/2018 1:27:15 PM,6247fbac-cb13-4151-a4ff-29a3b3833269,662078.687057495,5671.57837631702
2231,8,7,037,87037,,,rpa,11/16/2018 4:14:51 PM,6bbe6222-e307-4c7b-bebf-85b3d2fd4c4a,373119.808654785,3676.42099770226
2232,4,5,045,45045,,,rpa,11/7/2018 2:06:15 PM,18e1744f-4cf0-4bdb-93c0-ad052bd38fcb,1056103.80059814,4478.08177467521
2233,9,7,052,97052,,,rpa,11/15/2018 3:02:39 PM,06c40970-9c2f-48cd-bd50-223820e4ddf7,764326.749801636,3901.25911339361
2234,9,1,078,91078,,,rpa,11/16/2018 8:26:29 AM,2d21defa-c094-40d8-850a-e8873720f1ed,355947.214080811,5310.49993123522
2235,3,7,016,37016,,,rpa,11/16/2018 11:00:06 AM,2c4e7c45-3a2a-43dc-bc79-b58a66dab757,1610602.14064026,21416.2340096863
2236,4,2,005,42005,,,rpa,11/16/2018 11:23:18 AM,c494a470-e93d-415d-b6e6-be54ca7af28a,16501362.8160248,21218.5318663093
2237,9,1,091,91091,,,rpa,11/16/2018 8:26:30 AM,be23ea2a-218d-4166-b1bc-ea907573d085,1037164.67978668,9510.58645147694
2238,9,1,111,91111,,,rpa,11/16/2018 8:31:12 AM,f3fd8d97-004f-4b4d-b5bf-bd50fa892bf0,488821.617996216,3958.43563613824
2239,9,1,115,91115,,,rpa,11/16/2018 8:31:26 AM,1331a598-87ad-43a5-99bb-e70514e5b77c,1804723.31183624,5369.67806707481
2240,4,5,057,45057,,,rpa,11/7/2018 2:06:14 PM,5dc2e1db-2762-4306-9286-0dedd48336c9,432052.688583374,3692.68395617205
2241,2,1,025,21025,,,rpa,11/15/2018 1:50:44 PM,4c1fe98d-7757-4442-803a-b00e3d14be6c,1152451.07550812,4270.07061033056
2242,1,7,014,17014,,,rpa,11/15/2018 1:50:45 PM,0a976a7a-61f2-4ab0-a802-ec75b0c483e6,576689.229888916,3660.50869047468
2243,6,1,001,61001,,,rpa,11/15/2018 3:26:09 PM,1bcf26d8-949b-44be-b19b-466c592a6907,1200009.22409058,6055.75913535324
2244,9,8,006,98006,,,rpa,11/16/2018 9:41:44 AM,236ea537-258b-4210-a8bd-5ba8f0444594,439850.677581787,4119.71861588068
2245,2,4,011,24011,,,rpa,11/15/2018 1:50:48 PM,12aad023-8b0a-46d0-b041-4f3a139b266b,1100595.04698944,4600.37739495203
2246,3,5,001,35001,,,rpa,11/14/2018 9:05:14 AM,fe6380c6-a057-4d39-a5dc-c0ca3c1350d5,425062.143280029,3201.71265388883
2247,1,1,039,11039,,,rpa,11/16/2018 10:04:59 AM,a64e417d-6d47-4e9f-a16a-bf6e7ff14058,635897.939888,7217.99406624202
2248,4,5,065,45065,,,rpa,11/15/2018 1:42:57 PM,bd567caf-95d8-43a8-bd38-935c01a1a5d0,997727.751327515,3976.0140639539
2249,4,5,048,45048,,,rpa,11/15/2018 1:43:23 PM,1e381bf3-a059-4145-a20e-246e172f1ff9,905171.091491699,4095.13730429272
2250,8,5,011,85011,,,rpa,11/15/2018 2:49:20 PM,7ddf4ebf-7e72-4c0e-824c-418f84ec41ab,368630.185516357,2846.27809857532
2251,3,1,003,31003,,,rpa,11/15/2018 1:44:44 PM,94d1e091-bc3c-4163-bd7f-2543e103efec,463881.661560059,2887.77856039075
2252,3,1,002,31002,,,rpa,11/15/2018 1:44:55 PM,9e82cb49-03cd-4a2a-9572-6c4cde091733,428057.138801575,2882.49056310561
2253,4,5,034,45034,,,rpa,11/15/2018 1:43:32 PM,fe432e41-a8af-445f-944c-431b0da62d8b,3743167.8457489,12982.1642822655
2254,3,1,004,31004,,,rpa,11/15/2018 1:44:16 PM,9b4382cb-8ba0-4f2a-9da5-ea44e0ee942d,625199.744972229,3207.69429569415
2255,3,1,001,31001,,,rpa,11/15/2018 1:44:27 PM,1f4059da-3e60-4b64-8f3a-19e73c15dff3,513248.010772705,3197.87842510228
2256,3,1,006,31006,,,rpa,11/15/2018 1:45:18 PM,4f19c0b4-7dc2-4c9b-aa9e-fd8e0fcfc8ba,584039.326065063,3162.48615414344
2257,3,1,005,31005,,,rpa,11/15/2018 1:45:59 PM,d3f3422c-ca9a-4b28-b7dc-08fd90544324,365145.391288757,2832.41336816181
2258,4,5,041,45041,,,rpa,11/15/2018 1:46:12 PM,ef568da0-53ff-4a2d-87f0-884d9ee35e26,40600193.9322205,32485.2517020987
2259,3,1,022,31022,,,rpa,11/15/2018 1:46:21 PM,fa033ead-6bb3-4def-b3d3-43740fd4e18a,346776.102573395,2636.10399399346
2260,5,3,014,53014,,,rpa,11/15/2018 1:46:44 PM,e47dfeb0-5abb-47e2-93d8-1258b507d941,717866.539031982,3559.98786455619
2261,6,1,002,61002,,,rpa,11/15/2018 3:26:42 PM,64aadd19-99a9-4c79-92f4-7f8945567ca0,83146053.8660736,51988.5616393682
2262,1,6,010,16010,,,rpa,11/15/2018 1:46:54 PM,ed1133f6-177d-4f1e-bc5d-85a0ce5e0342,679343.129493713,3658.87219279376
2263,4,2,096,42096,,,rpa,11/16/2018 11:43:12 AM,d61a2687-af9b-4385-8441-8467949d7cfd,880333.789901733,5099.48369352224
2264,4,1,028,41028,,,rpa,11/15/2018 9:39:21 AM,2438974c-7822-4898-b144-2ba0d236130e,1009166.77172089,3986.52340751599
2265,4,1,022,41022,,,rpa,11/15/2018 9:39:21 AM,a12e4e80-ca00-4e23-b2f6-7b32536931ec,786072.611785889,5568.47853322111
2266,4,5,106,45106,,,rpa,11/16/2018 1:04:33 PM,82f87f02-3afb-4984-b006-5432e7314b19,301007.321914673,2842.93634226636
2267,4,1,015,41015,,,rpa,11/15/2018 9:39:23 AM,4e02111f-a36a-43e1-8f5b-e3228e5cf564,68667729.2197647,50572.5355571418
2268,4,1,023,41023,,,rpa,11/15/2018 9:39:23 AM,98f74d73-88bf-4aa6-a381-8a593dcfcc52,590209.147346497,5895.18344641887
2269,4,2,040,42040,,,rpa,11/16/2018 12:26:25 PM,240dcd4d-9414-436e-91de-de8b965ce65f,729368.368492126,3512.79037430831
2270,5,5,009,55009,,,rpa,11/15/2018 1:30:24 PM,932aebd5-784a-4c5f-b0f5-18c42c278cf1,1391990.9241333,10314.2449880427
2271,1,6,009,16009,,,rpa,11/15/2018 1:47:02 PM,285f989d-de5d-4196-93a0-83685a736821,948083.192428589,4179.65966679146
2272,1,6,003,16003,,,rpa,11/15/2018 1:47:18 PM,31b72cfd-4e60-461a-b977-bbc90b8cfeb4,713947.376235962,3626.22311864552
2273,6,7,005,67005,,,rpa,11/15/2018 3:35:24 PM,4534d430-df29-4fdb-a561-4918454fb024,838298.914291382,3740.69299379226
2274,1,3,029,13029,,,rpa,11/15/2018 1:39:29 PM,a9036180-6d7b-41b6-966f-11c15a1967b8,684348.991889954,3773.04346605971
2275,8,4,030,84030,rpa,5/3/2017 3:37:06 PM,rpa,11/15/2018 3:46:04 PM,8089fc0d-d5dc-4c8b-a477-37166dfa6e0c,180409596.180222,98809.4588352336
2276,5,5,011,55011,,,rpa,11/15/2018 1:30:25 PM,1ade529e-5e2d-4971-ba18-0e6ce77f9736,1082496.73153687,5143.40247869892
2277,3,1,030,31030,,,rpa,11/15/2018 1:48:03 PM,1bf22c66-583f-4658-899f-5e8c2d6f3eb9,347836.805175781,4009.54188813075
2278,3,1,032,31032,,,rpa,11/15/2018 1:48:08 PM,de46f89e-9241-4839-84db-fe9745efeb44,441987.47296524,3580.74065114143
2279,3,1,031,31031,,,rpa,11/15/2018 1:48:23 PM,7d3f67b6-65c3-4dd6-afde-1bbdfefadcf3,589128.863769531,4230.68891768946
2280,9,5,049,95049,,,rpa,11/16/2018 3:04:35 PM,84d4ae07-ef59-473c-aca8-a7c1f9f48847,17237283.1693726,57252.4681949765
2281,1,1,024,11024,,,rpa,11/19/2018 12:06:20 PM,c7bb3e64-46c2-488b-b2bc-d5fd918e30b8,734389.039848328,3579.05826024263
2282,6,7,010,67010,,,rpa,11/15/2018 3:35:25 PM,e42d9890-dae9-48e9-9104-6de9c3600df9,530672.622024536,4018.82575835648
2283,9,9,076,99076,,,rpa,11/14/2018 4:10:45 PM,06febb2c-a039-468a-882c-2e1672e4118d,8060805.13959503,31639.8225014356
2284,9,9,049,99049,,,rpa,11/14/2018 4:11:05 PM,f31e90d5-21c4-49ce-b887-153276f231e1,1089263.07974243,4384.67205311085
2285,6,6,027,66027,,,rpa,11/15/2018 3:35:25 PM,0030cd3a-f25a-4781-b8a5-2170de25628c,7076734.46875,13233.5394592782
2286,9,8,026,98026,,,rpa,11/16/2018 9:43:18 AM,1de0d6c6-c297-4037-bef1-b9e5e77a2eb8,675464.346366882,6767.36259881639
2287,9,9,004,99004,,,rpa,11/16/2018 9:49:27 AM,f7999da7-d0a4-4299-85c8-64e53e6320f7,310975.412368774,3309.79624417384
2288,8,9,009,89009,,,rpa,11/15/2018 4:05:54 PM,89dd2ad6-5a91-471e-b3df-6afb409e03ca,1254938.20172882,6830.89556781983
2289,1,7,034,17034,,,rpa,11/15/2018 1:50:50 PM,3c095328-cc29-46c6-820a-44d28964e784,422467.845741272,3050.69135749508
2290,1,3,033,13033,,,rpa,11/15/2018 1:39:33 PM,d46ef583-8caa-4c5c-9a10-96a104e9eb1e,863632.145652771,4173.48725423121
2291,1,4,011,14011,,,rpa,11/15/2018 1:36:26 PM,b1070715-5c70-49ea-8966-1f0c42a6c43f,1358619.15776825,4813.49037663507
2292,1,7,035,17035,,,rpa,11/15/2018 1:50:54 PM,f75f6192-104d-4d76-9873-f2548b50a0ba,409534.804801941,3045.53406849957
2293,1,3,006,13006,,,rpa,11/15/2018 1:39:51 PM,867d88a1-d252-4720-8585-6e7d6d55e3b1,653123.543670654,3485.49132923874
2294,2,3,009,23009,,,rpa,11/15/2018 1:51:03 PM,d3a4f144-2a07-4bac-b4e1-a02d21b7ff07,2166545.34515381,6028.72382165741
2295,1,3,024,13024,,,rpa,11/15/2018 1:39:59 PM,c4a67f2f-d795-446b-8723-a7cc1fea7ed8,1295289.67397308,5021.96033072437
2296,1,4,022,14022,,,rpa,11/15/2018 1:36:22 PM,b0d3cd9e-261a-4024-a5d2-b65d41dea3c1,1839595.02168274,6028.22367066912
2297,6,9,001,69001,,,rpa,11/15/2018 1:51:53 PM,87fae80f-1d48-4379-b6f9-6aece15d6355,34528025.7245026,57598.7042899799
2298,1,4,013,14013,,,rpa,11/15/2018 1:36:48 PM,4ed41921-223c-4ece-8290-bee3b354b0ee,1388904.29864502,5215.29120737509
2299,6,9,002,69002,,,rpa,11/15/2018 1:51:55 PM,33d71c71-5093-48e4-997a-4d8f7361b5f0,2530103.5655365,13015.7966797294
2300,2,4,034,24034,,,rpa,11/15/2018 1:36:55 PM,e8cd8f1f-15bb-4c97-85d1-da71bc7206f4,995873.526763916,9876.86805234286
2301,8,4,002,84002,,,rpa,11/15/2018 3:46:17 PM,4284b82f-d05e-45fd-8bf0-ce004728f382,44479072.6126556,45914.5952562283
2302,2,6,010,26010,,,rpa,11/15/2018 1:37:02 PM,934a2466-6f9c-4dea-b00f-d2f86baee9b0,543338.125335693,4146.97818541584
2303,3,3,014,33014,,,rpa,11/15/2018 1:52:06 PM,0c1af8da-6c5c-4994-9471-393c1e088762,964554.565406799,4601.65577202229
2304,3,5,004,35004,,,rpa,11/15/2018 1:52:30 PM,d2c04448-26cd-4dcd-bf0e-ff3a0f90e6ef,856283.438697815,3745.31958657119
2305,8,5,027,85027,,,rpa,11/15/2018 3:52:59 PM,1cfd5cc2-a0e9-405d-9e02-3e00b4ac3fd6,539836.961547852,5147.83624260342
2306,3,5,002,35002,,,rpa,11/15/2018 1:52:38 PM,fbeb00f9-86e7-4ca4-b950-190c4dcf3ecb,840632.600074768,4405.24340896483
2307,8,5,010,85010,,,rpa,11/15/2018 2:49:23 PM,438652e2-153b-4a4c-a80a-43a38c395bea,951827.610534668,4178.45412737511
2308,8,9,004,89004,,,rpa,11/15/2018 4:03:37 PM,f3d6f28f-c348-4b2a-a12d-32a2512cc595,2903971.79737854,6913.09389016323
2309,5,4,006,54006,,,rpa,11/15/2018 1:37:11 PM,b63e41f2-4aec-45ec-946d-4aea8a072b0b,103741405.990616,51427.1670812765
2310,3,5,019,35019,,,rpa,11/16/2018 10:42:40 AM,65ae5762-7f02-4ee4-96cd-d4a97e7c7660,695188.891716003,3481.40219518594
2311,4,5,012,45012,,,rpa,11/15/2018 1:37:25 PM,d7cddeef-ee1e-439c-a7ff-599d85d26d15,956463.66734314,6312.64460460659
2312,3,5,044,35044,,,rpa,11/16/2018 10:37:39 AM,eb4e1f75-4a2f-4695-988d-03ce528570ae,510248.396968842,4150.64499305345
2313,1,3,040,13040,,,rpa,11/15/2018 1:38:45 PM,63ebaa57-07ce-4d1f-a8f3-ffe278723195,733879.584434509,3439.83266408981
2314,3,9,029,39029,,,rpa,11/15/2018 1:37:31 PM,355b46eb-2b82-43bf-a036-b94f754bd367,863242.306945801,4942.89035911659
2315,3,9,030,39030,,,rpa,11/15/2018 1:37:39 PM,8d59f839-1cdb-4755-9be3-e1cfbc07d3a6,710188.100410461,5117.83339738823
2316,8,5,013,85013,,,rpa,11/15/2018 2:56:12 PM,5e7d6d43-8715-412c-88b1-fe3cfa7c689f,791636.417541504,4340.24095861516
2317,4,6,012,46012,,,rpa,11/16/2018 1:46:15 PM,41e4e8d5-5e61-46e6-8a67-0aa2aa869dd7,1261143.96113586,5185.70203467052
2318,8,5,019,85019,,,rpa,11/15/2018 2:49:22 PM,22be9728-ef2e-43f7-9f6e-ceb44e242183,8368301.35728455,23895.9960772264
2319,8,5,026,85026,,,rpa,11/15/2018 3:54:27 PM,8cc3e21e-6ff8-43e5-826a-ec742597b951,546107.528274536,4458.24304225441
2320,1,3,004,13004,,,rpa,11/15/2018 1:40:43 PM,2a1f86dd-e5f4-4776-aa9a-f4e86e26a69c,951000.631004333,4099.34738948975
2321,6,6,013,66013,,,rpa,11/15/2018 1:41:53 PM,4c44d396-51b9-4a94-9b56-334e909778ae,505219.798233032,4981.93887389615
2322,9,4,056,94056,,,rpa,11/7/2018 11:15:04 AM,f77b38a7-b750-4362-a341-657b85552bee,1190696.43637085,6133.2135915097
2323,3,3,011,33011,,,rpa,11/16/2018 10:28:04 AM,0178404d-a508-447f-83b4-c48c562b72a7,885074.463363647,4010.8860790041
2324,9,9,055,99055,,,rpa,11/16/2018 10:00:59 AM,71eb1a0c-04b2-4551-b9af-2e36e989f5e8,721458.885795593,4678.33709881922
2325,1,3,038,13038,,,rpa,11/15/2018 1:40:52 PM,4e44e389-d47b-4274-9cd6-5e57c6220f7a,576287.168182373,3132.12253534344
2326,5,9,020,59020,,,rpa,11/15/2018 3:14:04 PM,21f7f772-3f9f-4dd9-8410-147dd1ac4893,578693.004425049,6110.75621604328
2327,1,6,006,16006,,,rpa,11/16/2018 10:12:57 AM,2620418a-77a4-4cc7-893e-6ed7051be7e2,1132587.78453827,4976.45286502449
2328,8,5,035,85035,,,rpa,11/15/2018 3:04:22 PM,07970412-0b7e-46a5-8e18-1dd4efc46edf,1017042.44326782,6120.49082941767
2329,9,4,046,94046,,,rpa,11/7/2018 11:15:06 AM,59c9fc64-980d-4f46-b61c-8b44ba45d56c,990470.332702637,5728.75058225338
2330,3,5,015,35015,,,rpa,11/16/2018 10:33:51 AM,2aa91a2e-7906-4067-83d2-1d91ed0b9cd6,605086.747661591,3167.76562660998
2331,3,2,041,32041,,,rpa,11/16/2018 10:31:57 AM,d35b783f-fe20-4525-8684-ab370e5bc549,493729.83298111,3147.3325425248
2332,3,5,025,35025,,,rpa,11/16/2018 10:38:34 AM,d65ea011-11f4-41fd-8948-ea416e250dd8,655781.049415588,3651.77077173698
2333,3,5,042,35042,,,rpa,11/16/2018 10:44:37 AM,32484725-6d71-48fc-8d23-17545e6d7430,1015094.63238525,5447.6050861433
2334,1,2,017,12017,,,rpa,11/15/2018 1:41:11 PM,e2daa2e6-e2bc-4988-859f-cef6ad7d9d7e,608291.299171448,4649.2691001225
2335,1,4,018,14018,,,rpa,11/15/2018 1:41:25 PM,088c046f-48ac-4655-bde6-93fdeb489898,83679574.8173218,58953.6948527522
2336,9,4,115,94115,,,rpa,11/7/2018 11:15:03 AM,d49b0f51-3f72-4d6b-9ec4-b5f2f177041d,6662552.18502808,26726.1585669319
2337,1,6,026,16026,,,rpa,11/14/2018 7:44:03 AM,a7cbabfb-a0e3-4ea2-aaad-ef281ac0beb4,638779.170303345,3372.22398159982
2338,3,2,040,32040,,,rpa,11/16/2018 10:30:08 AM,b028a19a-8188-4686-bf7e-92ce7c26ba88,636198.10251236,3299.20185655419
2339,1,6,017,16017,,,rpa,11/14/2018 7:44:04 AM,4a05c94c-21f2-4be9-a1b3-7361771e084a,551374.325027466,3205.86162815527
2340,3,5,017,35017,,,rpa,11/16/2018 10:39:35 AM,79ea7499-fb3d-433e-8c4d-5fee017b625a,3393184.87735748,8593.17903300996
2341,4,5,064,45064,,,rpa,11/15/2018 1:42:38 PM,ad8c204e-eb92-4841-ac8c-b95300ca27e0,469152.121307373,3421.96208335602
2342,9,9,074,99074,,,rpa,11/16/2018 10:01:10 AM,3432234b-d9be-455b-a023-3c5a6a410f84,801661.1977005,3774.14235086726
2343,4,5,042,45042,,,rpa,11/15/2018 1:42:50 PM,7c7f4740-7207-4ab5-b8af-c07e91960600,39942008.5967178,32279.4953852334
2344,1,5,040,15040,,,rpa,11/21/2018 3:47:09 PM,45f4dbdf-f21e-474f-b45e-67575439ee20,376819.425186157,3839.02362323707
2345,5,8,003,58003,,,rpa,11/15/2018 3:20:49 PM,ed1603c7-9c9a-4262-adc2-f3d8dfb70d79,780579.56817627,3806.04673930582
2346,3,7,001,37001,,,rpa,11/16/2018 10:57:14 AM,e72d11d4-a098-47f9-acf9-9bfbfe955368,501526.111122131,5566.21676139843
2347,1,6,014,16014,,,rpa,11/14/2018 7:44:02 AM,92eda5fc-8412-4eb2-981c-f264befa9ddd,465853.459716797,6589.83859728069
2348,2,1,042,21042,,,rpa,11/16/2018 10:19:04 AM,62ad357b-5e58-4bcb-85da-a679c2790ac8,994352.877082825,4382.29448611804
2349,1,6,005,16005,,,rpa,11/16/2018 10:13:18 AM,1f4a82e8-56b4-4f29-8443-81ad9dfae478,909893.520172119,4171.64161138781
2350,9,7,085,97085,,,rpa,11/16/2018 11:37:46 AM,01f7f5b3-fc78-49b7-9fde-cd6a592a07c8,619789.328872681,4568.38330918065
2351,1,1,062,11062,,,rpa,11/16/2018 10:06:42 AM,df66c416-208c-47f6-8b96-830d8c6573dd,750474.276542664,5846.09742128668
2352,1,6,002,16002,,,rpa,11/16/2018 10:11:13 AM,b225d029-937f-44a4-8e13-7003a4d06a3b,943339.403533936,4225.49872076158
2353,6,7,011,67011,,,rpa,11/15/2018 3:35:24 PM,5907954a-3838-4212-8203-ca516bbc86f5,871147.806610107,4820.8184750749
2354,9,9,005,99005,,,rpa,11/16/2018 9:52:00 AM,df506666-d144-4307-a9d7-b299dabc38b5,2880980.32019806,14314.5698922381
2355,9,9,068,99068,,,rpa,11/16/2018 9:52:56 AM,f6729e4b-e3b6-4ea8-92b4-ce8ad8cbf244,567803.381065369,4115.09816658935
2356,9,7,041,97041,,,rpa,11/16/2018 11:37:46 AM,f8245d0e-5d45-42b4-b4aa-6e82a1a5126e,1054790.67977905,5321.07496575735
2357,4,4,001,44001,,,rpa,11/16/2018 12:35:44 PM,2c01d8f8-0ede-4209-bf6c-914658d5735f,476274.276657104,3826.03583261248
2358,4,5,040,45040,,,rpa,11/16/2018 12:50:01 PM,30ad2f15-3681-4d7f-a9f5-773beeab72f0,742327.25239563,6773.83851031006
2359,4,2,017,42017,,,rpa,11/16/2018 12:41:41 PM,e6df76e8-06c2-43bb-a53a-648b50730d76,7007231.3833313,25053.4224874719
2360,4,1,018,41018,,,rpa,11/16/2018 11:21:10 AM,0378a2ca-ac65-4820-914f-6fecf6a0d21f,2800663.16053009,9955.96665158349
2361,4,2,004,42004,,,rpa,11/16/2018 12:23:40 PM,f63acc7c-1fa9-4d0d-b603-884305d5c293,7233523.39907074,36633.7252300607
2362,4,4,036,44036,,,rpa,11/16/2018 12:43:39 PM,4e033d1b-3847-44dd-92aa-53a0516fdb27,987806.608627319,5484.08541067166
2363,4,2,090,42090,,,rpa,11/16/2018 12:22:31 PM,1d03b72f-d48c-42a0-bf92-782ba1e8ee07,1308499.1629715,5920.66876003456
2364,4,1,025,41025,,,rpa,11/16/2018 11:23:18 AM,389825e3-2577-468f-8b52-5c5f097266c5,7192046.65131378,13187.6127100156
2365,4,5,037,45037,rpa,3/23/2016 8:50:13 AM,rpa,11/16/2018 12:58:23 PM,37fb5a92-e20e-4fb6-bfa6-a4eec9b8c4b2,1344204.13761902,10834.4509735457
2366,1,1,002,11002,,,rpa,11/16/2018 11:51:13 AM,e6640acb-db2b-4e98-8c41-6ddd973e736a,54914028.9709625,49641.9549767334
2367,1,6,027,16027,,,rpa,11/21/2018 9:16:36 AM,61207c62-112d-4078-acce-86352d264126,1100486.72779846,5403.69892720878
2368,4,2,089,42089,rpa,5/31/2016 2:39:31 PM,rpa,11/16/2018 12:20:50 PM,447275d7-7bc7-427a-a9a8-efb59440e4b0,1136454.54261017,4799.93891994505
2369,9,8,047,98047,,,rpa,11/16/2018 11:37:47 AM,ad671b01-ad3b-4aa3-9cb9-6040725b812e,639406.326553345,3375.29861090885
2370,9,7,084,97084,,,rpa,11/16/2018 11:53:40 AM,0a5ea38f-3e5f-4c4d-bce1-16598397afa0,954709.444580078,4624.80034231823
2371,4,6,032,46032,rpa,11/16/2018 1:29:33 PM,rpa,11/16/2018 1:48:32 PM,9c3dc561-d8b0-4352-87d8-2f036eb0ba3d,336919.190292358,3078.38835125453
2372,3,1,020,31020,,,rpa,1/7/2019 3:07:24 PM,82075d63-9e74-4384-92a3-8383c27b6353,917142.919883728,3738.14133123354
2373,4,6,017,46017,,,rpa,11/16/2018 2:04:58 PM,c2a515de-bf74-470d-9a28-1115264c49be,2375970.72668457,8298.92891976944
2374,4,6,027,46027,,,rpa,11/16/2018 2:07:12 PM,0f954d8e-e6ca-4346-a804-d793f183310e,3923747.84954834,8762.26742989009
2375,4,4,015,44015,,,rpa,11/16/2018 12:41:39 PM,d97d2152-3d64-405e-a650-763182e4cefd,782815.742141724,4206.47811057266
2376,4,6,035,46035,,,rpa,11/16/2018 2:14:06 PM,17d12df5-454f-49ed-b157-1282051c2495,792400.181152344,5333.0859850576
2377,4,4,038,44038,,,rpa,11/16/2018 12:41:40 PM,7f314c13-bd22-4ded-94e6-b576da7ea8f9,1464958.60540771,5604.91009099247
2378,4,6,034,46034,,,rpa,11/16/2018 2:14:06 PM,87835ad5-17ce-40ea-99d8-bb73cbd470b0,902588.674972534,5560.04139288943
2379,4,4,013,44013,,,rpa,11/16/2018 12:43:16 PM,76d07442-e7bd-461e-9302-cfe65eea5814,3764757.18994141,13903.4682096394
2380,4,6,013,46013,,,rpa,11/16/2018 2:14:06 PM,be8d3032-a52b-4a15-b5e8-534776c20998,2925880.9413147,7933.40044635754
2381,5,1,010,51010,,,rpa,11/16/2018 2:38:19 PM,bc039423-5518-48d7-a68e-13f9c6f9f118,653805.608154297,3876.515768864
2382,4,4,014,44014,,,rpa,11/16/2018 12:41:40 PM,c7dcf929-bfbc-4bfa-9866-9086319c88c9,658504.733123779,4620.29646629853
2383,4,4,017,44017,,,rpa,11/16/2018 12:41:41 PM,babf309a-396b-4e19-aa28-efa914d52f91,1234584.1522522,4752.51424788492
2384,4,6,016,46016,,,rpa,11/16/2018 2:14:06 PM,74e18352-6dbf-45e5-8667-f05e161a9b79,30954090.53302,28617.4700071841
2385,9,4,109,94109,,,rpa,11/16/2018 2:56:46 PM,6eefd9bd-1109-4eb6-ae98-de8ff747cd02,600789.355834961,5081.2515294224
2386,8,9,008,89008,,,rpa,12/24/2018 3:20:03 PM,31dc4a5e-21ab-4ecb-8852-e5b52d66011c,100832543.542297,40795.1111937365
2387,5,1,002,51002,,,rpa,11/16/2018 2:34:25 PM,0c85eee5-c3f1-476f-84b6-0924ce57300d,964241.098083496,4645.89588623204
2388,9,5,023,95023,,,rpa,11/16/2018 2:58:44 PM,120cc15e-3ee6-4abd-ae60-42825ee5b94b,972431.24055481,5165.75811598272
2389,4,4,016,44016,,,rpa,11/16/2018 12:41:40 PM,73a46221-5bb3-40b6-b9dc-2ca8f157238c,408364.980316162,3262.51003313179
2390,3,7,013,37013,,,rpa,11/16/2018 11:01:20 AM,e7c87a43-aa0d-48ab-afaa-1d66046482e5,992303.749504089,4901.47750999514
2391,4,1,004,41004,,,rpa,11/16/2018 11:30:48 AM,4d6331a4-6304-42e2-8b81-9c36233ddb75,565910.439254761,3251.30753860351
2392,4,5,107,45107,,,rpa,11/16/2018 1:04:33 PM,6b32a187-2e92-4254-ae41-2ae0089efc5c,545744.593490601,3451.23087112114
2393,4,1,016,41016,,,rpa,11/16/2018 11:30:49 AM,0951cf85-e15a-4e90-86c8-b040e6a0ba1d,1878412.58010864,7627.38059045304
2394,4,1,031,41031,,,rpa,11/16/2018 11:30:50 AM,76717de3-fdcc-48bf-a7b0-47aaddaae44b,1575221.8734436,5382.93613182001
2395,8,9,016,89016,,,rpa,11/16/2018 4:13:18 PM,1d9356d7-82ee-41f8-bd12-0a40dcdf1679,1367385.19915009,7114.51925199861
2396,8,7,036,87036,,,rpa,11/16/2018 4:14:50 PM,3bed7b7e-e1fc-4886-937f-c6a3735b6f5f,388726.931304932,2646.45184819649
2397,8,9,007,89007,,,rpa,11/16/2018 4:12:46 PM,2a67bb9a-0aa4-4457-85b5-5ecf44974ee6,28505349.2127838,51156.1211338444
2398,3,9,023,39023,,,rpa,11/16/2018 11:10:09 AM,37c2f5f7-90ea-44f2-b10f-d32316236023,1320774.84168625,5799.376839037
2399,4,1,019,41019,,,rpa,11/16/2018 11:38:14 AM,98bc8141-7b99-4e39-bdc2-448b457dc947,809321.230270386,4083.1917406426
2400,2,9,035,29035,rpa,12/9/2014 11:37:46 AM,rpa,11/16/2018 3:17:15 PM,011d1412-36e7-4c86-8aaa-1cc422e7e65d,869763.797050476,4724.43612180112
2401,2,9,034,29034,,,rpa,11/16/2018 3:17:16 PM,fa151a64-d2a3-4085-8f75-856145082500,744291.280662537,5045.03239946117
2402,2,5,019,25019,,,rpa,11/16/2018 3:22:15 PM,24098cd7-9bb9-4f8e-a4f3-569896c5964f,39414210.5695801,58252.1193506573
2403,3,6,008,36008,,,rpa,11/16/2018 3:40:49 PM,834e1b6f-e319-4471-9cd9-431f5aa71543,961619.620658875,4473.4842075915
2404,5,6,009,56009,,,rpa,11/16/2018 2:45:13 PM,6b9df8e4-adb4-4f00-a8f4-73deeaddfa58,1218023.30883789,6274.91447299596
2405,4,2,030,42030,,,rpa,11/16/2018 11:43:04 AM,c0582ab9-c066-4ecf-8e0d-4a920f89b157,1202829.59600067,4737.05822621122
2406,4,2,101,42101,,,rpa,11/16/2018 11:41:30 AM,ead199b5-049c-451d-b927-89d708fad353,651034.315612793,5639.09404286252
2407,4,5,031,45031,,,rpa,11/16/2018 12:41:41 PM,1d9b4cbd-2101-4e82-8cba-09d05a572c0e,1295690.72174072,5256.62594027182
2408,3,6,015,36015,,,rpa,11/16/2018 3:40:49 PM,2fe21e9a-2bca-4fd2-9c99-f64cd9ef3725,1197034.5088501,6163.1874977805
2409,9,7,034,97034,,,rpa,12/6/2018 10:39:32 AM,52fa871a-a3bf-4288-b4db-b816c685d1aa,559929.355873108,5207.33749514013
2410,2,9,031,29031,,,rpa,11/16/2018 3:23:03 PM,09550330-c89a-4ab9-804d-4ae8117e5f54,2064184.85302734,6245.54728456513
2411,2,9,057,29057,,,rpa,11/16/2018 3:27:37 PM,27e48549-3ed8-42c3-809d-6699aa54b0c7,731016.811836243,3491.80052086142
2412,2,9,018,29018,,,rpa,11/16/2018 3:22:54 PM,0b7a4aa3-074e-43fd-86e4-539c79496041,2772259.99131012,10064.9650083191
2413,2,9,027,29027,,,rpa,11/16/2018 3:27:49 PM,8f1546d9-cf85-4040-abe3-7c089af7ec7d,577371.499710083,3273.78439468404
2414,3,5,075,35075,,,rpa,11/16/2018 3:31:36 PM,0a1435a2-6b87-4d82-a298-4b29db0c653b,1618190.78076935,5981.20565453015
2415,2,9,068,29068,,,rpa,1/4/2019 3:13:30 PM,faea49f7-cfa3-47a5-9d43-e3dc5c132e70,732416.343688965,4475.45456143434
2416,3,6,013,36013,,,rpa,11/16/2018 3:40:49 PM,82855f6d-823b-4892-9369-1b65aea5f31c,1321020.70186615,5815.67110039643
2417,3,5,074,35074,,,rpa,11/16/2018 3:31:45 PM,b41a1418-ac74-45f3-83dd-16d48fc698ad,930772.850547791,4518.04740694288
2418,5,6,002,56002,rpa,12/2/2015 9:07:16 AM,rpa,11/16/2018 2:52:19 PM,3f69d201-5912-433b-a10d-30cc7986e590,51963475.8875427,52122.9884845747
2419,9,7,020,97020,,,rpa,12/6/2018 10:39:32 AM,5d6924ac-6ab8-44f5-a8c8-aec69f030ee0,884489.417205811,4381.99980695377
2420,4,4,018,44018,,,rpa,11/16/2018 12:38:57 PM,feafbcbf-42cc-454a-86c8-ef4ce9401da8,746144.653747559,3765.54545077958
2421,4,4,019,44019,,,rpa,11/16/2018 12:37:59 PM,b95b1e68-48f5-4f00-a142-0eb6434446a9,624467.274169922,3563.37775649015
2422,3,6,007,36007,,,rpa,11/16/2018 10:57:56 AM,4f2ba75e-fdc9-427e-bfd1-602180fb998f,468845.323829651,3490.62159475754
2423,3,6,019,36019,,,rpa,11/16/2018 3:33:36 PM,a4908127-69a1-473a-927f-9a81e1c42eab,1126806.48200989,8009.84396183111
2424,3,5,036,35036,,,rpa,11/16/2018 3:36:16 PM,698a495f-3eba-4a62-93fd-830811cb99dd,695202.632904053,3802.81004221716
2425,3,6,005,36005,,,rpa,11/16/2018 3:40:48 PM,be653f09-cdbd-46fe-9b84-e0a5c557f78b,1595905.59277344,5722.00222200335
2426,3,6,012,36012,,,rpa,11/16/2018 3:40:48 PM,a23290f6-fbfa-45af-ab95-801be60436c5,984964.603408813,4706.37251245258
2427,4,5,103,45103,,,rpa,11/16/2018 1:04:48 PM,c0e12812-95cb-4565-896b-54129a125f8e,2189925.5163269,9986.99884976075
2428,9,9,008,99008,,,rpa,11/20/2018 9:03:40 AM,32de353b-192e-401d-b44c-32dd1197c826,1870445.17246246,7514.9314607021
2429,2,9,033,29033,,,rpa,11/16/2018 3:17:15 PM,8c207ef5-5a09-489c-bce6-599f3c3ad28f,634935.485450745,6685.10358408398
2430,2,9,032,29032,,,rpa,11/16/2018 3:17:15 PM,05d4a09a-9f98-4aaa-8baa-0bd1eff199d7,652497.868896484,3668.44809887249
2431,4,2,039,42039,,,rpa,11/16/2018 12:27:12 PM,b02e55d5-a699-44e1-bc9b-13d1ead199f5,1134219.25634003,7052.31533813041
2432,3,7,019,37019,,,rpa,11/16/2018 10:52:03 AM,6bab5200-4399-4e80-8617-64e9d607151e,907661.821784973,5290.30573709163
2433,2,2,014,22014,,,rpa,11/16/2018 3:55:37 PM,647a7273-7303-43f4-a2d7-c21d3aef790a,613084.752532959,3957.57905178145
2434,9,3,001,93001,,,rpa,11/16/2018 4:05:26 PM,c1e1c7d1-4a8b-4bd3-b1b4-0e925175a124,3197296.97216034,8835.1119186398
2435,9,7,019,97019,,,rpa,12/6/2018 10:39:33 AM,5565ad45-7008-440d-a345-bb6e6309a1b6,1187723.31833649,6253.42647869903
2436,3,6,010,36010,,,rpa,11/16/2018 3:41:13 PM,d537be08-8e4a-4706-9c91-6988da1f80e3,1550574.18569946,5758.28562566367
2437,3,5,033,35033,rpa,11/16/2018 3:42:18 PM,rpa,11/16/2018 3:43:53 PM,75322028-f41a-4649-a195-713490baf574,810420.073410034,4008.85537867496
2438,3,9,019,39019,,,rpa,11/16/2018 3:47:17 PM,fbfec805-5d9a-4c3c-9141-04585272c7d2,6912987.18749237,19587.5279959667
2439,9,7,022,97022,,,rpa,12/6/2018 10:39:33 AM,71205eb1-80de-46f2-a072-e3fabd6e3375,683830.801696777,4109.89685563555
2440,2,9,049,29049,,,rpa,1/4/2019 3:13:30 PM,f08e407a-edb8-421f-8f70-f9d412c110ca,1286197.00338745,8745.69020650552
2441,2,9,054,29054,,,rpa,1/4/2019 3:13:31 PM,10f96229-947f-4693-b4ee-a3d63679fd9c,8412032.06401825,16177.7523187527
2442,3,9,102,39102,,,rpa,11/16/2018 3:47:18 PM,c898ecfd-e3c7-474e-ba9b-9a885d4fe770,653792.076553345,4682.91118579739
2443,4,5,026,45026,,,rpa,11/16/2018 1:19:13 PM,ef259950-7611-4f5c-88b6-1fba8401aab9,1049851.44804382,6484.19996993558
2444,3,9,031,39031,,,rpa,11/16/2018 11:08:11 AM,4a0f5f2c-3f68-4357-89e0-568d47c3098d,2257953.3425293,7369.16188134775
2445,3,7,022,37022,,,rpa,11/16/2018 10:52:50 AM,132ef37c-55f5-4456-830c-7544a6c7b704,949941.765960693,4545.44442991366
2446,4,5,076,45076,,,rpa,11/16/2018 12:50:00 PM,3028d09c-9c37-447a-9e76-181a827644ba,1031793.18725586,5006.57068616388
2447,4,5,080,45080,,,rpa,11/16/2018 1:10:02 PM,2aa6d8fd-a462-458b-adb7-ae5e2d3ec832,991832.124786377,4474.92906944592
2448,4,2,009,42009,,,rpa,11/16/2018 11:23:18 AM,612a65c5-3426-4900-93d9-553e7debd40a,13252654.0809402,30115.7949187634
2449,4,6,028,46028,,,rpa,11/16/2018 1:46:15 PM,efe97ccf-dfb6-457f-9b83-dfaf580bfa15,1278932.70578003,5718.07600377283
2450,4,2,010,42010,,,rpa,11/16/2018 11:23:19 AM,142f3f93-48dc-4adf-9595-e088cb2c8ae0,88445958.5534134,49779.2252904488
2451,4,6,038,46038,,,rpa,11/16/2018 1:24:22 PM,6ff819d8-8b60-43ff-b777-93e4f2f41e22,784748.09034729,4541.24527865951
2452,4,5,102,45102,,,rpa,11/16/2018 12:56:57 PM,5d3c705c-d7c3-42b8-90f1-a18af33d501a,641916.320976257,4090.84306196319
2453,9,2,038,92038,,,rpa,12/21/2018 7:29:36 AM,b8247aa7-177e-46ee-8447-822a2db2b765,665719.597496033,10228.7409187115
2454,9,2,039,92039,,,rpa,12/21/2018 7:29:37 AM,a7a09746-2228-4067-9d81-d3d1e1df7cd9,1578078.23439789,7597.37181522087
2455,4,5,096,45096,,,rpa,11/16/2018 12:50:01 PM,ffb51987-769f-4cd9-b690-891e0b09bc92,856188.589401245,4003.06390990145
2456,3,9,069,39069,,,rpa,11/16/2018 11:11:27 AM,356d86c3-cead-40d0-a243-800e60d884a7,668006.088382721,4839.07298060083
2457,3,9,109,39109,,,rpa,11/16/2018 11:14:29 AM,b3a2dd4f-f8c8-4b7e-837a-8e307934abfb,757486.768798828,4208.13902972674
2458,9,2,050,92050,,,rpa,12/21/2018 7:29:40 AM,f41962d6-6ecb-4ebd-9c54-8bf780851c83,82817694.5299835,44749.8182910012
2459,4,5,108,45108,,,rpa,11/16/2018 1:19:21 PM,aebecee9-5087-40ca-97f6-afe55dcc7bea,1219641.03334045,5687.20904957624
2460,4,5,081,45081,,,rpa,11/16/2018 12:50:00 PM,9ed5a31a-176f-4935-9eca-f84a1cdcb84a,620726.770965576,4076.16411628361
2461,4,6,029,46029,,,rpa,11/16/2018 1:47:30 PM,aef54f03-afde-4ca2-89e6-67b12fc6514f,1308832.07975769,6017.38559975188
2462,4,5,083,45083,,,rpa,11/16/2018 12:50:01 PM,407647e3-0c7b-42d6-b2a0-e154fc2df55d,670714.608016968,4217.01850959431
2463,4,5,085,45085,,,rpa,11/16/2018 12:50:00 PM,82852c08-7b0d-4232-9d3c-ddc05306b211,723088.506393433,4040.13655051079
2464,1,6,019,16019,,,rpa,11/30/2018 3:00:16 PM,b52289de-e701-4500-a6d3-9df72abc13f9,799134.297019958,3727.7279834249
2465,4,2,008,42008,,,rpa,11/16/2018 11:23:19 AM,3f33773e-0e8f-420b-b97f-34184c428e6f,27226723.7648773,25636.0608095432
2466,1,8,034,18034,,,rpa,11/30/2018 3:00:16 PM,4ad186a9-03c6-478d-8ece-0bdf52772ab3,691675.333427429,3924.32775319686
2467,4,5,087,45087,,,rpa,11/16/2018 12:54:48 PM,84bda9b5-b75f-4266-aa77-1a85e6b4c153,993358.479949951,4189.65431555033
2468,4,5,088,45088,,,rpa,11/16/2018 12:50:00 PM,b2265d9c-92ff-4752-b2b5-bbdda5c792d9,926361.517028809,4178.49002486495
2469,4,5,094,45094,,,rpa,11/16/2018 12:50:01 PM,96b244e0-a57c-4c84-9751-af00c68eddf2,553370.067474365,3787.24203654315
2470,9,1,029,91029,,,rpa,11/29/2018 12:15:31 PM,de8726bb-be47-420e-aa36-9666c22b792e,420370.815849304,3167.45691656382
2471,9,6,004,96004,,,rpa,11/20/2018 9:03:41 AM,0809b678-b337-433e-8f1b-f83fa92cbd68,93037779.9888763,51959.0256499596
2472,8,5,012,85012,,,rpa,11/19/2018 2:25:01 PM,b7f847b6-1fdf-4a48-b1bc-83becb4505d0,993436.667419434,5505.95500469759
2473,9,1,127,91127,,,rpa,11/29/2018 12:15:29 PM,58dbf56c-fe8d-4a34-95f4-454a341407c0,1032982.80213928,4384.42157937076
2474,9,1,075,91075,,,rpa,12/10/2018 8:34:46 AM,da7730d4-0b77-4521-9eeb-1efb19426857,11306850.773201,14389.0938623953
2475,9,4,012,94012,,,rpa,12/24/2018 3:20:03 PM,98a4be2c-4421-4167-ad17-e821a0a1a70c,34217392.7246094,33747.0242287299
2476,9,1,032,91032,,,rpa,12/10/2018 8:34:46 AM,529b738e-7599-4403-a65a-466ba207c26f,15446910.5439377,16395.0689166397
2477,1,5,039,15039,,,rpa,11/21/2018 3:46:00 PM,30ac064d-9433-4e90-a7c8-d2d194b49097,1232230.21595001,5518.53642284909
2478,1,5,008,15008,,,rpa,11/21/2018 3:52:58 PM,0578a926-74f2-404d-852d-dbeb3c2c3e68,613509.086135864,3793.23908594735
2479,1,6,011,16011,,,rpa,11/30/2018 3:00:16 PM,a4a8e8be-9664-49f8-a126-07ce9191bc9b,504650.574935913,3232.22864560537
2480,1,6,012,16012,,,rpa,11/30/2018 3:00:16 PM,130aa47c-cd95-4ba9-a83c-5eb536e66330,657058.328674316,3561.93227153542
2481,9,1,011,91011,,,rpa,11/29/2018 12:15:32 PM,bba59a23-015f-4e5b-83fc-08a93d4d746e,370555.505409241,3247.11019604033
2482,9,7,032,97032,,,rpa,11/29/2018 11:09:49 AM,f50fc823-8d05-4243-8c72-2b32fc6deaad,793952.58719635,4157.18932077663
2483,1,6,022,16022,,,rpa,11/30/2018 3:00:17 PM,efe9b996-3d24-41f2-b6b3-7aab4e35ae2d,27279725.7434311,35561.0965273532
2484,9,1,030,91030,,,rpa,11/29/2018 12:15:31 PM,4c3ede30-e80a-4238-b1d0-64ad9ddfa87c,470143.051818848,3142.03846532228
2485,3,4,019,34019,,,rpa,12/12/2018 10:59:06 AM,8ff2f38a-c3ab-45a4-89b7-57c65acc7677,1199046.02119446,4911.64260211705
2486,2,3,029,23029,,,rpa,12/12/2018 9:25:18 AM,0a7fa641-07ad-4341-b81d-e6661c58ca74,493416.980644226,2851.65675524087
2487,9,7,094,97094,,,rpa,11/29/2018 11:09:50 AM,de401917-19f2-4360-87b8-15916ae4c403,698066.036094666,3477.82837414906
2488,9,1,156,91156,,,rpa,11/29/2018 12:15:35 PM,9f583784-a8c7-449f-bc9f-2c4cd6a803f4,694053.532585144,9150.1834003585
2489,9,1,012,91012,,,rpa,11/29/2018 12:15:30 PM,7f3eecba-0714-4395-8808-f193fc7be7ad,4489985.77960968,13621.5282167609
2490,1,1,023,11023,,,rpa,11/19/2018 12:06:21 PM,a9ae6597-17f3-4ee7-b98b-83abf07511d6,796192.792396545,4509.82418904999
2491,3,3,012,33012,rpa,10/10/2016 8:42:31 AM,rpa,12/12/2018 3:12:08 PM,b4fc78b8-72a4-4493-8d8b-2efd75937a67,1056493.92858887,4206.32689540971
2492,9,1,170,91170,rpa,2/27/2017 7:49:55 AM,rpa,11/29/2018 12:15:34 PM,9e3de7f1-6711-44f8-b26e-9e30ebd6cebb,1441910.58359528,6898.32938190901
2493,9,7,067,97067,,,rpa,11/16/2018 1:33:14 PM,982b4663-5cf1-4af3-a1c3-7f9316495cb5,568398.167755127,3990.96428471834
2494,9,7,082,97082,,,rpa,11/16/2018 1:33:15 PM,9e962e4e-4b2c-4ccc-9381-f54c6d6df70a,1592274.36053467,5100.45538065125
2495,9,7,064,97064,,,rpa,11/16/2018 1:33:16 PM,ae326f3b-998c-4aa5-8a85-31b0bd096c45,971637.875595093,3895.34996758006
2496,1,1,022,11022,,,rpa,11/19/2018 12:06:21 PM,caeac387-f7ce-4119-94a0-2605972f10cf,1084497.05233765,4402.71857881969
2497,1,1,020,11020,,,rpa,11/19/2018 12:06:21 PM,baa20429-662d-4776-b6d3-c469a5167bd5,447150.183456421,3420.07229895932
2498,1,1,011,11011,,,rpa,11/19/2018 12:06:21 PM,2cd82176-8f2f-4877-a95f-599b55ee2d8c,21853440.7256088,20763.3405012154
2499,4,7,037,47037,,,rpa,11/26/2018 3:10:41 PM,e1977b3d-cb8c-4116-a8d8-b1a02a3a5a1a,3038604.66784668,8740.25852938361
2500,9,1,026,91026,,,rpa,11/30/2018 11:49:16 AM,16cc12d6-2cb7-435c-970c-9dd7afd573d3,11194519.9648438,14766.3983478175
2501,9,1,074,91074,,,rpa,11/30/2018 11:49:15 AM,599e2248-2e8a-41a4-a424-080845385eb4,3271726.72795868,8907.14435316773
2502,4,7,028,47028,,,rpa,11/26/2018 3:10:40 PM,9b8365fd-9b9b-4a9c-b881-2d22577584d6,2635732.79290771,8124.63689652252
2503,4,7,003,47003,,,rpa,11/26/2018 3:10:41 PM,fd8d6854-2bd0-48d6-9eda-2ad2700f019e,746942.635147095,3874.22593335025
2504,1,5,010,15010,,,rpa,12/4/2018 9:10:37 AM,bfcd2bed-f399-42ff-81ef-66860235ae4b,941791.111915588,3969.2948509117
2505,4,7,002,47002,,,rpa,11/26/2018 3:10:40 PM,068f4d04-8ab8-48db-862a-55154f3e1b79,2690417.95657349,8242.55111320175
2506,8,7,032,87032,,,rpa,11/16/2018 4:14:51 PM,b81d57aa-c880-44d5-9a27-3b65c533442e,673034.986221313,3378.10768371763
2507,4,7,055,47055,,,rpa,11/26/2018 3:10:41 PM,1db17b45-fa0f-4892-bcd9-5c79d9240723,1368917.78923035,5864.77371447418
2508,8,9,001,89001,,,rpa,11/16/2018 4:14:51 PM,67d48a98-a8b8-4b6f-a683-3edee02b7ada,2045713.59327698,8971.57751000099
2509,8,7,038,87038,,,rpa,11/16/2018 4:14:51 PM,dfac6bb7-64c5-4e40-bb07-ba29d1a505f3,414323.764610291,3320.95610614855
2510,8,7,031,87031,,,rpa,11/16/2018 4:14:51 PM,12d6a61c-75b5-4951-adc7-2a873077da0a,639582.161582947,3247.20339902283
2511,9,1,056,91056,,,rpa,11/30/2018 11:49:16 AM,13f6b69e-8b43-4b47-bd29-8226ad5db0b1,16296771.1580582,35114.3063279641
2512,1,8,035,18035,,,rpa,11/30/2018 3:00:15 PM,3a659e69-bfad-4b8a-b0a6-9ceaaf215fc1,418011.45539093,3028.12135245053
2513,9,2,023,92023,,,rpa,12/21/2018 7:29:36 AM,012f059f-54a0-48b2-99de-c4b6a19177b9,1134071.58879089,5327.96138188373
2514,9,2,019,92019,,,rpa,12/21/2018 7:29:40 AM,05e0f8e1-382e-413c-ab92-ca2880a33d9e,24452957.7071075,87497.8295590761
2515,9,1,015,91015,,,rpa,12/28/2018 8:24:34 AM,cd7d804b-9f66-4db8-a15b-78bdb56d4395,31780737.7402573,48813.8027399133
2516,9,2,037,92037,,,rpa,12/21/2018 7:29:37 AM,fd06980a-b28d-49b6-b7ea-5182e76cea9c,935351.13293457,11859.868105654
2517,1,6,015,16015,,,rpa,11/20/2018 11:55:38 AM,e6db9b3d-367f-48b2-92a9-229f991ce6a0,1079988.14834595,11331.0128365266
2518,4,7,022,47022,,,rpa,1/8/2019 9:34:01 AM,76afa291-4a4d-4652-8b30-00adfab8dc98,327371.036239624,2635.99695256105
2519,2,8,028,28028,,,rpa,12/3/2018 10:02:29 AM,b439fe0d-b21e-4030-b679-2d887478f529,455626.597061157,3140.05599496392
2520,8,6,003,86003,,,rpa,11/19/2018 8:29:06 AM,d1ad3d84-30e8-4bae-b685-cfd15b620202,28708547.798584,53768.5645349947
2521,1,5,036,15036,,,rpa,11/29/2018 11:09:34 AM,95a7da50-2e88-4778-915e-277801c42132,795766.232185364,5841.91694565265
2522,1,3,018,13018,,,rpa,1/4/2019 10:00:20 AM,e0afdfd3-339d-4a0c-864f-0410c881774c,278513.794570923,3299.40689507461
2523,8,4,024,84024,,,rpa,11/19/2018 8:29:50 AM,d41573ef-b1cc-49a9-b1bd-065bb6bca1dd,3269463.65184021,8753.77551630301
2524,4,2,038,42038,rpa,10/26/2016 9:56:27 AM,rpa,11/19/2018 7:59:00 AM,4557521a-c406-450c-85f4-b2f2936634ee,1452318.78089905,5753.75037250683
2525,2,7,030,27030,,,rpa,12/3/2018 10:02:29 AM,310c6152-4edd-4b11-97a3-5858123f7508,595837.336517334,3491.6103594823
2526,3,2,017,32017,,,rpa,12/4/2018 11:11:54 AM,8750015e-2ff8-4890-86c9-141f407a3fca,581896.563064575,3092.39244983636
2527,8,7,035,87035,,,rpa,11/16/2018 4:14:52 PM,326c9708-7c8b-4c62-a343-9585edf2192f,1108484.42799377,5713.93386728566
2528,8,7,033,87033,,,rpa,11/16/2018 4:14:53 PM,18c939c6-36fd-4296-aeaa-bce7b7eba8e8,1003365.24498749,5691.22322076934
2529,1,5,013,15013,,,rpa,11/29/2018 11:08:51 AM,496cdb0c-6060-43e7-bfbc-af7abdb244e4,1020949.83515167,4719.66975195764
2530,1,5,037,15037,,,rpa,11/29/2018 11:10:17 AM,23c8b93c-2f99-4dca-b69a-bd9a6e845d66,378393.519866943,2755.32579487066
2531,3,3,002,33002,,,rpa,12/3/2018 10:02:28 AM,2c539a20-e403-4909-af61-18dede8498cc,503465.128234863,6052.68549505391
2532,3,2,009,32009,,,rpa,12/3/2018 10:02:28 AM,42abe768-79fd-4a41-a53e-0478b5cbe0b1,282998.301879883,2191.93953484983
2533,9,2,051,92051,rpa,11/15/2018 4:20:19 PM,rpa,12/7/2018 8:58:16 AM,dca8164c-a6c0-44f0-9b67-94119c7df85e,12.4983139038086,90.8192165376272
2534,4,2,003,42003,,,rpa,11/19/2018 8:00:08 AM,aaaf624e-c733-43f5-86ee-3cc9e137ff81,12989875.4194107,21990.4799563942
2535,8,7,008,87008,,,rpa,11/16/2018 4:16:03 PM,bc7d1b81-d58b-43b9-bff3-889f97d11803,3319823.74949646,17968.6716280113
2536,8,7,044,87044,,,rpa,11/16/2018 4:16:23 PM,dcf5fed5-9704-4591-829d-5c6179b4f477,194215.292617798,1769.74348513429
2537,4,2,016,42016,,,rpa,11/19/2018 7:59:54 AM,5b28c56a-fd1e-47c6-94eb-2f5bba8ae949,29743001.5369873,24428.700722232
2538,2,7,029,27029,,,rpa,12/3/2018 10:02:29 AM,57f59f40-6d28-479b-96b7-c66c1318ed02,284055.062278748,2262.58607541147
2539,3,3,001,33001,,,rpa,12/3/2018 10:02:30 AM,b6a34dc3-6670-489b-84c3-deb7bb4e6740,3613789.44445801,12485.278944794
2540,3,2,001,32001,,,rpa,12/3/2018 10:02:31 AM,de605c80-3934-4a42-bf94-f0d0e3accb67,718907.861236572,3447.14012425924
2541,1,1,025,11025,,,rpa,11/28/2018 1:35:55 PM,49224687-d3f5-48d5-86e7-f02976133773,832083.73412323,4450.14741549447
2542,1,5,038,15038,,,rpa,11/29/2018 11:10:05 AM,a9e2b2ae-1e31-421d-bf0f-bd8b5f98711d,1598499.30419159,5455.60173553594
2543,2,9,055,29055,,,rpa,1/4/2019 3:13:29 PM,c480616e-d764-48fa-8fd6-9ac201e8b7c5,66461583.629921,63412.1142013191
2544,9,1,159,91159,,,rpa,11/29/2018 12:15:28 PM,77b708dc-2184-4263-956e-f644ef707c01,976611.025779724,4846.73301481674
2545,2,9,069,29069,,,rpa,1/4/2019 3:13:30 PM,d66d449d-91a2-4c1e-a0a5-76caa0557b35,1546824.78622437,6253.95398140513
2546,3,3,034,33034,,,rpa,12/14/2018 8:06:56 AM,d35f58ae-ad95-421e-9bfe-67321877c9ff,878436.691047668,3881.62310141732
2547,3,3,041,33041,,,rpa,12/14/2018 8:06:56 AM,87065c08-f8d1-4130-b07e-4773ac50c0a1,988806.125343323,4287.69295520764
2548,3,3,038,33038,,,rpa,12/14/2018 8:06:56 AM,af5478b5-bb75-40f1-9c1a-c4c91256871c,711882.608306885,3575.6354477861
2549,3,3,035,33035,,,rpa,12/14/2018 8:06:56 AM,6fdafad1-684f-48fa-9d2c-7e71e8fc5b30,402316.471366882,3007.32284593442
2550,9,2,036,92036,,,rpa,12/21/2018 7:29:36 AM,a5336074-5550-4a56-ab75-68b9f95c99a2,1129580.67739105,5244.97628112612
2551,2,9,051,29051,,,rpa,1/18/2019 3:33:58 PM,730ffc1e-6a2a-40bd-835c-82a11b2de583,3345706.0375824,8301.62545750597
2552,3,6,004,36004,,,rpa,1/9/2019 8:42:11 AM,1b687ce4-3dd4-4102-90c7-c97c0c23ba4f,67356941.9203415,62288.6627689362
2553,9,2,025,92025,,,rpa,12/21/2018 7:29:39 AM,57913226-a249-44f9-8f16-940aca196a06,1100187.24897003,5670.66782300731
2554,9,2,024,92024,,,rpa,12/21/2018 7:29:37 AM,8854dbd6-fe39-4337-a656-19bb81d30727,636365.434501648,5295.74571880458
2555,4,7,011,47011,,,rpa,1/8/2019 9:34:02 AM,c28fb3d4-f5b7-48a2-a8bb-2636607e2503,2311928.57592773,7028.11821341847
2556,1,3,019,13019,,,rpa,1/4/2019 10:00:21 AM,da27473a-9974-4e0b-bd16-e81da23ecd70,858987.910354614,3690.86521256861
2557,1,3,007,13007,,,rpa,1/4/2019 10:00:20 AM,72602229-ebec-461b-8da1-7c621934ff0f,648394.520843506,3618.68482943687
2558,1,3,017,13017,,,rpa,1/4/2019 10:00:21 AM,d524d3f9-7571-498a-b65b-d053577b3724,821129.608634949,3762.49363200942
2559,1,3,015,13015,,,rpa,1/9/2019 11:57:07 AM,60f5f1e0-a51f-41c3-9019-b987565f8699,602928.546043396,3627.53488653303
2560,1,3,016,13016,,,rpa,1/4/2019 10:00:20 AM,995dedd0-40ec-4b72-820c-d47ac3ef38a9,608712.897232056,3455.92130507289
2561,9,7,068,97068,,,rpa,1/9/2019 12:16:27 PM,6521c206-5781-4274-8c53-3e6198c0171e,672232.883911133,3292.76318048107
2562,9,5,070,95070,,,rpa,1/2/2019 1:05:07 PM,0947cd64-9e88-4e61-9b5f-95b88ddb42ff,716946.664154053,4275.72715638081
2563,2,8,018,28018,,,rpa,1/18/2019 3:49:00 PM,7c92dd92-98ab-42af-8301-d99761bb66f0,3168179.90187836,7254.10193313513
2564,3,1,043,31043,,,rpa,1/7/2019 3:07:23 PM,a8a69516-5120-4831-9999-661a5d0fbc88,7597042.67910767,13311.309077509
2565,3,3,049,33049,,,rpa,1/14/2019 9:32:10 AM,4ec56e02-3432-4bc0-88cf-aa12d008e03f,750737.375175476,3980.32311253269
2566,4,2,001,42001,,,rpa,2/22/2019 11:41:14 AM,2a70b013-7b55-4faa-839b-116ebc99deeb,2505233.22105408,6985.43324097022
2567,3,1,026,31026,,,rpa,1/7/2019 3:07:25 PM,0bfad6bf-e6c7-41e0-8f63-2fcc5193f4e0,600867.938739777,4685.04580016087
2568,2,8,023,28023,,,rpa,1/4/2019 8:48:28 AM,a5317efb-4a97-4fad-91e9-6a75af8c76c2,4863403.95388031,9497.27793532535
2569,5,8,001,58001,,,rpa,12/28/2018 11:37:13 AM,567bfc29-e449-4d75-8f12-b87087447ba1,10163427.0732727,14280.5263648333
2570,5,7,005,57005,,,rpa,12/28/2018 11:37:13 AM,53ca3ccc-09b0-4ab3-a643-5153f365d670,377141.793731689,4983.87721531493
2571,2,1,056,21056,,,rpa,1/7/2019 11:46:34 AM,05ab8390-6bc3-420e-9ac4-89077c19aaa8,453492.935264587,3253.34476202377
2572,5,7,003,57003,,,rpa,12/28/2018 11:37:14 AM,83546278-d411-4acb-9eef-26aca0964935,725889.945129395,4580.43061859303
2573,9,5,069,95069,,,rpa,1/16/2019 3:45:02 PM,d094f472-3f82-44dd-9db8-ba6c95f113aa,795678.015762329,4337.1483772696
2574,5,7,002,57002,,,rpa,12/28/2018 11:37:15 AM,5822a224-dbec-49b7-8b3d-c8b0c06903d6,77066758.3109131,42329.0642386151
2575,3,2,060,32060,,,rpa,1/16/2019 4:11:34 PM,086b6ce6-7dbc-468d-8558-eb7c931200d3,1200075.16827774,4516.58918483726
2576,3,2,045,32045,,,rpa,1/7/2019 9:19:45 AM,767fa6f4-0cbe-48af-b4d2-126b0968edd6,456337.249027252,2703.56027240181
2577,8,8,001,88001,,,rpa,12/24/2018 3:20:04 PM,1e988a22-b2be-4a1a-bdcb-f42c84ac1f77,343938575.842163,83518.4046948833
2578,4,1,013,41013,,,rpa,12/28/2018 11:05:19 AM,a2795d1f-f635-45c7-8576-4a02d2a7cb19,12023395.4911194,16403.2131707236
2579,9,5,071,95071,,,rpa,1/2/2019 1:05:06 PM,31e5e405-2ea1-4686-bb39-cde6f33bf5da,622493.314849854,4588.53734584851
2580,9,5,068,95068,,,rpa,1/2/2019 1:05:07 PM,3183e742-3035-4d99-a26f-92ba41f4d827,635761.702819824,3715.41848109989
2581,9,5,067,95067,,,rpa,1/2/2019 1:05:07 PM,aa40f330-bb71-4514-9bbe-12036ec14d51,568508.021774292,5205.94853977967
2582,9,5,075,95075,,,rpa,1/2/2019 1:05:08 PM,bb7d24d7-2a5c-40d3-ab98-759b2e0af70a,652143.660766602,4553.13666037093
2583,9,5,078,95078,,,rpa,1/2/2019 1:05:08 PM,3df206ea-dd0a-4b44-aeb2-0bae9436731a,757991.383651733,6374.71922540877
2584,9,5,002,95002,,,rpa,1/2/2019 1:05:08 PM,188104c0-8ec6-4be9-aa15-2e7cd3abcd04,38266924.0593262,97529.4542595872
2585,2,8,021,28021,,,rpa,1/4/2019 8:48:26 AM,0cbaa28e-b26d-44e8-ba06-331cf59dbd7e,503850.133132935,3833.96049107268
2586,2,8,014,28014,,,rpa,1/4/2019 8:48:26 AM,7761487a-67f2-4dfb-8464-06699826ec72,744516.547317505,3670.76684883699
2587,2,8,015,28015,,,rpa,1/4/2019 8:48:27 AM,bca85f1d-1b2c-4c6a-9b1f-815a82475257,764225.137016296,3501.34487463799
2588,3,2,047,32047,,,rpa,1/7/2019 9:19:43 AM,2b876bf0-f383-47a2-9c1b-cfe39754c636,578762.783790588,3144.71031889063
2589,3,1,010,31010,,,rpa,1/7/2019 8:20:55 AM,b1727c89-4a8e-4347-ac24-1b8e156cb646,832437.22542572,3899.90573765583
2590,3,1,011,31011,,,rpa,1/7/2019 8:20:54 AM,3da2c2fe-062d-4ce6-8582-68dd7de82896,513625.894451141,3681.10231699407
2591,3,1,015,31015,,,rpa,1/7/2019 8:20:53 AM,509144d3-6db3-42e0-bff3-3877574bb366,595981.427631378,3402.72240124605
2592,9,1,168,91168,rpa,11/17/2016 12:07:27 PM,rpa,12/18/2018 1:15:15 PM,3222e03c-4fa4-4bac-8c84-28a55969c0db,343609.850479126,2513.61203014724
2593,9,1,173,91173,rpa,12/4/2017 2:36:16 PM,rpa,12/18/2018 1:15:15 PM,0532a728-6c21-4575-9209-e19ab0234734,188060.382919312,1825.40869537328
2594,9,1,013,91013,rpa,9/26/2016 9:38:02 AM,rpa,12/18/2018 1:15:16 PM,9e607461-99d9-4a99-812d-f129e6e57c5a,162604158.25959,62130.6697269978
2595,2,9,060,29060,,,rpa,12/18/2018 3:11:22 PM,b69dd817-b5de-49af-9f2e-a9172955e65d,452958.25994873,2917.38704262364
2596,3,2,049,32049,,,rpa,1/7/2019 9:19:43 AM,fb5a38a0-7695-424a-9586-6f158d508bf1,685257.407531738,3408.35526864722
2597,3,2,053,32053,,,rpa,1/7/2019 9:19:44 AM,61581028-23ff-43b5-a7ca-afadc806b203,683591.171875,3402.72112718656
2598,3,2,044,32044,,,rpa,1/7/2019 9:19:44 AM,32064335-2777-4988-bcd0-a33476e91cbb,455756.123531342,2702.49657873756
2599,2,9,023,29023,,,rpa,12/18/2018 3:11:23 PM,82be8c81-dd63-411e-a9ed-7ada4dc58e1d,1317363.00652313,6429.00658568533
2600,3,3,056,33056,,,rpa,12/18/2018 3:11:24 PM,0b09ea26-c672-4211-b3b7-549e1cb53a3f,6527111.94561768,12218.0496079526
2601,2,3,002,23002,,,rpa,1/7/2019 11:46:33 AM,f88f79f2-b817-4d99-94ea-e7bd115b0314,1111800.66419983,4794.94364964453
2602,4,7,025,47025,,,rpa,11/26/2018 3:33:17 PM,109c6d57-6fcb-48b4-ba19-d9fe4865419e,1476572.06343079,6873.33716012953
2603,2,3,037,23037,rpa,3/24/2014 7:17:40 AM,rpa,1/7/2019 11:46:33 AM,1b3e541f-7498-435a-84dc-dd87f624f010,11977012.7877655,19997.1437871499
2604,2,1,053,21053,,,rpa,1/7/2019 11:46:34 AM,21bd0377-1acb-445c-96a6-d00608433d95,486401.968696594,3364.64455933053
2605,2,3,005,23005,,,rpa,1/7/2019 11:46:33 AM,c097baf1-9e35-402e-a765-fef38c6d5db5,882198.35005188,4361.97916661247
2606,5,5,003,55003,,,rpa,1/14/2019 9:14:44 AM,629fa5e7-bfa1-4bcc-bf0d-69e9bd7409b8,510594.893432617,5764.16647317016
2607,2,9,024,29024,,,rpa,1/15/2019 12:53:34 PM,329d76e2-34f9-43db-b49c-2e6edf594405,2311321.76815033,6813.61633702984
2608,9,1,053,91053,,,rpa,12/28/2018 9:24:35 AM,6362d73a-49f8-486b-82dc-6013ae47bd0d,967747.8697052,6019.2956994248
2609,9,1,052,91052,,,rpa,12/28/2018 9:24:37 AM,b5f6d325-6e57-4e3a-aede-255dce91634f,906110.380020142,5875.37204660902
2610,3,2,064,32064,,,rpa,12/17/2018 8:11:31 AM,4f070d0d-0872-4485-a068-2f2c04ebca33,786930.896179199,4152.45856035321
2611,2,8,019,28019,,,rpa,12/21/2018 8:12:24 AM,8c9fe036-1479-4294-9d2a-92d993d9e3f2,520553.349151611,4108.19874974768
2612,2,8,013,28013,,,rpa,12/21/2018 8:12:24 AM,98d4e330-e757-42ed-876a-bc1bf9fcd7e0,817307.172172546,3877.20565138206
2613,2,8,012,28012,,,rpa,12/21/2018 8:12:25 AM,89d238ee-9e8f-49d0-96b3-d322d3cd1d42,955503.815628052,3887.35463841947
2614,2,4,023,24023,,,rpa,12/21/2018 8:12:25 AM,efab9154-ce24-431f-a22b-d53e345fcbce,1070168.52586365,4302.53788224728
2615,2,4,008,24008,,,rpa,12/21/2018 8:12:25 AM,36da4da5-c5f5-467b-aa93-37f3ec79c6e7,508867.269569397,2926.75961873277
2616,2,5,001,25001,,,rpa,12/21/2018 8:12:26 AM,60a87476-3a77-4989-bc4f-1db040df4d9a,658470.862327576,3855.45379897261
2617,4,1,041,41041,,,rpa,11/16/2018 11:30:50 AM,fc24286f-0c1a-45c2-bfda-883b5d7f2c9e,421909.989173889,4215.25772851831
2618,2,5,004,25004,,,rpa,12/21/2018 8:12:26 AM,99c4cefe-35b2-46a6-bcd4-66141fe4fcd5,880363.22252655,4419.28575108861
2619,2,5,002,25002,,,rpa,12/21/2018 8:12:26 AM,29e17835-7b2e-45de-bdad-91a477bbf4db,527955.536491394,3197.75046745139
2620,9,4,144,94144,,,rpa,1/8/2019 2:22:53 PM,7f6b117b-eb3f-4184-88d9-0cf7e41661cf,546711.992736816,4768.71198129619
2621,1,1,072,11072,,,rpa,1/16/2019 8:00:29 AM,8d30bcfc-d276-4d33-8316-807186e391e6,2935325.08290863,21303.933012319
2622,2,3,038,23038,rpa,2/19/2014 11:11:10 AM,rpa,12/14/2018 9:57:19 AM,be813353-c08a-4afc-a008-a279beddc12e,2884298.13995361,9820.47607646716
2623,9,1,154,91154,,,rpa,2/11/2019 9:21:30 AM,87b65043-5247-4f9f-b852-5718a8be1167,834166.550346375,3979.36238055615
2624,9,4,025,94025,,,rpa,1/9/2019 8:15:11 AM,4a22737c-856a-4f8f-bfd1-b0cb1bfd1485,425666.063735962,4218.38856313824
2625,9,4,096,94096,,,rpa,1/8/2019 4:18:51 PM,56619e4f-f3d3-457e-9dd2-7a421df63593,1346504.82515717,4940.63580419575
2626,9,4,170,94170,,,rpa,1/9/2019 8:01:20 AM,482fd058-6d4a-4f28-af89-0f306c9df33f,829195.697181702,4642.87692842407
2627,9,4,007,94007,,,rpa,1/8/2019 4:18:51 PM,2f5dd291-5c48-413c-a04b-5e1a39463430,22964829.4858627,71811.5660566001
2628,9,4,010,94010,rpa,1/9/2019 8:13:08 AM,rpa,1/9/2019 8:13:08 AM,e63300b2-a3de-4115-8916-491d3998dc69,2957891.82878113,10361.0987970448
2629,3,2,056,32056,,,rpa,12/17/2018 8:11:30 AM,858cd3cf-98cf-425b-9a88-a7516a6ecdf2,677915.519504547,3386.94486580926
2630,9,1,184,91184,GIS_EDITOR,2/4/2021 7:35:07 PM,GIS_EDITOR,4/2/2021 2:06:23 AM,9be0069c-3331-4edd-bb58-2063a7f2361c,1388408.73734283,6225.84761776997
2631,4,3,013,43013,,,SDE,2/11/2021 12:42:41 AM,7b8fa4ac-5663-4e0c-bccc-7c4c1e4863fd,882489.861312866,4237.68921137214
2632,8,5,032,85032,GIS_EDITOR,3/3/2021 12:36:28 AM,GIS_EDITOR,3/3/2021 12:52:29 AM,4e019508-4104-4b69-ace9-ab62ee077e3f,873272.883895874,8822.01914972133
2633,9,4,161,94161,,,GIS_EDITOR,3/16/2021 8:39:26 PM,dce783ed-8896-4481-ad4d-3536f37a2912,1030751.2116394,4319.42771804204
2634,9,1,182,91182,GIS_EDITOR,2/4/2021 8:04:06 PM,GIS_EDITOR,2/4/2021 8:05:18 PM,846748ae-dce9-4d14-8f37-9e443f165269,13955167.1928024,57704.5048842836
2635,7,5,004,75004,,,GIS_EDITOR,6/8/2021 12:08:17 AM,5a0c80ea-6ce5-4235-af2d-39fb3de81797,938796.734527588,4025.94114303445
2636,2,8,022,28022,,,GIS_EDITOR,2/5/2021 7:48:14 PM,6122ce5e-7f19-4af1-a524-1f49f04f12c8,480298.894691467,2966.12236110186
2637,3,3,032,33032,,,GIS_EDITOR,9/24/2020 12:18:11 AM,65f8cf2c-8075-4816-85f4-8416d5c6c42f,641033.670425415,3924.10697256666
2638,9,7,086,97086,,,GIS_EDITOR,3/17/2021 6:48:41 PM,39587fee-e91a-46b7-8d5e-63107b9c927e,1313717.47341919,8041.15954056857
2639,9,1,018,91018,,,GIS_EDITOR,1/21/2021 7:41:14 PM,2132b6b1-39c5-4126-85ea-0dc779082dd0,29502083.494957,32689.9397169126
2640,9,8,055,98055,,,GIS_EDITOR,3/17/2021 6:56:27 PM,e551a7ed-9b46-4a51-8cd1-369e0c451b2c,789357.272994995,5303.85470136609
2641,5,5,001,55001,,,GIS_EDITOR,7/7/2020 12:32:17 AM,b0e40218-f49d-454e-bfdb-e7771ae3459a,9962606.34619141,53999.0684356999
2642,5,5,012,55012,,,GIS_EDITOR,7/7/2020 12:32:17 AM,922cd0fe-5f4c-4026-9237-5c0a5b13e09b,979621.107391357,9474.61347765209
2643,2,1,010,21010,GIS_EDITOR,1/8/2021 11:08:53 PM,GIS_EDITOR,1/8/2021 11:13:15 PM,e78cce96-91e3-419e-88b5-88e44f20d7b2,463239.037132263,2737.8139905084
2644,8,5,033,85033,GIS_EDITOR,3/3/2021 12:49:53 AM,GIS_EDITOR,3/3/2021 12:52:18 AM,14c71a59-53dd-4152-baba-692c0a8cad9f,1068237.90670776,14064.9410080833
2645,9,1,047,91047,,,GIS_EDITOR,2/4/2021 8:04:20 PM,ac3ef383-15ae-4504-b843-42a4a8c2d7fc,327589.884521484,6149.54060741181
2646,9,1,186,91186,GIS_EDITOR,1/26/2021 1:39:15 AM,GIS_EDITOR,3/3/2021 8:17:18 PM,9b47f3fe-07b8-47ec-b53b-57adda0d9140,2174173.44273376,6651.9833249993
2647,5,4,012,54012,,,GIS_EDITOR,8/28/2020 10:02:42 PM,993184fc-b0e9-4a81-9dff-43b28632ae82,695136.494094849,3246.06681736748
2648,9,1,174,91174,rpa,1/9/2018 11:34:21 AM,GIS_EDITOR,2/4/2021 7:59:37 PM,4a29977c-d2c5-45fe-8a19-ad2b20ba351a,311133.626792908,2416.62567538858
2649,9,1,051,91051,,,GIS_EDITOR,2/4/2021 8:04:20 PM,8ef42e9c-29b6-40b0-9822-dac948e2d33a,1009362.34962463,6051.92869611082
2650,5,4,004,54004,rpa,5/12/2016 7:41:14 AM,GIS_EDITOR,7/7/2020 12:32:17 AM,7c422139-fd91-4fd0-b47e-fc901af8a401,7847675.83456421,23978.9440250248
2651,5,5,005,55005,,,GIS_EDITOR,7/7/2020 12:32:17 AM,ef445494-c16d-4ab9-aa9c-66e166ba09ad,6806855.96896362,22861.6380937804
2652,5,2,005,52005,,,GIS_EDITOR,2/18/2021 7:33:41 PM,3fa18df4-1f68-4b5a-a1f6-7a4b72c5bd81,249340.138397217,22642.7770233982
2653,8,7,012,87012,,,GIS_EDITOR,1/21/2021 8:31:47 PM,9aa0af29-718c-4500-8fd3-6734fd4ea316,505124.90826416,2970.93232314304
2654,9,1,172,91172,rpa,9/26/2017 1:01:13 PM,GIS_EDITOR,2/4/2021 8:04:21 PM,a8719168-6524-4a20-94d9-5c4fb7bc49ec,715729.648193359,3548.65898002405
2655,9,1,085,91085,,,GIS_EDITOR,2/4/2021 8:04:20 PM,8f200480-4704-47a3-8eb7-88be9dd49b90,839024.268936157,3821.46420452357
2656,9,2,005,92005,,,GIS_EDITOR,7/10/2020 9:46:27 PM,dbe9bcf9-0e58-4305-9b9d-d20e070e215c,327969146.191078,139831.852349464
2657,9,1,101,91101,,,GIS_EDITOR,2/4/2021 8:04:20 PM,29158780-4ae4-4847-89dd-df9c4a77c4fa,821524.652763367,4916.11919950889
2658,5,6,005,56005,,,GIS_EDITOR,12/8/2020 8:54:21 PM,039c5bff-527f-4691-960e-607ad337e25c,58113518.1279297,37238.6592818835
2659,1,1,050,11050,,,GIS_EDITOR,11/13/2020 6:22:45 PM,6f906970-c9fb-47af-9968-7803f11980b7,555976.372764587,3796.70309132478
2660,1,3,010,13010,,,GIS_EDITOR,8/19/2020 9:10:01 PM,cc153f60-b053-41c1-8b0e-24b1167c77e6,623886.175605774,3999.23426338471
2661,6,5,002,65002,GIS_EDITOR,5/15/2020 1:45:42 AM,GIS_EDITOR,7/7/2020 12:24:07 AM,442234f7-aaf0-44be-9321-8900eaa91dff,75825788.1749115,87605.0095569557
2662,6,5,001,65001,,,GIS_EDITOR,7/15/2020 12:55:07 AM,b586970b-cbdf-4739-9626-d3bf44c306ee,46065295.6029816,49258.084576894
2663,9,2,045,92045,,,GIS_EDITOR,7/10/2020 9:46:27 PM,c900ce47-7c7e-4a8c-9b35-471b6dca6f06,64644372.0520096,63778.6015608567
2664,6,5,002,65002,,,GIS_EDITOR,7/7/2020 12:24:11 AM,dd3f15f4-7da0-4283-acbb-94af024d0d73,76711453.4462891,53621.9735041275
2665,2,2,045,22045,,,SDE,6/5/2020 8:34:30 PM,10ae4334-cc5f-4bb0-aec6-ac645a9d2b29,1256367.9145813,4960.15934247507
2666,9,1,061,91061,,,GIS_EDITOR,2/4/2021 8:04:21 PM,a042938e-c5ea-474e-ac87-087ab2b37578,3746515.90366364,10025.5131621921
2667,9,1,096,91096,,,GIS_EDITOR,2/4/2021 8:04:20 PM,30bdf4c3-6a7a-48ad-9958-88daae4ae115,1162201.66311646,5023.14319645162
2668,3,2,022,32022,,,GIS_EDITOR,7/1/2020 7:29:15 PM,21455b5c-0a53-4161-9452-ff0a425cff35,584618.125038147,3098.22950842189
2669,5,2,005,52005,GIS_EDITOR,2/18/2021 7:33:23 PM,GIS_EDITOR,2/18/2021 7:35:42 PM,1dfe0b0d-8304-4cf8-a7d1-8a46b35b06f4,1376100.86042786,21971.3105715862
2670,9,1,102,91102,GIS_EDITOR,2/4/2021 7:53:43 PM,GIS_EDITOR,2/4/2021 7:56:46 PM,f12af9ed-d9da-475e-be7e-3fba82fdc3f5,3421826.4462204,14773.3720933881
2671,9,1,033,91033,,,GIS_EDITOR,2/4/2021 7:49:27 PM,e956e438-a276-4afc-9efe-755595c8f720,860478.874588013,4213.80390677072
2672,9,1,002,91002,,,GIS_EDITOR,2/4/2021 7:49:27 PM,b3d72cd6-5cdc-4765-86ec-f28863c3a097,2552165.5568161,7265.17731566142
2673,9,1,103,91103,,,GIS_EDITOR,2/4/2021 7:49:27 PM,14e71fbf-c3a0-4649-a571-d9d67e1cb15c,1025323.92650604,5629.81327267769
2674,9,1,136,91136,,,GIS_EDITOR,2/4/2021 7:49:27 PM,da328a74-4268-4852-b6a3-aedfebb43fea,1894673.59990692,7903.38396365503
2675,9,1,001,91001,rpa,2/3/2015 3:19:37 PM,GIS_EDITOR,2/4/2021 7:49:27 PM,0f05d19b-4384-403c-8b9a-30c2462ebc40,95263968.1674957,51888.6854178768
2676,9,1,129,91129,,,GIS_EDITOR,2/4/2021 7:49:27 PM,4832d011-d75d-4ebc-831f-405da994372c,439425.933097839,2861.51667927159
2677,9,1,109,91109,,,GIS_EDITOR,2/4/2021 7:54:06 PM,f4bdb037-5705-4d70-9b55-098f77cb4da6,647488.754348755,3776.52782595569
2678,7,5,010,75010,,,GIS_EDITOR,3/12/2021 10:06:32 PM,6df6228a-92e3-4de1-b6f6-78d2b01b1d16,735266.053543091,3611.32969465615
2679,1,4,014,14014,,,GIS_EDITOR,2/5/2021 2:33:05 AM,30bd77f8-1d45-4bdc-a9ca-16709364b6e8,10930855.5564651,19341.8726768222
2680,2,1,041,21041,,,GIS_EDITOR,8/18/2020 6:54:55 PM,9eb53e51-a326-41d1-8a2f-c9f6f472bda2,407301.10369873,3017.46882492178
2681,7,4,010,74010,,,GIS_EDITOR,1/28/2021 7:49:44 PM,5cfe421c-7579-47fd-89ff-d9291d385942,845659.665557861,3957.61556565416
2682,9,1,003,91003,,,GIS_EDITOR,2/4/2021 7:49:27 PM,da729835-0ef9-4a4b-872c-8a78f361b384,802879.62651062,3659.31906135273
2683,5,5,013,55013,,,GIS_EDITOR,7/7/2020 12:32:17 AM,b26bef74-5538-4d87-bb6f-1b67058eefc1,1140020.29962158,6650.08296462599
2684,3,6,002,36002,,,GIS_EDITOR,1/22/2021 8:29:11 PM,d139607a-42a3-465b-bc62-147050b25e12,840082.812980652,4649.07999915188
2685,9,1,088,91088,,,GIS_EDITOR,1/14/2021 9:48:44 PM,afeb00ed-619f-4f36-9d4c-63658def59cd,3444699.74826813,12038.6435579565
2686,2,3,007,23007,,,GIS_EDITOR,6/29/2020 7:09:14 PM,2ec91dfb-66ee-4a77-bf7d-b5a72b24d055,505831.285522461,3311.83922872007
2687,9,1,160,91160,,,SDE,8/3/2020 7:01:06 PM,771bf171-044b-4a7d-aaa1-941537ada5e0,14466225.221344,46289.0534511442
2688,6,8,005,68005,,,GIS_EDITOR,1/28/2021 8:07:54 PM,38b24424-bef7-45ea-b4cf-03ef280219ee,507391.156433105,4895.69900452086
2689,9,1,169,91169,rpa,11/17/2016 12:09:15 PM,GIS_EDITOR,6/5/2020 7:13:08 PM,81ed93f5-d374-4dba-bbdb-9e59c043a9f3,559726.564918518,3622.72135990694
2690,5,4,019,54019,,,GIS_EDITOR,7/7/2020 12:32:17 AM,91962408-ddff-4daa-8a50-75754cbc215f,1035504.5537262,5044.89047646192
2691,9,1,179,91179,GIS_EDITOR,10/26/2019 12:14:27 AM,GIS_EDITOR,8/10/2020 11:41:39 PM,830bd7c7-bd12-43b6-9d98-e4cc741d9c4d,536642.386077881,3009.55255098199
2692,6,7,002,67002,,,GIS_EDITOR,2/2/2021 2:17:54 AM,b6bc51be-adc0-49ac-a17c-a2c8f431d107,80903743.5506592,42908.4085259967
2693,4,1,024,41024,,,GIS_EDITOR,1/22/2021 7:49:34 PM,73d4886c-4727-4d5a-abea-483055e85484,17453438.9275742,18888.3501816117
2694,8,9,006,89006,,,GIS_EDITOR,11/2/2020 5:27:33 PM,446fcd2e-b22a-4e00-859a-98f457a9df0d,2331886.36374664,8778.86212075362
2695,2,3,041,23041,,,GIS_EDITOR,12/25/2020 12:44:16 AM,c2d74529-76e6-4f2d-bac5-56e053db7589,274745.908843994,2444.86989645815
2696,4,7,061,47061,GIS_EDITOR,10/29/2020 12:35:35 AM,GIS_EDITOR,10/29/2020 2:21:06 AM,60eed876-fc4e-4e37-85cc-5a03d894fc19,1154454.74983215,6195.8169392623
2697,4,7,069,47069,GIS_EDITOR,10/29/2020 12:15:20 AM,GIS_EDITOR,10/29/2020 12:28:52 AM,9ff8a910-043b-495d-82c2-fb32d39f6623,1103452.68391418,8515.00451957161
2698,3,3,043,33043,,,GIS_EDITOR,1/30/2020 7:23:31 PM,d6e274b3-4851-404e-974f-424324e6bf5d,1129602.28458405,4267.53547133238
2699,3,3,033,33033,,,GIS_EDITOR,1/30/2020 7:30:24 PM,f4d71b50-04c9-4bd2-b5bc-898dadb2159e,941226.752166748,4194.78460401242
2700,4,7,062,47062,,,GIS_EDITOR,10/29/2020 1:54:13 AM,ff31109b-4874-4988-95de-0e92dfe099a8,489202.987609863,3496.39231492444
2701,4,7,060,47060,,,GIS_EDITOR,10/29/2020 1:55:50 AM,870ba9fa-efeb-41b7-8e81-652bd9de48c9,1118382.33792114,4741.01508791603
2702,8,7,026,87026,,,GIS_EDITOR,3/15/2021 6:33:15 PM,880712a4-e2ad-4556-8f5a-d489bb043e53,840135.516159058,4842.16298407662
2703,4,7,070,47070,GIS_EDITOR,10/28/2020 11:52:10 PM,GIS_EDITOR,10/29/2020 1:46:36 AM,a16779fa-2694-478e-ae66-f7abdb8709b2,467614.41192627,7125.68702325763
2704,4,7,056,47056,GIS_EDITOR,10/28/2020 11:54:57 PM,GIS_EDITOR,10/29/2020 1:55:50 AM,63185f15-6b62-4812-96d0-7300aa12796b,1123748.37635803,6523.41102347341
2705,9,1,185,91185,GIS_EDITOR,1/28/2021 9:22:04 PM,GIS_EDITOR,2/24/2021 2:14:50 AM,7f21304f-ea49-456b-aa90-0b1ef185ef6c,962261.603668213,8214.68404408962
2706,5,1,007,51007,GIS_EDITOR,2/18/2021 7:13:33 PM,GIS_EDITOR,2/18/2021 7:19:08 PM,e4b5a3de-f950-44d2-bb90-40bf7d57dfba,2400528.51249695,9835.3016453261
2707,5,1,001,51001,,,GIS_EDITOR,2/18/2021 7:19:08 PM,62c4074f-c221-4b62-91d9-d9c5211fa60b,7242359.50675964,18003.2012523468
2708,4,9,005,49005,,,GIS_EDITOR,2/18/2021 7:19:08 PM,ac5e8617-1a65-42c7-aa02-4ea2f0381e0f,6813864.74241638,12763.1790109354
2709,2,8,002,28002,,,GIS_EDITOR,10/20/2020 2:58:20 AM,ce035216-5341-49f4-a88b-0f28e6883584,588906.754447937,3101.76116380395
2710,5,1,004,51004,,,GIS_EDITOR,2/18/2021 7:19:08 PM,007af72e-69e9-4bef-adc3-98c22d3ad35f,23821270.094696,30529.554290201
2711,5,1,012,51012,,,GIS_EDITOR,2/18/2021 7:20:11 PM,b6b88dc2-7a46-4381-a287-4d62d5a73a70,394925.94682312,4170.01076824882
2712,5,1,014,51014,,,GIS_EDITOR,2/18/2021 7:20:11 PM,29f32d48-7afc-4e83-aede-4ccebb27c3c8,949764.6615448,7176.10523232215
2713,4,2,015,42015,,,GIS_EDITOR,10/22/2020 10:39:29 PM,44af0a89-a4ca-412b-abeb-45e16fe1bb0f,34929874.1199722,26331.4853802971
2714,1,4,016,14016,,,GIS_EDITOR,4/1/2021 6:03:20 PM,9cd76680-c020-47e1-bfbc-9ff02590668b,1224248.27733612,6385.3684753343
2715,9,1,021,91021,,,GIS_EDITOR,7/6/2020 10:16:22 PM,b95d88ed-9f86-49fb-ba4d-09768354d34e,565658.283203125,7244.66717462194
2716,9,4,099,94099,,,GIS_EDITOR,10/15/2020 7:43:10 PM,5e8382d5-d047-4808-b3d0-3ae942093685,3020098.44711304,8169.78320442313
2717,9,1,019,91019,,,GIS_EDITOR,7/6/2020 10:16:22 PM,a8b25f64-5f63-4642-a8dd-f45aff7b7c57,545507.536193848,8918.89178105231
2718,5,1,003,51003,GIS_EDITOR,2/18/2021 7:09:39 PM,GIS_EDITOR,2/18/2021 7:21:26 PM,db9b5004-ae65-4f62-a167-eacb8ec78a61,2041800.95732117,10361.6876507709
2719,1,3,009,13009,,,GIS_EDITOR,9/18/2020 1:55:49 AM,4c938e22-2e91-49d8-a35f-4f78b1ec767a,812008.351493835,4756.94855189419
2720,1,3,013,13013,,,GIS_EDITOR,8/19/2020 9:10:01 PM,bad89373-0699-4822-a80c-ff71e0613ddf,320202.404159546,3760.50222676921
2721,5,2,002,52002,GIS_EDITOR,2/18/2021 7:23:36 PM,GIS_EDITOR,2/18/2021 7:25:16 PM,1b64e76d-ca91-4558-a8cc-24fb4cf50841,51621316.2512665,45816.9682236428
2722,7,2,001,72001,,,GIS_EDITOR,2/18/2021 7:21:26 PM,0f092c36-232e-426e-bd8e-df615d28abc3,222544214.476242,93503.4723648936
2723,9,4,001,94001,,,GIS_EDITOR,7/6/2020 10:16:23 PM,4fc2c596-e525-4d3f-975b-e6e503de5c40,1785993.51716614,15814.5675544288
2724,5,2,001,52001,,,GIS_EDITOR,2/18/2021 7:23:50 PM,8a1f0ef6-6e81-4e15-a993-0a205482ad6a,59.8087310791016,3662.6961119267
2725,5,3,001,53001,,,GIS_EDITOR,2/18/2021 7:33:41 PM,bfb3871a-cd90-49d8-89e4-ec840a74600f,3362985.87931824,10516.2575222846
2726,5,5,006,55006,GIS_EDITOR,1/8/2021 11:17:15 PM,GIS_EDITOR,1/8/2021 11:20:41 PM,0328a6bc-9085-47be-b553-666e79344ff0,26393107.2319031,49065.3510676876
2727,9,1,087,91087,,,GIS_EDITOR,2/4/2021 7:54:06 PM,1d61557c-8571-4ed8-94c4-6d6c4330789b,1073919.65943909,4493.03483734419
2728,9,1,150,91150,,,GIS_EDITOR,2/4/2021 7:49:27 PM,139dbbc5-db42-4db6-bb66-1fd5de063174,556173.537940979,4100.79416951489
2729,9,1,144,91144,,,GIS_EDITOR,9/18/2020 1:14:30 AM,d9a6117c-5ea3-467f-b6aa-9e4f89aa7ca4,749717.280708313,3727.56021404724
2730,9,1,121,91121,,,GIS_EDITOR,2/4/2021 7:49:27 PM,f2ea4506-d931-4f8d-9e37-7dd71d79d30d,1099413.17464447,4722.37383784818
2731,9,1,141,91141,,,GIS_EDITOR,2/4/2021 7:49:27 PM,90cd8da9-d59e-4a95-8598-6efb294e30ef,1218001.75314331,5878.09476045874
2732,8,7,002,87002,,,GIS_EDITOR,7/1/2020 6:54:54 PM,50288abd-ed95-4d3f-b469-77d7f559b8af,542613.238647461,5280.62916021436
2733,9,1,100,91100,,,GIS_EDITOR,2/4/2021 7:54:06 PM,1a3d4dcd-8659-4126-885f-5adc2e3f00c5,695599.847206116,3615.11133407426
2734,9,1,132,91132,,,GIS_EDITOR,2/4/2021 7:49:27 PM,795a9779-68d8-4e01-bd6b-941a3e9b93ab,1767705.76245117,7682.02650939758
2735,9,1,089,91089,,,GIS_EDITOR,2/4/2021 8:04:20 PM,4b7145b2-143e-413a-974e-c270afa4f58a,853185.786102295,3813.57705170939
2736,5,9,003,59003,,,GIS_EDITOR,10/26/2020 10:44:56 PM,7932dbd5-381e-471e-9947-56dcca91664e,1694298.93008423,9902.57731547374
2737,5,5,004,55004,,,GIS_EDITOR,7/7/2020 12:33:10 AM,94be9fed-d39c-486b-97ca-c36345a41dfe,6140414,31405.6044070069
2738,9,1,046,91046,,,GIS_EDITOR,2/4/2021 8:04:20 PM,c7b6169e-f4dd-4269-bfae-aa63f8fbe213,664733.900718689,6225.0410177871
2739,2,3,034,23034,,,GIS_EDITOR,7/31/2020 9:37:35 PM,aab80711-4683-4250-a449-4fcf1b64ad51,514828.760215759,3260.78828768602
2740,9,2,043,92043,,,GIS_EDITOR,7/31/2020 10:13:30 PM,52e53252-9712-40a6-a0b7-70daa9c799e3,12474658.0398865,20246.1617729872
2741,1,7,039,17039,,,GIS_EDITOR,8/1/2020 1:32:39 AM,ac162f80-5b2d-48b0-a2fc-63a2ffc10059,335874.851356506,2886.01199694071
2742,9,1,063,91063,,,GIS_EDITOR,7/6/2020 10:16:22 PM,29f6061e-d2b0-4ed6-aea5-c8ce95f68dbc,1032082.61470795,4673.38419889707
2743,9,1,020,91020,,,GIS_EDITOR,7/6/2020 10:16:22 PM,a6bf259e-8c28-49f8-86d6-2a10d981eb50,664507.929481506,4916.86720310909
2744,1,4,001,14001,,,GIS_EDITOR,9/4/2020 1:57:26 AM,aa324bd3-19da-4dc4-81aa-9636192c098f,865462.64806366,4348.62522430317
2745,4,5,016,45016,,,GIS_EDITOR,1/8/2021 1:06:38 AM,e32a91bb-9e80-4c43-a077-ec57b4db3fa2,708479.689163208,3727.58610237976
2746,9,4,048,94048,,,GIS_EDITOR,7/6/2020 10:16:22 PM,bd3bb458-140c-4438-bd79-559de5def5e2,3204569.35606384,10955.875756209
2747,1,4,002,14002,,,GIS_EDITOR,8/5/2020 11:08:00 PM,f7b73024-65ce-4a57-9406-46554f74e75c,858605.170539856,3682.48425421801
2748,2,3,021,23021,,,GIS_EDITOR,10/9/2020 9:19:29 PM,da21dcdd-cb96-406d-b618-6ce6191fec8f,929470.863990784,3819.39139373821
2749,4,5,104,45104,,,SDE,1/14/2021 2:53:39 AM,73f41fbe-2360-4ca7-a7f4-b22eebf4cfe8,1093247.41273499,5474.12708475688
2750,2,2,010,22010,,,GIS_EDITOR,10/28/2020 7:16:46 PM,677fd1a3-43a7-4795-9263-55a911e3d5f7,723281.012733459,3710.92741376075
2751,2,8,009,28009,,,SDE,8/25/2020 10:48:51 PM,193b3cc4-f1af-4f5b-a78f-5dc1051c90cc,637150.45110321,3417.50243101625
2752,6,6,025,66025,,,GIS_EDITOR,3/16/2021 10:02:44 PM,ff275f8d-a287-4c22-b21b-b2aa214362a4,2700975.89762878,8491.42585979683
2753,9,1,054,91054,,,GIS_EDITOR,7/6/2020 10:16:22 PM,b764cf6a-a539-4a86-bf6c-86999ca16877,1377837.33047485,4781.66151319169
2754,5,9,001,59001,,,GIS_EDITOR,10/9/2020 8:01:41 PM,c58788b0-4e09-4e6b-bcfb-7668029f047e,2929732.60952759,23686.1597410248
2755,5,1,009,51009,,,GIS_EDITOR,10/9/2020 2:53:55 AM,292ca2ba-033b-4ec6-8011-ef4e64b999a5,711149.082077026,6589.8208800512
2756,4,1,026,41026,GIS_EDITOR,3/12/2020 12:44:12 AM,GIS_EDITOR,6/29/2020 5:46:43 PM,3fe37a8b-677c-46ae-8cf0-5272a573ecb5,9658699.91355133,24581.1769994943
2757,5,5,014,55014,,,GIS_EDITOR,7/7/2020 12:32:17 AM,6c4c15e6-73d4-4364-b777-ec05eecc202d,824053.507659912,4051.37540710913
2758,7,5,012,75012,,,GIS_EDITOR,12/8/2020 1:50:02 AM,0d7bf3d2-b559-4f9a-b475-16f6b5917d9f,997953.665802002,4294.97985625439
2759,9,1,145,91145,,,GIS_EDITOR,9/18/2020 6:10:35 PM,ef122fc2-0e50-4c06-8564-696f3a194495,752508.669387817,4232.54375131423
2760,3,1,016,31016,,,GIS_EDITOR,9/18/2020 6:41:25 PM,35028228-5feb-411f-89b3-8c19c004cbcf,799551.050945282,3690.9848818968
2761,5,5,015,55015,,,GIS_EDITOR,7/7/2020 12:32:17 AM,c922a55e-5aac-47d7-8aef-7df1ebdd9fd9,793389.108612061,4032.00663743458
2762,5,5,007,55007,,,GIS_EDITOR,7/7/2020 12:32:17 AM,c19195d1-5487-4fa2-970f-302a3177555e,207593346.585434,79925.8505576379
2763,9,4,003,94003,,,GIS_EDITOR,7/10/2020 9:46:27 PM,fca65bf7-078a-43da-9e61-60e60d3278f6,58136101.4439392,54151.7472768949
2764,9,4,004,94004,,,GIS_EDITOR,7/10/2020 9:46:27 PM,385ba9a9-1749-4483-99ae-88631a40a929,73539825.233902,44151.8908607915
2765,8,4,016,84016,,,GIS_EDITOR,3/18/2021 6:15:56 PM,a1be2958-9319-4ec2-8f16-62944b899792,1071003.94508362,4529.69819550463
2766,7,3,017,73017,,,GIS_EDITOR,3/10/2021 8:53:50 PM,7c61f4bf-e6a5-4bb2-a22c-c7fe90a8e9ca,927461.923370361,4623.28079074091
2767,9,2,004,92004,GIS_EDITOR,7/10/2020 9:35:15 PM,GIS_EDITOR,7/10/2020 10:47:06 PM,a1d2ac65-6540-4135-87d1-2d827b0a9f00,166893350.286659,96370.6130982713
2768,9,2,002,92002,,,GIS_EDITOR,7/10/2020 9:46:27 PM,40e75be1-f5d5-4217-b54d-d6aea57a6ef9,49685917.6953278,31842.0791215888
2769,4,2,086,42086,,,GIS_EDITOR,7/29/2020 12:22:41 AM,9f608c35-4893-4e8c-b179-6766496e93ae,1122597.84735107,5384.1131731713
2770,5,9,004,59004,,,GIS_EDITOR,8/4/2020 8:27:55 PM,a852ecc4-1006-440f-bfd9-33c65d6387d6,1805973.53674316,11400.0483150405
2771,9,7,024,97024,,,GIS_EDITOR,1/15/2021 8:36:57 PM,3f423226-8972-4e01-989c-1234db1029e5,11998675.0896378,20567.3913339857
2772,4,5,021,45021,,,GIS_EDITOR,10/29/2020 6:19:52 PM,a3ae86e4-f598-48b1-9b71-6726817b59f0,1827441.1214447,5847.99838672922
2773,5,3,005,53005,,,GIS_EDITOR,8/5/2020 7:59:29 PM,c2e23c33-2c31-4855-8ce3-564f57abdfbe,4250345.18247986,10395.4663234613
2774,1,3,039,13039,rpa,8/17/2015 1:51:24 PM,GIS_EDITOR,8/19/2020 9:10:01 PM,99fe1319-838a-46b0-911c-52b2df5aad6c,1568912.2545166,6687.75024207163
2775,1,3,001,13001,,,GIS_EDITOR,8/19/2020 9:10:01 PM,cd1278dd-4b9b-4815-95cf-54faa27e165b,1021479.07352448,4371.55592726043
2776,1,3,008,13008,,,GIS_EDITOR,8/19/2020 9:10:01 PM,04a8b149-8cc3-445b-a7ca-30a050ae5284,396906.393562317,2997.84762405605
2777,9,1,102,91102,,,GIS_EDITOR,2/4/2021 7:54:06 PM,e9ae05c5-be41-4cb7-9f7c-f6d8047f2dc7,371768.607139587,16017.4973888477
2778,3,1,012,31012,,,GIS_EDITOR,8/26/2020 1:32:45 AM,43188070-a7d2-4848-8c6d-f3a6f5352a3b,641991.503143311,3271.87454614884
2779,9,1,148,91148,,,GIS_EDITOR,8/26/2020 8:18:27 PM,183b5169-348b-4536-a96a-2f314c635af6,4183498.56760406,9828.72931992204
2780,9,1,010,91010,,,GIS_EDITOR,2/4/2021 7:54:06 PM,0c52c201-9c25-462e-9f28-acbae626af94,760275.606948853,30813.805869026
2781,9,1,107,91107,,,GIS_EDITOR,2/4/2021 7:54:06 PM,5f5165c5-6369-4199-9917-d1c251a76a1b,754192.943450928,9077.75390742256
2782,3,3,040,33040,,,GIS_EDITOR,5/27/2020 9:37:37 PM,59b2829b-1c0c-402c-8de3-3a281ffe04a2,712079.110671997,3655.35979677809
2783,4,5,014,45014,,,SDE,5/28/2020 9:32:53 PM,8710623c-1ac0-49bf-84de-78387d303af9,855539.597732544,3884.68360289395
2784,2,1,058,21058,,,GIS_EDITOR,6/9/2020 12:43:32 AM,cb3e9795-173b-473d-998a-0dcf7308b417,2678973.5670166,7514.62322831893
2785,1,5,021,15021,,,GIS_EDITOR,6/16/2020 1:06:52 AM,33adc2d8-2900-48dc-baba-33f7cca99ebf,565677.843513489,3495.07927926974
2786,1,9,007,19007,,,GIS_EDITOR,6/20/2020 1:31:33 AM,87ecaadf-2948-47d4-acd0-b90109357d6c,42169461.6286469,33951.1740390213
2787,1,1,076,11076,,,GIS_EDITOR,1/19/2021 7:45:57 PM,ea40076f-7677-4ed7-afe7-ce87eeb3c1ae,784378.101867676,10202.9229804128
2788,4,7,054,47054,,,GIS_EDITOR,10/29/2020 1:46:36 AM,d8c23c84-a3da-45bf-a6eb-a30d0bf976f3,999269.98866272,9552.91266081267
2789,4,7,052,47052,,,GIS_EDITOR,10/29/2020 1:46:36 AM,92ecc0f6-9808-4652-bdc5-8ba4983b0275,1369392.56515503,13958.608139599
2790,4,7,071,47071,rpa,6/30/2016 7:56:01 AM,GIS_EDITOR,10/21/2020 2:04:42 AM,286b2493-7876-4187-b238-bc9a15c118dc,10610239.1607971,15866.5873808043
2791,4,7,004,47004,,,GIS_EDITOR,10/29/2020 1:55:50 AM,1082d76a-1807-4dd9-9a0f-18d25e5cb654,10866094.7592773,26537.6879967332
2792,4,7,051,47051,GIS_EDITOR,10/28/2020 11:42:50 PM,GIS_EDITOR,10/29/2020 1:46:36 AM,b455662c-f6b3-4346-a46e-be3e2b7e2ad1,20991847.0575256,39934.0093364622
2793,9,1,041,91041,,,GIS_EDITOR,2/4/2021 7:49:27 PM,e9586a32-b069-471b-9f4a-1c1c44eebcf6,1040646.92446136,4397.75918278497
2794,9,1,130,91130,,,GIS_EDITOR,2/4/2021 7:49:27 PM,e15ce057-c987-4ac4-bd44-91526a2324f0,981427.741912842,4161.39128025844
2795,3,1,018,31018,,,GIS_EDITOR,10/31/2020 1:31:41 AM,07ee1215-5750-42c1-9399-36b9589472d9,735597.16009903,3578.25390126725
2796,9,1,042,91042,,,GIS_EDITOR,2/4/2021 7:49:27 PM,677b53e5-116f-4768-af94-9d03877e7c93,949112.371543884,4183.2497482079
2797,3,5,016,35016,,,SDE,1/13/2021 7:21:05 PM,c8544b80-af82-4665-bd76-584193050b30,1438255.32448578,5096.84843282669
2798,1,3,027,13027,,,GIS_EDITOR,12/18/2020 7:13:28 PM,83360260-56ea-4b9f-a3e5-dc066377777c,683729.581542969,3896.95606143017
2799,9,1,086,91086,,,GIS_EDITOR,2/4/2021 7:54:06 PM,9c771b7b-ec9c-426f-89a5-47c9c9a16b45,792447.1849823,3823.82416528758
2800,9,5,008,95008,,,GIS_EDITOR,3/19/2021 7:37:58 PM,c19dc618-9f40-4b35-8bf2-1d8db3b0d70a,689331.283309937,4722.68963867328
2801,3,2,051,32051,,,GIS_EDITOR,4/14/2021 1:15:20 AM,e3c6f21f-227e-4d0c-ae2e-4cd2c14ce60f,422241.548625946,2603.16645629055
2802,1,8,018,18018,,,GIS_EDITOR,2/9/2021 12:51:14 AM,ba8903aa-258e-4725-a1e8-cd6792d98a9f,564753.442672729,3426.64973149546
2803,5,1,005,51005,,,GIS_EDITOR,3/2/2021 2:13:24 AM,838d52e8-0eed-4b51-97eb-17a3781eee88,40417.554397583,3388.17708130329
2804,5,1,005,51005,GIS_EDITOR,2/18/2021 6:23:40 PM,GIS_EDITOR,3/19/2021 2:04:10 AM,bdcb8573-6bd0-41c6-b4cf-b2094544b3fd,1484783.35978699,5469.66875872076
2805,4,3,061,43061,,,GIS_EDITOR,11/13/2020 7:02:32 PM,bad8e2e8-31b8-4f29-b58d-de3aa7cb32d7,562843.268035889,3712.44945825142
2806,3,3,005,33005,,,GIS_EDITOR,11/13/2020 7:35:36 PM,038d06ef-691f-4826-bc45-dc27c0f68eb8,1134214.45716858,4451.53564582093
2807,3,1,017,31017,,,GIS_EDITOR,11/13/2020 8:07:48 PM,68362706-eef9-4e49-b0c4-9aaa6bf2a9cf,527605.602062225,3078.85194842472
2808,2,2,008,22008,,,GIS_EDITOR,11/13/2020 8:54:57 PM,639f0e49-2c03-445e-870d-0041e08adc2a,746214.790596008,3521.81855587967
2809,3,2,052,32052,,,GIS_EDITOR,11/13/2020 11:06:01 PM,1880178d-98ad-4c43-960e-9df66bbf022e,678450.658973694,3388.46249930332
2810,9,5,001,95001,rpa,11/16/2018 3:06:51 PM,GIS_EDITOR,11/13/2020 11:44:35 PM,a7c2ac69-178a-46bd-8fc3-e2a6f546f5da,8445141.45426941,22106.7432880563
2811,8,4,014,84014,,,GIS_EDITOR,11/14/2020 1:19:41 AM,4050992f-fe2d-4634-a7a0-a326d72198ba,1158800.50502014,4619.26289472071
2812,1,3,002,13002,,,GIS_EDITOR,8/19/2020 9:10:01 PM,95eac345-f74a-4f58-98d1-1d3b658b5125,708020.171440125,4236.69095532352
2813,2,9,046,29046,,,GIS_EDITOR,9/10/2020 11:32:25 PM,d886bcec-a742-4794-a0f4-e0f1682856a0,804240.000160217,5068.09465147257
2814,2,9,047,29047,,,GIS_EDITOR,10/7/2020 11:53:58 PM,2faef2fb-f553-4b49-a0f5-3bf2a45eaca1,824091.266563416,5039.86354981478
2815,8,4,009,84009,,,GIS_EDITOR,7/15/2020 12:10:01 AM,41ff6bc6-c3e7-431d-8e0a-9c086ce0e851,891707.386703491,3941.14806729752
2816,4,3,059,43059,,,GIS_EDITOR,5/29/2020 11:39:20 PM,4f4a93b9-0be7-423a-bdfe-fd4cfab23303,632656.808029175,3690.28588442013
2817,1,1,037,11037,,,GIS_EDITOR,11/21/2020 1:38:57 AM,31557a2f-1ef0-4260-94c4-187dcc2d51bf,1188065.74946594,5224.82849300021
2818,8,7,009,87009,,,GIS_EDITOR,12/1/2020 5:21:11 PM,a555171c-d2b0-4520-a089-a06860902c80,34364541.3831787,31876.5612826195
2819,9,8,038,98038,,,GIS_EDITOR,12/1/2020 6:20:58 PM,7908b42a-1285-419e-b82b-23d3f49c8d95,317994.696990967,3706.68077218133
2820,9,4,166,94166,,,GIS_EDITOR,12/1/2020 5:47:48 PM,90a8b542-5527-4c26-929b-0d1e386b7eae,979458.162841797,4455.41270243734
2821,9,1,055,91055,,,GIS_EDITOR,7/6/2020 10:16:22 PM,733ca9f2-ff6c-4b8f-aab6-de1021bdf55c,704280.452629089,4385.24589021614
2822,9,8,002,98002,,,GIS_EDITOR,3/17/2021 6:44:48 PM,a10892da-0544-4667-90dc-3ef53dbea70e,375298.718780518,15367.6751091878
2823,9,1,122,91122,rpa,3/7/2014 3:08:05 PM,GIS_EDITOR,7/6/2020 10:16:22 PM,34ab2268-661a-4a88-8505-ea5c5211ec3b,1868195.16443634,5806.14315752697
2824,9,7,025,97025,,,GIS_EDITOR,3/17/2021 6:44:48 PM,326a35e5-e949-47b0-a4a3-0f4657118b6c,45504398.4859924,63283.5883581032
2825,9,8,073,98073,,,GIS_EDITOR,3/17/2021 6:44:48 PM,ab608efc-bc9f-45fe-bc7c-e7fccfae618a,45858742.5927048,85099.108885122
2826,9,8,060,98060,,,GIS_EDITOR,3/17/2021 6:44:48 PM,493950dc-5019-4483-91e4-a8948120f5f4,8394064.92433929,24508.318806179
2827,2,6,022,26022,,,GIS_EDITOR,4/19/2021 7:30:32 PM,25c0e07c-8a22-429f-a933-170fd45b2bda,909163.815078735,3864.68088415865
2828,3,2,038,32038,,,GIS_EDITOR,11/24/2020 10:08:00 PM,a06eac99-0875-4a8a-88a3-fde4498913c5,661473.435035706,3353.21523156349
2829,3,2,057,32057,,,GIS_EDITOR,11/24/2020 10:41:15 PM,1694a52b-377e-49f3-b255-7ed1b234df40,682014.15568161,3401.41587023313
2830,9,8,052,98052,,,GIS_EDITOR,3/17/2021 6:48:41 PM,48b7814b-1748-4fb9-bd71-ddaa93b12fee,98203.7402648926,6857.87822957757
2831,4,3,010,43010,,,GIS_EDITOR,1/29/2021 7:14:29 PM,b6b3d6c7-ffa5-4c67-b5ff-1d6a4f72bff2,1104575.5216217,4499.25107550995
2832,7,6,001,76001,,,GIS_EDITOR,2/18/2021 7:21:26 PM,757a0e85-022c-4eec-9f96-18f0aec68cbf,223574482.693771,101906.904099009
2833,9,8,002,98002,GIS_EDITOR,3/17/2021 6:44:25 PM,GIS_EDITOR,3/17/2021 6:48:41 PM,0e32b2de-d8be-47a2-8080-12c05c959cce,8614793.07943726,35296.6587607383
2834,4,9,006,49006,,,GIS_EDITOR,2/18/2021 7:21:26 PM,16761e2d-3312-4cd5-80df-2da51e0e9b8f,31489256.8923035,42718.9790618557
2835,9,1,010,91010,GIS_EDITOR,2/4/2021 7:49:02 PM,GIS_EDITOR,2/4/2021 7:57:44 PM,b0502278-a0a5-44db-847e-ced8cd1e8ea1,90484130.4769135,67291.7400847836
2836,9,9,031,99031,,,GIS_EDITOR,12/1/2020 6:53:17 PM,067375da-c641-40c6-8a6e-352e04127a00,602555.744392395,3568.32593252788
2837,9,8,052,98052,GIS_EDITOR,3/17/2021 6:48:20 PM,GIS_EDITOR,3/17/2021 6:50:29 PM,62b09b2c-9dfb-4dce-a0d6-cc647b6c2fb8,1466520.48822021,4937.39663172872
2838,4,1,002,41002,,,GIS_EDITOR,12/1/2020 7:38:32 PM,ccabed34-1e4c-4676-8446-f6ca1bcd44ab,361146.492790222,3075.92060091139
2839,4,1,017,41017,,,GIS_EDITOR,11/27/2020 9:50:24 PM,bdbef237-966e-4d73-825a-e2595c58746a,1367157.47579956,6923.01230689152
2840,4,1,014,41014,,,GIS_EDITOR,11/27/2020 9:51:24 PM,8f7af31f-13fd-4ca8-ba44-5e39d11f66c1,20722812.5772247,51673.2238369726
2841,1,8,033,18033,,,GIS_EDITOR,11/26/2020 2:24:34 AM,6ab66054-aba7-46d2-b05c-b7c7fe806619,573570.203903198,3617.24802189046
2842,1,6,016,16016,,,GIS_EDITOR,11/25/2020 10:48:49 PM,1bf15d68-a6da-4454-8862-42cd4bdfa45a,765730.264389038,6764.27136874032
2843,9,1,177,91177,rpa,10/29/2018 1:42:23 PM,GIS_EDITOR,2/4/2021 7:59:37 PM,86e521d4-1cb3-4cb2-b614-a0c632757528,520759.003890991,3236.59607043616
2844,9,1,095,91095,,,GIS_EDITOR,2/4/2021 8:04:20 PM,69ee6747-8f04-49c7-b03a-831f9266cff6,2983153.18482208,10674.2374705602
2845,9,1,045,91045,,,GIS_EDITOR,2/4/2021 8:04:20 PM,2ad7ed06-76e2-4526-81a9-2b393f707895,676069.644165039,10925.0054105896
2846,9,1,050,91050,,,GIS_EDITOR,2/4/2021 8:04:20 PM,feb545f3-52e8-4e1e-97e0-4f7e3b83660a,1231330.8452301,5153.44888267647
2847,9,1,043,91043,,,GIS_EDITOR,2/4/2021 8:04:20 PM,6b4615eb-10f2-4641-9c5e-4a035ddbbaa6,1750935.83571625,15838.846702041
2848,9,1,094,91094,,,GIS_EDITOR,2/4/2021 8:04:20 PM,74730c47-00f4-4320-bd01-1757b01e14ec,594020.360237122,3840.08802395387
2849,2,6,018,26018,,,GIS_EDITOR,11/30/2020 5:53:32 PM,d4188ab0-81f1-4dc7-9da8-da144e00e527,436545.052574158,2766.64853101542
2850,3,3,025,33025,,,GIS_EDITOR,11/30/2020 7:12:17 PM,5b06540f-4a87-4330-b634-8a7a43d351c1,897441.132087708,4088.04903114895
2851,9,1,126,91126,,,GIS_EDITOR,2/4/2021 8:04:21 PM,df3115b0-e50b-4508-b53f-0b33f6e05995,4589078.16223145,15052.0513103276
2852,9,1,016,91016,,,GIS_EDITOR,2/4/2021 8:04:20 PM,22d430b8-0d8b-47f9-b12b-3d27fab4876f,54701300.402977,107987.731172821
2853,5,7,001,57001,rpa,8/25/2016 3:08:41 PM,GIS_EDITOR,10/30/2020 8:14:36 PM,7ba5a03d-5cd1-441a-a103-c7de0234cebd,36897667.6541138,40626.8514722494
2854,6,6,017,66017,,,GIS_EDITOR,2/26/2021 10:19:23 PM,907b5f3c-4e89-4efe-aa0d-6dd616b9ac4c,752831.080215454,4990.8376031315
2855,9,1,163,91163,rpa,11/6/2017 8:22:17 AM,GIS_EDITOR,2/4/2021 8:04:21 PM,5a7ea08e-ec92-4e82-a282-8dcb612e1b79,1613394.04925537,6339.26767686146
2856,9,1,069,91069,,,GIS_EDITOR,2/4/2021 8:04:20 PM,e5018d5b-db71-4acf-ad79-051763f3b0c0,12863149.3768311,39970.6959372077
2857,9,1,090,91090,,,GIS_EDITOR,2/4/2021 8:04:20 PM,10241b54-477d-4e16-bd8f-b270a1ec88b3,1058446.00533295,4201.47315888302
2858,5,3,011,53011,,,GIS_EDITOR,2/18/2021 7:23:50 PM,40f15992-2cdc-4ac9-9a6c-a8baf786357b,192777489.327927,81486.762479309
2859,4,9,001,49001,,,GIS_EDITOR,11/30/2020 9:28:51 PM,6211dc3b-b92e-41a0-a4ed-54d06e1d2b22,7955552.5745697,13572.3399462004
2860,3,5,047,35047,,,GIS_EDITOR,11/30/2020 7:47:30 PM,03f93362-2c05-42eb-8a1f-bcfa70583344,339503.516815186,3646.64236651038
2861,9,1,097,91097,,,GIS_EDITOR,2/4/2021 8:04:20 PM,9c5000de-aff0-4b37-905a-654efe36be7f,1077959.19197083,5919.04022358468
2862,5,9,005,59005,,,GIS_EDITOR,12/1/2020 1:45:31 AM,413b8286-ea28-4798-9946-1bce76244ed8,43266439.4305725,61318.4444152862
2863,7,5,023,75023,,,GIS_EDITOR,12/1/2020 2:23:01 AM,613a8907-79ad-4b6c-8af4-6a7c3c2c4d35,772102.370742798,3966.63091866382
2864,9,9,006,99006,,,GIS_EDITOR,4/22/2021 6:32:37 PM,b2055b62-c954-4b06-883e-ac447894af5a,1808021.68669128,7699.48489006746
2865,2,1,017,21017,,,GIS_EDITOR,2/27/2021 2:32:58 AM,f509846e-a0a8-4d12-9938-03db5f3e74a9,463577.705909729,3205.27238235751
2866,1,5,012,15012,,,GIS_EDITOR,9/18/2020 7:19:49 PM,cbfc30f3-e375-40ed-824a-801079c9c843,2360191.13915253,7818.81217599752
2867,1,5,015,15015,,,GIS_EDITOR,9/23/2020 6:34:16 PM,037e6177-466d-40c6-aa0d-071e42cad5eb,1256793.67491913,6697.53297301503
2868,5,9,026,59026,,,GIS_EDITOR,9/23/2020 1:42:42 AM,d1cd2a0b-95f9-4dee-8ca3-16ab16931691,2664837.15319824,7253.66803196769
2869,5,5,016,55016,,,SDE,12/9/2020 7:29:06 PM,0e506eaf-39b6-45a2-bd4f-3eca4a46f9f1,785903.279388428,5166.19804683909
2870,3,2,043,32043,,,GIS_EDITOR,4/26/2021 5:19:02 PM,2a099830-3ee0-44fc-b666-79b31c4b5b67,678890.72133255,3389.17553599649
2871,9,1,108,91108,,,GIS_EDITOR,2/4/2021 7:43:24 PM,f097907f-b39e-4c9a-aaad-0ad7d48f2bca,542050.547103882,9150.82566434991
2872,1,2,013,12013,,,GIS_EDITOR,4/26/2021 6:03:42 PM,342fe736-cdab-45a2-9214-e6f7143d45c1,2001033.40028381,6846.01052199557
2873,1,7,012,17012,,,GIS_EDITOR,4/26/2021 7:16:36 PM,3f1976fe-4bac-4425-a236-d6886c92b27f,587224.262695313,3125.42234751696
2874,2,6,020,26020,,,GIS_EDITOR,4/26/2021 8:09:28 PM,91533869-379d-435e-8f9d-befc80cb9fe1,429671.983482361,2623.71945776995
2875,5,2,002,52002,,,GIS_EDITOR,2/18/2021 7:23:51 PM,80da5083-4ded-4e6f-b5be-084681ef69b2,227567.777038574,19079.1874637851
2876,8,4,011,84011,,,GIS_EDITOR,5/14/2021 11:25:39 PM,ce8ef171-78f2-427e-9ecf-06471ac9c93a,562681.679122925,2953.26993889635
2877,4,8,014,48014,,,GIS_EDITOR,2/18/2021 7:21:26 PM,cfcfe023-7340-4861-b82d-f8107b0574ce,77165887.2661743,49492.5638693741
2878,4,5,030,45030,GIS_EDITOR,4/26/2021 8:12:47 PM,GIS_EDITOR,5/18/2021 12:28:25 AM,79c0f98c-b325-4670-a540-c52f24c1fbe8,6829831.45895386,22079.787724802
2879,9,1,017,91017,rpa,11/6/2017 8:02:56 AM,GIS_EDITOR,5/13/2021 12:17:04 AM,c8423a3b-611e-49ca-a78e-5f85429d2f8f,64977328.3933868,119886.403599757
2880,9,1,183,91183,GIS_EDITOR,5/13/2021 12:15:08 AM,GIS_EDITOR,5/17/2021 11:15:21 PM,63907b37-e28c-4bc0-b7dc-28e8dec6dba7,245549.738105774,2025.04641660074
2881,9,7,073,97073,,,GIS_EDITOR,4/28/2021 7:25:18 PM,d6e66dfd-2293-4e97-9938-985028d603cf,1140460.72531128,4851.30117706216
2882,9,1,044,91044,,,GIS_EDITOR,4/28/2021 6:52:26 PM,b1dc7a01-2c0c-42cd-b47b-b3d676876d41,479914.423286438,5982.06749707686
2883,9,1,008,91008,,,GIS_EDITOR,4/28/2021 6:22:38 PM,63f200c1-76e3-4107-97ce-9508a8eef663,963014.251777649,4186.18674661482
2884,5,1,007,51007,,,GIS_EDITOR,2/18/2021 7:20:11 PM,b57ff5d9-8fce-4b60-b642-e0e1eea01ec7,2410069.80535889,29828.7647079013
2885,9,5,004,95004,,,GIS_EDITOR,2/18/2021 7:21:26 PM,16b20fd0-71da-45ab-93f1-0d41d401fabc,243137020.089081,88130.0224827654
2886,4,5,071,45071,,,GIS_EDITOR,12/19/2020 12:38:36 AM,9e5a1a01-2f3e-4390-ae6d-685cd3a65825,1396606.82983398,4923.63673267273
2887,2,2,013,22013,,,GIS_EDITOR,4/22/2021 7:13:07 PM,7a9c6a86-9a48-486c-be88-97b13d005a8b,876054.551803589,4695.87426091737
2888,9,1,181,91181,GIS_EDITOR,7/6/2020 10:13:39 PM,GIS_EDITOR,4/28/2021 6:23:25 PM,15ec5f1a-67e8-40a6-9abc-526b224e5f16,15142995.2248993,69956.3250724799
2889,8,5,029,85029,,,GIS_EDITOR,3/3/2021 1:00:38 AM,e7bf216e-72bc-429e-b790-7f29b372b8f8,1195483.76573181,7641.07254456499
2890,8,5,030,85030,GIS_EDITOR,3/3/2021 12:43:13 AM,GIS_EDITOR,3/3/2021 12:57:26 AM,ce2f299f-9b14-4a63-bffa-dc5de443d71f,1294325.18589783,7585.08149649679
2891,8,5,031,85031,GIS_EDITOR,3/3/2021 12:46:41 AM,GIS_EDITOR,3/3/2021 12:52:55 AM,5d4d6528-6595-4b93-9767-69645ed59e9d,937064.523376465,10299.6050329772
2892,1,3,003,13003,,,GIS_EDITOR,4/30/2021 5:55:02 PM,d92adc53-b6a9-452c-8d08-669b0d39a138,343472.677764893,2901.78571982314
2893,4,2,083,42083,,,GIS_EDITOR,5/20/2021 8:57:01 PM,005cab2d-85d6-4cfc-a507-08969bb1145a,1017755.81988525,5277.93702961845
2894,1,8,005,18005,,,GIS_EDITOR,4/30/2021 7:54:46 PM,69b998c9-6831-40aa-abec-1a6f6ff47287,712959.638175964,3978.79647612295
2895,5,2,001,52001,GIS_EDITOR,2/18/2021 7:16:54 PM,GIS_EDITOR,2/18/2021 7:23:50 PM,49ce7a1e-8a80-4a02-ab31-eb793df2bedf,174609244.517288,89598.5824991443
2896,2,9,072,29072,,,GIS_EDITOR,4/30/2021 10:15:08 PM,33b33de0-b313-41e4-9dd4-3c5024f87c9d,1063064.66422272,4347.16461497392
2897,3,1,040,31040,,,GIS_EDITOR,5/25/2021 5:23:21 PM,cc814211-5538-442b-8dcc-424eaaf9a0dc,695596.585350037,3983.50537402014
2898,3,3,016,33016,,,GIS_EDITOR,4/30/2021 10:51:27 PM,767054bd-fee8-42f7-b0dc-7b9b962b1d0c,1017837.8839798,4320.83693491023
2899,4,5,047,45047,,,GIS_EDITOR,12/21/2020 11:44:45 PM,9571ffcd-e5e7-4056-8d97-f9f0a483584c,1361629.67877197,5435.16121900231
2900,3,3,010,33010,,,GIS_EDITOR,5/27/2021 8:34:42 PM,4d89efc9-e678-4429-b3d7-945e8a8f0caa,992669.264778137,4190.61519783943
2901,4,3,020,43020,,,GIS_EDITOR,11/30/2020 8:27:55 PM,5238a794-7585-4000-b3cd-d2a426e8db56,965469.89881897,4332.70333382526
2902,5,5,002,55002,,,GIS_EDITOR,5/1/2021 12:18:48 AM,45f587a5-4819-4e5a-8519-f2868ad09d5e,1640498.90194702,11694.5461745211
2903,9,1,180,91180,GIS_EDITOR,10/8/2020 10:51:15 PM,SDE,11/11/2020 1:30:02 AM,34f0c982-808a-4778-8cd2-cd5759839aca,527373.446937561,3023.59111288047
2904,3,2,016,32016,,,GIS_EDITOR,5/27/2021 9:09:49 PM,5a10942d-2452-4738-88d9-78444339833d,638950.133880615,3263.36317634535
2905,9,1,064,91064,,,GIS_EDITOR,7/6/2020 10:16:22 PM,6c6ba761-6cbd-41d7-94ab-ebc89ea6ef49,883663.327949524,4130.00700874185
2906,3,2,023,32023,,,GIS_EDITOR,5/27/2021 9:56:24 PM,8ad5a902-d47d-4979-b514-08ad0e33b548,579127.044620514,3166.87969170304
2907,9,1,062,91062,,,GIS_EDITOR,7/6/2020 10:16:22 PM,26685f95-16dd-4533-9642-687c6f7a922f,1436385.45227814,5371.2876111624
2908,9,2,001,92001,,,GIS_EDITOR,5/29/2021 1:48:30 AM,405ac8fc-18b8-412a-a409-987242cf91b9,100752744.479866,57554.5025648737
2909,5,5,010,55010,,,GIS_EDITOR,5/1/2021 1:24:02 AM,75d90637-4298-4362-a5c8-c3ff33af5dbb,528321.298980713,4574.64516995771
2910,5,1,008,51008,,,GIS_EDITOR,2/18/2021 7:19:08 PM,f2f71e1c-7fb5-46a6-8dfa-f19d1397bbb3,2401223.47068787,13429.4534679908
2911,5,8,004,58004,,,GIS_EDITOR,5/1/2021 2:13:43 AM,dddf0869-450a-4cb0-a0e8-32c75157db11,1406158.52310181,4898.20518404444
2912,5,8,006,58006,,,GIS_EDITOR,5/3/2021 9:30:00 PM,efaf722b-1ad4-4261-9248-97d7f3862f57,711594.584350586,5341.65440700217
2913,1,8,004,18004,,,GIS_EDITOR,4/30/2021 8:00:46 PM,5af440b8-47ef-4b52-9bac-38c71e7bfe0d,732717.177871704,4802.40345320255
2914,6,7,008,67008,,,GIS_EDITOR,5/3/2021 10:42:42 PM,d5ac35e9-8c85-460a-bb43-cb3ba5f64125,693891.079620361,3673.95120684698
2915,2,7,036,27036,,,GIS_EDITOR,4/30/2021 8:59:54 PM,1d1d599b-b5ba-4f33-9cf6-be7e6cba39c4,10471081.6298714,18716.263623221
2916,3,1,027,31027,,,GIS_EDITOR,4/26/2021 8:45:06 PM,2eeac1a1-def9-4dc7-ba9b-1353a69fe65c,723854.92350769,4296.17726751064
2917,6,7,012,67012,,,GIS_EDITOR,5/4/2021 12:13:03 AM,18de99c3-fc65-477c-83cf-7f706cef8699,587146.686203003,5191.53822606557
2918,5,3,003,53003,,,GIS_EDITOR,2/18/2021 7:23:50 PM,19d3bf48-ed2b-4eea-bbef-d5a0d2c4723d,24617158.3299103,35897.3700059987
2919,8,4,017,84017,,,GIS_EDITOR,5/4/2021 1:19:23 AM,d46acf97-95d9-4109-945a-20bf2658fd3c,841480.381668091,4297.60478211516
2920,8,5,022,85022,,,GIS_EDITOR,5/4/2021 2:27:24 AM,21ea6252-bba0-4605-9f5d-68022babace9,603776.68737793,3071.52058077521
2921,9,9,026,99026,,,GIS_EDITOR,5/4/2021 3:08:54 AM,3414728e-83c4-4c91-8000-48c1bdda05d0,613391.851669312,4103.08798258708
2922,4,5,069,45069,,,GIS_EDITOR,5/4/2021 7:28:32 PM,76889ed5-e619-4ebe-894f-1bc4e2f5420d,464890.432945251,3342.84389664225
2923,2,1,051,21051,,,GIS_EDITOR,5/6/2021 1:34:14 AM,a7e5f115-3427-4510-a984-85d9367a5e4c,695177.288505554,3366.85193890104
2924,8,5,036,85036,,,GIS_EDITOR,3/3/2021 12:50:25 AM,16b09836-b9c1-412d-996d-d9f249741183,431940.761474609,4753.84151828768
2925,8,5,031,85031,,,GIS_EDITOR,3/3/2021 12:47:01 AM,6cced366-1bca-4686-b479-a6773b3a376a,8.00714111328125,256.952500836949
2926,9,7,065,97065,,,GIS_EDITOR,5/10/2021 7:15:19 PM,9405f70d-99bd-41b1-842e-306fe2f140bc,795722.262557983,3871.68675511919
2927,9,7,066,97066,,,GIS_EDITOR,5/10/2021 7:29:45 PM,5b4536d5-6c4a-4f49-a263-19402972e8c3,744509.459518433,6584.16574675134
2928,8,5,007,85007,,,GIS_EDITOR,5/10/2021 8:09:41 PM,569296b0-53bc-4844-ae2c-22f99edd78a2,598897.761703491,3321.33328954829
2929,8,7,007,87007,,,GIS_EDITOR,5/10/2021 8:53:10 PM,280dc44e-da69-492c-80e2-21173d4183d8,2015472.42510223,13353.8471439009
2930,8,5,004,85004,,,GIS_EDITOR,3/3/2021 12:50:25 AM,7d27c916-d358-4a38-8998-078302a597ed,21035246.7364349,43456.9283187503
